measure_id,blind_id,trial_number,trial_id,condition,condition_label,claim_id,component_id,category,preservation_score,distortion_score
M02,M02-B001,4,M02-trial04,independent_ensemble,Independent ensemble,M02-T01,M02-T01-C01,baseline_context,1,0
M02,M02-B001,4,M02-trial04,independent_ensemble,Independent ensemble,M02-T01,M02-T01-C02,baseline_context,1,0
M02,M02-B001,4,M02-trial04,independent_ensemble,Independent ensemble,M02-T01,M02-T01-C03,baseline_context,0,0
M02,M02-B001,4,M02-trial04,independent_ensemble,Independent ensemble,M02-T02,M02-T02-C01,affected_groups,0,0
M02,M02-B001,4,M02-trial04,independent_ensemble,Independent ensemble,M02-T02,M02-T02-C02,affected_groups,0,0
M02,M02-B001,4,M02-trial04,independent_ensemble,Independent ensemble,M02-T03,M02-T03-C01,baseline_context,1,0
M02,M02-B001,4,M02-trial04,independent_ensemble,Independent ensemble,M02-T03,M02-T03-C02,baseline_context,1,0
M02,M02-B001,4,M02-trial04,independent_ensemble,Independent ensemble,M02-T03,M02-T03-C03,baseline_context,0,0
M02,M02-B001,4,M02-trial04,independent_ensemble,Independent ensemble,M02-T03,M02-T03-C04,baseline_context,0,0
M02,M02-B001,4,M02-trial04,independent_ensemble,Independent ensemble,M02-T04,M02-T04-C01,policy_change,1,0
M02,M02-B001,4,M02-trial04,independent_ensemble,Independent ensemble,M02-T04,M02-T04-C02,policy_change,1,0
M02,M02-B001,4,M02-trial04,independent_ensemble,Independent ensemble,M02-T04,M02-T04-C03,policy_change,1,0
M02,M02-B001,4,M02-trial04,independent_ensemble,Independent ensemble,M02-T05,M02-T05-C01,intended_benefit,1,0
M02,M02-B001,4,M02-trial04,independent_ensemble,Independent ensemble,M02-T05,M02-T05-C02,intended_benefit,1,0
M02,M02-B001,4,M02-trial04,independent_ensemble,Independent ensemble,M02-T05,M02-T05-C03,intended_benefit,1,0
M02,M02-B001,4,M02-trial04,independent_ensemble,Independent ensemble,M02-T05,M02-T05-C04,intended_benefit,1,0
M02,M02-B001,4,M02-trial04,independent_ensemble,Independent ensemble,M02-T06,M02-T06-C01,distributional_effect,1,0
M02,M02-B001,4,M02-trial04,independent_ensemble,Independent ensemble,M02-T06,M02-T06-C02,distributional_effect,1,0
M02,M02-B001,4,M02-trial04,independent_ensemble,Independent ensemble,M02-T06,M02-T06-C03,distributional_effect,0,0
M02,M02-B001,4,M02-trial04,independent_ensemble,Independent ensemble,M02-T06,M02-T06-C04,distributional_effect,1,0
M02,M02-B001,4,M02-trial04,independent_ensemble,Independent ensemble,M02-T06,M02-T06-C05,distributional_effect,1,0
M02,M02-B001,4,M02-trial04,independent_ensemble,Independent ensemble,M02-T07,M02-T07-C01,policy_change,0,0
M02,M02-B001,4,M02-trial04,independent_ensemble,Independent ensemble,M02-T07,M02-T07-C02,policy_change,1,0
M02,M02-B001,4,M02-trial04,independent_ensemble,Independent ensemble,M02-T08,M02-T08-C01,accountability,1,0
M02,M02-B001,4,M02-trial04,independent_ensemble,Independent ensemble,M02-T09,M02-T09-C01,baseline_context,1,0
M02,M02-B001,4,M02-trial04,independent_ensemble,Independent ensemble,M02-T09,M02-T09-C02,baseline_context,1,0
M02,M02-B001,4,M02-trial04,independent_ensemble,Independent ensemble,M02-T10,M02-T10-C01,baseline_context,0,0
M02,M02-B001,4,M02-trial04,independent_ensemble,Independent ensemble,M02-T10,M02-T10-C02,baseline_context,0,0
M02,M02-B001,4,M02-trial04,independent_ensemble,Independent ensemble,M02-T10,M02-T10-C03,baseline_context,0,0
M02,M02-B001,4,M02-trial04,independent_ensemble,Independent ensemble,M02-T10,M02-T10-C04,baseline_context,0,0
M02,M02-B001,4,M02-trial04,independent_ensemble,Independent ensemble,M02-T11,M02-T11-C01,fiscal_mechanism,1,0
M02,M02-B001,4,M02-trial04,independent_ensemble,Independent ensemble,M02-T11,M02-T11-C02,fiscal_mechanism,1,0
M02,M02-B001,4,M02-trial04,independent_ensemble,Independent ensemble,M02-T12,M02-T12-C01,funding_allocation,0,0
M02,M02-B001,4,M02-trial04,independent_ensemble,Independent ensemble,M02-T12,M02-T12-C02,funding_allocation,1,0
M02,M02-B001,4,M02-trial04,independent_ensemble,Independent ensemble,M02-T12,M02-T12-C03,funding_allocation,1,0
M02,M02-B001,4,M02-trial04,independent_ensemble,Independent ensemble,M02-T13,M02-T13-C01,funding_allocation,0,0
M02,M02-B001,4,M02-trial04,independent_ensemble,Independent ensemble,M02-T13,M02-T13-C02,funding_allocation,1,0
M02,M02-B001,4,M02-trial04,independent_ensemble,Independent ensemble,M02-T13,M02-T13-C03,funding_allocation,1,0
M02,M02-B001,4,M02-trial04,independent_ensemble,Independent ensemble,M02-T13,M02-T13-C04,funding_allocation,0,0
M02,M02-B001,4,M02-trial04,independent_ensemble,Independent ensemble,M02-T14,M02-T14-C01,affected_groups,1,0
M02,M02-B001,4,M02-trial04,independent_ensemble,Independent ensemble,M02-T14,M02-T14-C02,affected_groups,1,0
M02,M02-B001,4,M02-trial04,independent_ensemble,Independent ensemble,M02-T14,M02-T14-C03,affected_groups,1,0
M02,M02-B001,4,M02-trial04,independent_ensemble,Independent ensemble,M02-T14,M02-T14-C04,affected_groups,1,0
M02,M02-B001,4,M02-trial04,independent_ensemble,Independent ensemble,M02-T15,M02-T15-C01,fiscal_effect,1,0
M02,M02-B001,4,M02-trial04,independent_ensemble,Independent ensemble,M02-T15,M02-T15-C02,fiscal_effect,1,0
M02,M02-B001,4,M02-trial04,independent_ensemble,Independent ensemble,M02-T16,M02-T16-C01,fiscal_cost,1,0
M02,M02-B001,4,M02-trial04,independent_ensemble,Independent ensemble,M02-T16,M02-T16-C02,fiscal_cost,1,0
M02,M02-B001,4,M02-trial04,independent_ensemble,Independent ensemble,M02-T17,M02-T17-C01,fiscal_cost,1,0
M02,M02-B001,4,M02-trial04,independent_ensemble,Independent ensemble,M02-T17,M02-T17-C02,fiscal_cost,1,0
M02,M02-B001,4,M02-trial04,independent_ensemble,Independent ensemble,M02-T17,M02-T17-C03,fiscal_cost,1,0
M02,M02-B001,4,M02-trial04,independent_ensemble,Independent ensemble,M02-T17,M02-T17-C04,fiscal_cost,1,0
M02,M02-B001,4,M02-trial04,independent_ensemble,Independent ensemble,M02-T17,M02-T17-C05,fiscal_cost,1,0
M02,M02-B001,4,M02-trial04,independent_ensemble,Independent ensemble,M02-T18,M02-T18-C01,implementation_cost,1,0
M02,M02-B001,4,M02-trial04,independent_ensemble,Independent ensemble,M02-T19,M02-T19-C01,intended_benefit,1,0
M02,M02-B001,4,M02-trial04,independent_ensemble,Independent ensemble,M02-T19,M02-T19-C02,intended_benefit,1,0
M02,M02-B001,4,M02-trial04,independent_ensemble,Independent ensemble,M02-T20,M02-T20-C01,baseline_context,0,0
M02,M02-B001,4,M02-trial04,independent_ensemble,Independent ensemble,M02-T20,M02-T20-C02,baseline_context,0,0
M02,M02-B001,4,M02-trial04,independent_ensemble,Independent ensemble,M02-T21,M02-T21-C01,baseline_context,0,0
M02,M02-B001,4,M02-trial04,independent_ensemble,Independent ensemble,M02-T21,M02-T21-C02,baseline_context,0,0
M02,M02-B001,4,M02-trial04,independent_ensemble,Independent ensemble,M02-T21,M02-T21-C03,baseline_context,0,0
M02,M02-B001,4,M02-trial04,independent_ensemble,Independent ensemble,M02-T21,M02-T21-C04,baseline_context,0,0
M02,M02-B001,4,M02-trial04,independent_ensemble,Independent ensemble,M02-T22,M02-T22-C01,intended_benefit,1,0
M02,M02-B001,4,M02-trial04,independent_ensemble,Independent ensemble,M02-T22,M02-T22-C02,intended_benefit,1,0
M02,M02-B001,4,M02-trial04,independent_ensemble,Independent ensemble,M02-T22,M02-T22-C03,intended_benefit,1,0
M02,M02-B001,4,M02-trial04,independent_ensemble,Independent ensemble,M02-T22,M02-T22-C04,intended_benefit,1,0
M02,M02-B002,1,M02-trial01,independent_ensemble,Independent ensemble,M02-T01,M02-T01-C01,baseline_context,1,0
M02,M02-B002,1,M02-trial01,independent_ensemble,Independent ensemble,M02-T01,M02-T01-C02,baseline_context,1,0
M02,M02-B002,1,M02-trial01,independent_ensemble,Independent ensemble,M02-T01,M02-T01-C03,baseline_context,0,0
M02,M02-B002,1,M02-trial01,independent_ensemble,Independent ensemble,M02-T02,M02-T02-C01,affected_groups,0,0
M02,M02-B002,1,M02-trial01,independent_ensemble,Independent ensemble,M02-T02,M02-T02-C02,affected_groups,0,0
M02,M02-B002,1,M02-trial01,independent_ensemble,Independent ensemble,M02-T03,M02-T03-C01,baseline_context,0,0
M02,M02-B002,1,M02-trial01,independent_ensemble,Independent ensemble,M02-T03,M02-T03-C02,baseline_context,1,0
M02,M02-B002,1,M02-trial01,independent_ensemble,Independent ensemble,M02-T03,M02-T03-C03,baseline_context,0,0
M02,M02-B002,1,M02-trial01,independent_ensemble,Independent ensemble,M02-T03,M02-T03-C04,baseline_context,0,0
M02,M02-B002,1,M02-trial01,independent_ensemble,Independent ensemble,M02-T04,M02-T04-C01,policy_change,1,0
M02,M02-B002,1,M02-trial01,independent_ensemble,Independent ensemble,M02-T04,M02-T04-C02,policy_change,1,0
M02,M02-B002,1,M02-trial01,independent_ensemble,Independent ensemble,M02-T04,M02-T04-C03,policy_change,0,0
M02,M02-B002,1,M02-trial01,independent_ensemble,Independent ensemble,M02-T05,M02-T05-C01,intended_benefit,1,0
M02,M02-B002,1,M02-trial01,independent_ensemble,Independent ensemble,M02-T05,M02-T05-C02,intended_benefit,1,0
M02,M02-B002,1,M02-trial01,independent_ensemble,Independent ensemble,M02-T05,M02-T05-C03,intended_benefit,1,0
M02,M02-B002,1,M02-trial01,independent_ensemble,Independent ensemble,M02-T05,M02-T05-C04,intended_benefit,1,0
M02,M02-B002,1,M02-trial01,independent_ensemble,Independent ensemble,M02-T06,M02-T06-C01,distributional_effect,1,0
M02,M02-B002,1,M02-trial01,independent_ensemble,Independent ensemble,M02-T06,M02-T06-C02,distributional_effect,1,0
M02,M02-B002,1,M02-trial01,independent_ensemble,Independent ensemble,M02-T06,M02-T06-C03,distributional_effect,0,0
M02,M02-B002,1,M02-trial01,independent_ensemble,Independent ensemble,M02-T06,M02-T06-C04,distributional_effect,1,0
M02,M02-B002,1,M02-trial01,independent_ensemble,Independent ensemble,M02-T06,M02-T06-C05,distributional_effect,1,0
M02,M02-B002,1,M02-trial01,independent_ensemble,Independent ensemble,M02-T07,M02-T07-C01,policy_change,0,0
M02,M02-B002,1,M02-trial01,independent_ensemble,Independent ensemble,M02-T07,M02-T07-C02,policy_change,1,0
M02,M02-B002,1,M02-trial01,independent_ensemble,Independent ensemble,M02-T08,M02-T08-C01,accountability,1,0
M02,M02-B002,1,M02-trial01,independent_ensemble,Independent ensemble,M02-T09,M02-T09-C01,baseline_context,1,0
M02,M02-B002,1,M02-trial01,independent_ensemble,Independent ensemble,M02-T09,M02-T09-C02,baseline_context,1,0
M02,M02-B002,1,M02-trial01,independent_ensemble,Independent ensemble,M02-T10,M02-T10-C01,baseline_context,0,0
M02,M02-B002,1,M02-trial01,independent_ensemble,Independent ensemble,M02-T10,M02-T10-C02,baseline_context,0,0
M02,M02-B002,1,M02-trial01,independent_ensemble,Independent ensemble,M02-T10,M02-T10-C03,baseline_context,0,0
M02,M02-B002,1,M02-trial01,independent_ensemble,Independent ensemble,M02-T10,M02-T10-C04,baseline_context,0,0
M02,M02-B002,1,M02-trial01,independent_ensemble,Independent ensemble,M02-T11,M02-T11-C01,fiscal_mechanism,1,0
M02,M02-B002,1,M02-trial01,independent_ensemble,Independent ensemble,M02-T11,M02-T11-C02,fiscal_mechanism,1,0
M02,M02-B002,1,M02-trial01,independent_ensemble,Independent ensemble,M02-T12,M02-T12-C01,funding_allocation,0,0
M02,M02-B002,1,M02-trial01,independent_ensemble,Independent ensemble,M02-T12,M02-T12-C02,funding_allocation,1,0
M02,M02-B002,1,M02-trial01,independent_ensemble,Independent ensemble,M02-T12,M02-T12-C03,funding_allocation,1,0
M02,M02-B002,1,M02-trial01,independent_ensemble,Independent ensemble,M02-T13,M02-T13-C01,funding_allocation,1,0
M02,M02-B002,1,M02-trial01,independent_ensemble,Independent ensemble,M02-T13,M02-T13-C02,funding_allocation,1,0
M02,M02-B002,1,M02-trial01,independent_ensemble,Independent ensemble,M02-T13,M02-T13-C03,funding_allocation,1,0
M02,M02-B002,1,M02-trial01,independent_ensemble,Independent ensemble,M02-T13,M02-T13-C04,funding_allocation,1,0
M02,M02-B002,1,M02-trial01,independent_ensemble,Independent ensemble,M02-T14,M02-T14-C01,affected_groups,1,0
M02,M02-B002,1,M02-trial01,independent_ensemble,Independent ensemble,M02-T14,M02-T14-C02,affected_groups,1,0
M02,M02-B002,1,M02-trial01,independent_ensemble,Independent ensemble,M02-T14,M02-T14-C03,affected_groups,1,0
M02,M02-B002,1,M02-trial01,independent_ensemble,Independent ensemble,M02-T14,M02-T14-C04,affected_groups,1,0
M02,M02-B002,1,M02-trial01,independent_ensemble,Independent ensemble,M02-T15,M02-T15-C01,fiscal_effect,1,0
M02,M02-B002,1,M02-trial01,independent_ensemble,Independent ensemble,M02-T15,M02-T15-C02,fiscal_effect,1,0
M02,M02-B002,1,M02-trial01,independent_ensemble,Independent ensemble,M02-T16,M02-T16-C01,fiscal_cost,1,0
M02,M02-B002,1,M02-trial01,independent_ensemble,Independent ensemble,M02-T16,M02-T16-C02,fiscal_cost,1,0
M02,M02-B002,1,M02-trial01,independent_ensemble,Independent ensemble,M02-T17,M02-T17-C01,fiscal_cost,1,0
M02,M02-B002,1,M02-trial01,independent_ensemble,Independent ensemble,M02-T17,M02-T17-C02,fiscal_cost,1,0
M02,M02-B002,1,M02-trial01,independent_ensemble,Independent ensemble,M02-T17,M02-T17-C03,fiscal_cost,1,0
M02,M02-B002,1,M02-trial01,independent_ensemble,Independent ensemble,M02-T17,M02-T17-C04,fiscal_cost,1,0
M02,M02-B002,1,M02-trial01,independent_ensemble,Independent ensemble,M02-T17,M02-T17-C05,fiscal_cost,1,0
M02,M02-B002,1,M02-trial01,independent_ensemble,Independent ensemble,M02-T18,M02-T18-C01,implementation_cost,1,0
M02,M02-B002,1,M02-trial01,independent_ensemble,Independent ensemble,M02-T19,M02-T19-C01,intended_benefit,1,0
M02,M02-B002,1,M02-trial01,independent_ensemble,Independent ensemble,M02-T19,M02-T19-C02,intended_benefit,1,0
M02,M02-B002,1,M02-trial01,independent_ensemble,Independent ensemble,M02-T20,M02-T20-C01,baseline_context,0,0
M02,M02-B002,1,M02-trial01,independent_ensemble,Independent ensemble,M02-T20,M02-T20-C02,baseline_context,0,0
M02,M02-B002,1,M02-trial01,independent_ensemble,Independent ensemble,M02-T21,M02-T21-C01,baseline_context,0,0
M02,M02-B002,1,M02-trial01,independent_ensemble,Independent ensemble,M02-T21,M02-T21-C02,baseline_context,0,0
M02,M02-B002,1,M02-trial01,independent_ensemble,Independent ensemble,M02-T21,M02-T21-C03,baseline_context,0,0
M02,M02-B002,1,M02-trial01,independent_ensemble,Independent ensemble,M02-T21,M02-T21-C04,baseline_context,0,0
M02,M02-B002,1,M02-trial01,independent_ensemble,Independent ensemble,M02-T22,M02-T22-C01,intended_benefit,1,0
M02,M02-B002,1,M02-trial01,independent_ensemble,Independent ensemble,M02-T22,M02-T22-C02,intended_benefit,1,0
M02,M02-B002,1,M02-trial01,independent_ensemble,Independent ensemble,M02-T22,M02-T22-C03,intended_benefit,1,0
M02,M02-B002,1,M02-trial01,independent_ensemble,Independent ensemble,M02-T22,M02-T22-C04,intended_benefit,1,0
M02,M02-B003,2,M02-trial02,normal_debate,Normal debate,M02-T01,M02-T01-C01,baseline_context,1,0
M02,M02-B003,2,M02-trial02,normal_debate,Normal debate,M02-T01,M02-T01-C02,baseline_context,1,0
M02,M02-B003,2,M02-trial02,normal_debate,Normal debate,M02-T01,M02-T01-C03,baseline_context,0,0
M02,M02-B003,2,M02-trial02,normal_debate,Normal debate,M02-T02,M02-T02-C01,affected_groups,0,0
M02,M02-B003,2,M02-trial02,normal_debate,Normal debate,M02-T02,M02-T02-C02,affected_groups,0,0
M02,M02-B003,2,M02-trial02,normal_debate,Normal debate,M02-T03,M02-T03-C01,baseline_context,1,0
M02,M02-B003,2,M02-trial02,normal_debate,Normal debate,M02-T03,M02-T03-C02,baseline_context,1,0
M02,M02-B003,2,M02-trial02,normal_debate,Normal debate,M02-T03,M02-T03-C03,baseline_context,0,0
M02,M02-B003,2,M02-trial02,normal_debate,Normal debate,M02-T03,M02-T03-C04,baseline_context,0,0
M02,M02-B003,2,M02-trial02,normal_debate,Normal debate,M02-T04,M02-T04-C01,policy_change,1,0
M02,M02-B003,2,M02-trial02,normal_debate,Normal debate,M02-T04,M02-T04-C02,policy_change,1,0
M02,M02-B003,2,M02-trial02,normal_debate,Normal debate,M02-T04,M02-T04-C03,policy_change,1,0
M02,M02-B003,2,M02-trial02,normal_debate,Normal debate,M02-T05,M02-T05-C01,intended_benefit,1,0
M02,M02-B003,2,M02-trial02,normal_debate,Normal debate,M02-T05,M02-T05-C02,intended_benefit,1,0
M02,M02-B003,2,M02-trial02,normal_debate,Normal debate,M02-T05,M02-T05-C03,intended_benefit,1,0
M02,M02-B003,2,M02-trial02,normal_debate,Normal debate,M02-T05,M02-T05-C04,intended_benefit,1,0
M02,M02-B003,2,M02-trial02,normal_debate,Normal debate,M02-T06,M02-T06-C01,distributional_effect,1,0
M02,M02-B003,2,M02-trial02,normal_debate,Normal debate,M02-T06,M02-T06-C02,distributional_effect,1,0
M02,M02-B003,2,M02-trial02,normal_debate,Normal debate,M02-T06,M02-T06-C03,distributional_effect,0,0
M02,M02-B003,2,M02-trial02,normal_debate,Normal debate,M02-T06,M02-T06-C04,distributional_effect,1,0
M02,M02-B003,2,M02-trial02,normal_debate,Normal debate,M02-T06,M02-T06-C05,distributional_effect,1,0
M02,M02-B003,2,M02-trial02,normal_debate,Normal debate,M02-T07,M02-T07-C01,policy_change,0,0
M02,M02-B003,2,M02-trial02,normal_debate,Normal debate,M02-T07,M02-T07-C02,policy_change,1,0
M02,M02-B003,2,M02-trial02,normal_debate,Normal debate,M02-T08,M02-T08-C01,accountability,1,0
M02,M02-B003,2,M02-trial02,normal_debate,Normal debate,M02-T09,M02-T09-C01,baseline_context,1,0
M02,M02-B003,2,M02-trial02,normal_debate,Normal debate,M02-T09,M02-T09-C02,baseline_context,1,0
M02,M02-B003,2,M02-trial02,normal_debate,Normal debate,M02-T10,M02-T10-C01,baseline_context,0,0
M02,M02-B003,2,M02-trial02,normal_debate,Normal debate,M02-T10,M02-T10-C02,baseline_context,0,0
M02,M02-B003,2,M02-trial02,normal_debate,Normal debate,M02-T10,M02-T10-C03,baseline_context,0,0
M02,M02-B003,2,M02-trial02,normal_debate,Normal debate,M02-T10,M02-T10-C04,baseline_context,0,0
M02,M02-B003,2,M02-trial02,normal_debate,Normal debate,M02-T11,M02-T11-C01,fiscal_mechanism,1,0
M02,M02-B003,2,M02-trial02,normal_debate,Normal debate,M02-T11,M02-T11-C02,fiscal_mechanism,1,0
M02,M02-B003,2,M02-trial02,normal_debate,Normal debate,M02-T12,M02-T12-C01,funding_allocation,1,0
M02,M02-B003,2,M02-trial02,normal_debate,Normal debate,M02-T12,M02-T12-C02,funding_allocation,1,0
M02,M02-B003,2,M02-trial02,normal_debate,Normal debate,M02-T12,M02-T12-C03,funding_allocation,1,0
M02,M02-B003,2,M02-trial02,normal_debate,Normal debate,M02-T13,M02-T13-C01,funding_allocation,1,0
M02,M02-B003,2,M02-trial02,normal_debate,Normal debate,M02-T13,M02-T13-C02,funding_allocation,1,0
M02,M02-B003,2,M02-trial02,normal_debate,Normal debate,M02-T13,M02-T13-C03,funding_allocation,1,0
M02,M02-B003,2,M02-trial02,normal_debate,Normal debate,M02-T13,M02-T13-C04,funding_allocation,0,0
M02,M02-B003,2,M02-trial02,normal_debate,Normal debate,M02-T14,M02-T14-C01,affected_groups,1,0
M02,M02-B003,2,M02-trial02,normal_debate,Normal debate,M02-T14,M02-T14-C02,affected_groups,1,0
M02,M02-B003,2,M02-trial02,normal_debate,Normal debate,M02-T14,M02-T14-C03,affected_groups,1,0
M02,M02-B003,2,M02-trial02,normal_debate,Normal debate,M02-T14,M02-T14-C04,affected_groups,1,0
M02,M02-B003,2,M02-trial02,normal_debate,Normal debate,M02-T15,M02-T15-C01,fiscal_effect,1,0
M02,M02-B003,2,M02-trial02,normal_debate,Normal debate,M02-T15,M02-T15-C02,fiscal_effect,1,0
M02,M02-B003,2,M02-trial02,normal_debate,Normal debate,M02-T16,M02-T16-C01,fiscal_cost,1,0
M02,M02-B003,2,M02-trial02,normal_debate,Normal debate,M02-T16,M02-T16-C02,fiscal_cost,1,0
M02,M02-B003,2,M02-trial02,normal_debate,Normal debate,M02-T17,M02-T17-C01,fiscal_cost,1,0
M02,M02-B003,2,M02-trial02,normal_debate,Normal debate,M02-T17,M02-T17-C02,fiscal_cost,1,0
M02,M02-B003,2,M02-trial02,normal_debate,Normal debate,M02-T17,M02-T17-C03,fiscal_cost,1,0
M02,M02-B003,2,M02-trial02,normal_debate,Normal debate,M02-T17,M02-T17-C04,fiscal_cost,1,0
M02,M02-B003,2,M02-trial02,normal_debate,Normal debate,M02-T17,M02-T17-C05,fiscal_cost,1,0
M02,M02-B003,2,M02-trial02,normal_debate,Normal debate,M02-T18,M02-T18-C01,implementation_cost,1,0
M02,M02-B003,2,M02-trial02,normal_debate,Normal debate,M02-T19,M02-T19-C01,intended_benefit,1,0
M02,M02-B003,2,M02-trial02,normal_debate,Normal debate,M02-T19,M02-T19-C02,intended_benefit,1,0
M02,M02-B003,2,M02-trial02,normal_debate,Normal debate,M02-T20,M02-T20-C01,baseline_context,0,0
M02,M02-B003,2,M02-trial02,normal_debate,Normal debate,M02-T20,M02-T20-C02,baseline_context,0,0
M02,M02-B003,2,M02-trial02,normal_debate,Normal debate,M02-T21,M02-T21-C01,baseline_context,0,0
M02,M02-B003,2,M02-trial02,normal_debate,Normal debate,M02-T21,M02-T21-C02,baseline_context,0,0
M02,M02-B003,2,M02-trial02,normal_debate,Normal debate,M02-T21,M02-T21-C03,baseline_context,0,0
M02,M02-B003,2,M02-trial02,normal_debate,Normal debate,M02-T21,M02-T21-C04,baseline_context,0,0
M02,M02-B003,2,M02-trial02,normal_debate,Normal debate,M02-T22,M02-T22-C01,intended_benefit,1,0
M02,M02-B003,2,M02-trial02,normal_debate,Normal debate,M02-T22,M02-T22-C02,intended_benefit,1,0
M02,M02-B003,2,M02-trial02,normal_debate,Normal debate,M02-T22,M02-T22-C03,intended_benefit,1,0
M02,M02-B003,2,M02-trial02,normal_debate,Normal debate,M02-T22,M02-T22-C04,intended_benefit,1,0
M02,M02-B004,2,M02-trial02,critic_debate,Critic debate,M02-T01,M02-T01-C01,baseline_context,1,0
M02,M02-B004,2,M02-trial02,critic_debate,Critic debate,M02-T01,M02-T01-C02,baseline_context,1,0
M02,M02-B004,2,M02-trial02,critic_debate,Critic debate,M02-T01,M02-T01-C03,baseline_context,0,0
M02,M02-B004,2,M02-trial02,critic_debate,Critic debate,M02-T02,M02-T02-C01,affected_groups,1,0
M02,M02-B004,2,M02-trial02,critic_debate,Critic debate,M02-T02,M02-T02-C02,affected_groups,1,0
M02,M02-B004,2,M02-trial02,critic_debate,Critic debate,M02-T03,M02-T03-C01,baseline_context,1,0
M02,M02-B004,2,M02-trial02,critic_debate,Critic debate,M02-T03,M02-T03-C02,baseline_context,1,0
M02,M02-B004,2,M02-trial02,critic_debate,Critic debate,M02-T03,M02-T03-C03,baseline_context,0,0
M02,M02-B004,2,M02-trial02,critic_debate,Critic debate,M02-T03,M02-T03-C04,baseline_context,0,0
M02,M02-B004,2,M02-trial02,critic_debate,Critic debate,M02-T04,M02-T04-C01,policy_change,1,0
M02,M02-B004,2,M02-trial02,critic_debate,Critic debate,M02-T04,M02-T04-C02,policy_change,1,0
M02,M02-B004,2,M02-trial02,critic_debate,Critic debate,M02-T04,M02-T04-C03,policy_change,1,0
M02,M02-B004,2,M02-trial02,critic_debate,Critic debate,M02-T05,M02-T05-C01,intended_benefit,1,0
M02,M02-B004,2,M02-trial02,critic_debate,Critic debate,M02-T05,M02-T05-C02,intended_benefit,1,0
M02,M02-B004,2,M02-trial02,critic_debate,Critic debate,M02-T05,M02-T05-C03,intended_benefit,1,0
M02,M02-B004,2,M02-trial02,critic_debate,Critic debate,M02-T05,M02-T05-C04,intended_benefit,1,0
M02,M02-B004,2,M02-trial02,critic_debate,Critic debate,M02-T06,M02-T06-C01,distributional_effect,1,0
M02,M02-B004,2,M02-trial02,critic_debate,Critic debate,M02-T06,M02-T06-C02,distributional_effect,1,0
M02,M02-B004,2,M02-trial02,critic_debate,Critic debate,M02-T06,M02-T06-C03,distributional_effect,0,0
M02,M02-B004,2,M02-trial02,critic_debate,Critic debate,M02-T06,M02-T06-C04,distributional_effect,1,0
M02,M02-B004,2,M02-trial02,critic_debate,Critic debate,M02-T06,M02-T06-C05,distributional_effect,0,0
M02,M02-B004,2,M02-trial02,critic_debate,Critic debate,M02-T07,M02-T07-C01,policy_change,0,0
M02,M02-B004,2,M02-trial02,critic_debate,Critic debate,M02-T07,M02-T07-C02,policy_change,1,0
M02,M02-B004,2,M02-trial02,critic_debate,Critic debate,M02-T08,M02-T08-C01,accountability,1,0
M02,M02-B004,2,M02-trial02,critic_debate,Critic debate,M02-T09,M02-T09-C01,baseline_context,1,0
M02,M02-B004,2,M02-trial02,critic_debate,Critic debate,M02-T09,M02-T09-C02,baseline_context,1,0
M02,M02-B004,2,M02-trial02,critic_debate,Critic debate,M02-T10,M02-T10-C01,baseline_context,1,0
M02,M02-B004,2,M02-trial02,critic_debate,Critic debate,M02-T10,M02-T10-C02,baseline_context,1,0
M02,M02-B004,2,M02-trial02,critic_debate,Critic debate,M02-T10,M02-T10-C03,baseline_context,1,0
M02,M02-B004,2,M02-trial02,critic_debate,Critic debate,M02-T10,M02-T10-C04,baseline_context,0,0
M02,M02-B004,2,M02-trial02,critic_debate,Critic debate,M02-T11,M02-T11-C01,fiscal_mechanism,1,0
M02,M02-B004,2,M02-trial02,critic_debate,Critic debate,M02-T11,M02-T11-C02,fiscal_mechanism,0,0
M02,M02-B004,2,M02-trial02,critic_debate,Critic debate,M02-T12,M02-T12-C01,funding_allocation,1,0
M02,M02-B004,2,M02-trial02,critic_debate,Critic debate,M02-T12,M02-T12-C02,funding_allocation,1,0
M02,M02-B004,2,M02-trial02,critic_debate,Critic debate,M02-T12,M02-T12-C03,funding_allocation,1,0
M02,M02-B004,2,M02-trial02,critic_debate,Critic debate,M02-T13,M02-T13-C01,funding_allocation,1,0
M02,M02-B004,2,M02-trial02,critic_debate,Critic debate,M02-T13,M02-T13-C02,funding_allocation,1,0
M02,M02-B004,2,M02-trial02,critic_debate,Critic debate,M02-T13,M02-T13-C03,funding_allocation,1,0
M02,M02-B004,2,M02-trial02,critic_debate,Critic debate,M02-T13,M02-T13-C04,funding_allocation,0,0
M02,M02-B004,2,M02-trial02,critic_debate,Critic debate,M02-T14,M02-T14-C01,affected_groups,1,0
M02,M02-B004,2,M02-trial02,critic_debate,Critic debate,M02-T14,M02-T14-C02,affected_groups,1,0
M02,M02-B004,2,M02-trial02,critic_debate,Critic debate,M02-T14,M02-T14-C03,affected_groups,1,0
M02,M02-B004,2,M02-trial02,critic_debate,Critic debate,M02-T14,M02-T14-C04,affected_groups,1,0
M02,M02-B004,2,M02-trial02,critic_debate,Critic debate,M02-T15,M02-T15-C01,fiscal_effect,1,0
M02,M02-B004,2,M02-trial02,critic_debate,Critic debate,M02-T15,M02-T15-C02,fiscal_effect,1,0
M02,M02-B004,2,M02-trial02,critic_debate,Critic debate,M02-T16,M02-T16-C01,fiscal_cost,1,0
M02,M02-B004,2,M02-trial02,critic_debate,Critic debate,M02-T16,M02-T16-C02,fiscal_cost,1,0
M02,M02-B004,2,M02-trial02,critic_debate,Critic debate,M02-T17,M02-T17-C01,fiscal_cost,1,0
M02,M02-B004,2,M02-trial02,critic_debate,Critic debate,M02-T17,M02-T17-C02,fiscal_cost,1,0
M02,M02-B004,2,M02-trial02,critic_debate,Critic debate,M02-T17,M02-T17-C03,fiscal_cost,1,0
M02,M02-B004,2,M02-trial02,critic_debate,Critic debate,M02-T17,M02-T17-C04,fiscal_cost,1,0
M02,M02-B004,2,M02-trial02,critic_debate,Critic debate,M02-T17,M02-T17-C05,fiscal_cost,1,0
M02,M02-B004,2,M02-trial02,critic_debate,Critic debate,M02-T18,M02-T18-C01,implementation_cost,1,0
M02,M02-B004,2,M02-trial02,critic_debate,Critic debate,M02-T19,M02-T19-C01,intended_benefit,1,0
M02,M02-B004,2,M02-trial02,critic_debate,Critic debate,M02-T19,M02-T19-C02,intended_benefit,1,0
M02,M02-B004,2,M02-trial02,critic_debate,Critic debate,M02-T20,M02-T20-C01,baseline_context,1,0
M02,M02-B004,2,M02-trial02,critic_debate,Critic debate,M02-T20,M02-T20-C02,baseline_context,1,0
M02,M02-B004,2,M02-trial02,critic_debate,Critic debate,M02-T21,M02-T21-C01,baseline_context,0,0
M02,M02-B004,2,M02-trial02,critic_debate,Critic debate,M02-T21,M02-T21-C02,baseline_context,0,0
M02,M02-B004,2,M02-trial02,critic_debate,Critic debate,M02-T21,M02-T21-C03,baseline_context,0,0
M02,M02-B004,2,M02-trial02,critic_debate,Critic debate,M02-T21,M02-T21-C04,baseline_context,1,0
M02,M02-B004,2,M02-trial02,critic_debate,Critic debate,M02-T22,M02-T22-C01,intended_benefit,1,0
M02,M02-B004,2,M02-trial02,critic_debate,Critic debate,M02-T22,M02-T22-C02,intended_benefit,1,0
M02,M02-B004,2,M02-trial02,critic_debate,Critic debate,M02-T22,M02-T22-C03,intended_benefit,1,0
M02,M02-B004,2,M02-trial02,critic_debate,Critic debate,M02-T22,M02-T22-C04,intended_benefit,1,0
M02,M02-B005,1,M02-trial01,single_agent,Single agent,M02-T01,M02-T01-C01,baseline_context,1,0
M02,M02-B005,1,M02-trial01,single_agent,Single agent,M02-T01,M02-T01-C02,baseline_context,1,0
M02,M02-B005,1,M02-trial01,single_agent,Single agent,M02-T01,M02-T01-C03,baseline_context,0,0
M02,M02-B005,1,M02-trial01,single_agent,Single agent,M02-T02,M02-T02-C01,affected_groups,0,0
M02,M02-B005,1,M02-trial01,single_agent,Single agent,M02-T02,M02-T02-C02,affected_groups,0,0
M02,M02-B005,1,M02-trial01,single_agent,Single agent,M02-T03,M02-T03-C01,baseline_context,0,0
M02,M02-B005,1,M02-trial01,single_agent,Single agent,M02-T03,M02-T03-C02,baseline_context,1,0
M02,M02-B005,1,M02-trial01,single_agent,Single agent,M02-T03,M02-T03-C03,baseline_context,0,0
M02,M02-B005,1,M02-trial01,single_agent,Single agent,M02-T03,M02-T03-C04,baseline_context,0,0
M02,M02-B005,1,M02-trial01,single_agent,Single agent,M02-T04,M02-T04-C01,policy_change,1,0
M02,M02-B005,1,M02-trial01,single_agent,Single agent,M02-T04,M02-T04-C02,policy_change,1,0
M02,M02-B005,1,M02-trial01,single_agent,Single agent,M02-T04,M02-T04-C03,policy_change,0,0
M02,M02-B005,1,M02-trial01,single_agent,Single agent,M02-T05,M02-T05-C01,intended_benefit,1,0
M02,M02-B005,1,M02-trial01,single_agent,Single agent,M02-T05,M02-T05-C02,intended_benefit,1,0
M02,M02-B005,1,M02-trial01,single_agent,Single agent,M02-T05,M02-T05-C03,intended_benefit,1,0
M02,M02-B005,1,M02-trial01,single_agent,Single agent,M02-T05,M02-T05-C04,intended_benefit,1,0
M02,M02-B005,1,M02-trial01,single_agent,Single agent,M02-T06,M02-T06-C01,distributional_effect,1,0
M02,M02-B005,1,M02-trial01,single_agent,Single agent,M02-T06,M02-T06-C02,distributional_effect,1,0
M02,M02-B005,1,M02-trial01,single_agent,Single agent,M02-T06,M02-T06-C03,distributional_effect,0,0
M02,M02-B005,1,M02-trial01,single_agent,Single agent,M02-T06,M02-T06-C04,distributional_effect,1,0
M02,M02-B005,1,M02-trial01,single_agent,Single agent,M02-T06,M02-T06-C05,distributional_effect,1,0
M02,M02-B005,1,M02-trial01,single_agent,Single agent,M02-T07,M02-T07-C01,policy_change,0,0
M02,M02-B005,1,M02-trial01,single_agent,Single agent,M02-T07,M02-T07-C02,policy_change,1,0
M02,M02-B005,1,M02-trial01,single_agent,Single agent,M02-T08,M02-T08-C01,accountability,1,0
M02,M02-B005,1,M02-trial01,single_agent,Single agent,M02-T09,M02-T09-C01,baseline_context,1,0
M02,M02-B005,1,M02-trial01,single_agent,Single agent,M02-T09,M02-T09-C02,baseline_context,0,1
M02,M02-B005,1,M02-trial01,single_agent,Single agent,M02-T10,M02-T10-C01,baseline_context,0,0
M02,M02-B005,1,M02-trial01,single_agent,Single agent,M02-T10,M02-T10-C02,baseline_context,0,0
M02,M02-B005,1,M02-trial01,single_agent,Single agent,M02-T10,M02-T10-C03,baseline_context,0,0
M02,M02-B005,1,M02-trial01,single_agent,Single agent,M02-T10,M02-T10-C04,baseline_context,0,0
M02,M02-B005,1,M02-trial01,single_agent,Single agent,M02-T11,M02-T11-C01,fiscal_mechanism,1,0
M02,M02-B005,1,M02-trial01,single_agent,Single agent,M02-T11,M02-T11-C02,fiscal_mechanism,1,0
M02,M02-B005,1,M02-trial01,single_agent,Single agent,M02-T12,M02-T12-C01,funding_allocation,0,0
M02,M02-B005,1,M02-trial01,single_agent,Single agent,M02-T12,M02-T12-C02,funding_allocation,1,0
M02,M02-B005,1,M02-trial01,single_agent,Single agent,M02-T12,M02-T12-C03,funding_allocation,1,0
M02,M02-B005,1,M02-trial01,single_agent,Single agent,M02-T13,M02-T13-C01,funding_allocation,0,0
M02,M02-B005,1,M02-trial01,single_agent,Single agent,M02-T13,M02-T13-C02,funding_allocation,1,0
M02,M02-B005,1,M02-trial01,single_agent,Single agent,M02-T13,M02-T13-C03,funding_allocation,1,0
M02,M02-B005,1,M02-trial01,single_agent,Single agent,M02-T13,M02-T13-C04,funding_allocation,0,0
M02,M02-B005,1,M02-trial01,single_agent,Single agent,M02-T14,M02-T14-C01,affected_groups,1,0
M02,M02-B005,1,M02-trial01,single_agent,Single agent,M02-T14,M02-T14-C02,affected_groups,1,0
M02,M02-B005,1,M02-trial01,single_agent,Single agent,M02-T14,M02-T14-C03,affected_groups,1,0
M02,M02-B005,1,M02-trial01,single_agent,Single agent,M02-T14,M02-T14-C04,affected_groups,1,0
M02,M02-B005,1,M02-trial01,single_agent,Single agent,M02-T15,M02-T15-C01,fiscal_effect,1,0
M02,M02-B005,1,M02-trial01,single_agent,Single agent,M02-T15,M02-T15-C02,fiscal_effect,1,0
M02,M02-B005,1,M02-trial01,single_agent,Single agent,M02-T16,M02-T16-C01,fiscal_cost,1,0
M02,M02-B005,1,M02-trial01,single_agent,Single agent,M02-T16,M02-T16-C02,fiscal_cost,1,0
M02,M02-B005,1,M02-trial01,single_agent,Single agent,M02-T17,M02-T17-C01,fiscal_cost,1,0
M02,M02-B005,1,M02-trial01,single_agent,Single agent,M02-T17,M02-T17-C02,fiscal_cost,1,0
M02,M02-B005,1,M02-trial01,single_agent,Single agent,M02-T17,M02-T17-C03,fiscal_cost,1,0
M02,M02-B005,1,M02-trial01,single_agent,Single agent,M02-T17,M02-T17-C04,fiscal_cost,0,0
M02,M02-B005,1,M02-trial01,single_agent,Single agent,M02-T17,M02-T17-C05,fiscal_cost,1,0
M02,M02-B005,1,M02-trial01,single_agent,Single agent,M02-T18,M02-T18-C01,implementation_cost,1,0
M02,M02-B005,1,M02-trial01,single_agent,Single agent,M02-T19,M02-T19-C01,intended_benefit,1,0
M02,M02-B005,1,M02-trial01,single_agent,Single agent,M02-T19,M02-T19-C02,intended_benefit,1,0
M02,M02-B005,1,M02-trial01,single_agent,Single agent,M02-T20,M02-T20-C01,baseline_context,0,0
M02,M02-B005,1,M02-trial01,single_agent,Single agent,M02-T20,M02-T20-C02,baseline_context,0,0
M02,M02-B005,1,M02-trial01,single_agent,Single agent,M02-T21,M02-T21-C01,baseline_context,0,0
M02,M02-B005,1,M02-trial01,single_agent,Single agent,M02-T21,M02-T21-C02,baseline_context,0,0
M02,M02-B005,1,M02-trial01,single_agent,Single agent,M02-T21,M02-T21-C03,baseline_context,0,0
M02,M02-B005,1,M02-trial01,single_agent,Single agent,M02-T21,M02-T21-C04,baseline_context,0,0
M02,M02-B005,1,M02-trial01,single_agent,Single agent,M02-T22,M02-T22-C01,intended_benefit,1,0
M02,M02-B005,1,M02-trial01,single_agent,Single agent,M02-T22,M02-T22-C02,intended_benefit,1,0
M02,M02-B005,1,M02-trial01,single_agent,Single agent,M02-T22,M02-T22-C03,intended_benefit,1,0
M02,M02-B005,1,M02-trial01,single_agent,Single agent,M02-T22,M02-T22-C04,intended_benefit,1,0
M02,M02-B006,3,M02-trial03,single_agent,Single agent,M02-T01,M02-T01-C01,baseline_context,1,0
M02,M02-B006,3,M02-trial03,single_agent,Single agent,M02-T01,M02-T01-C02,baseline_context,1,0
M02,M02-B006,3,M02-trial03,single_agent,Single agent,M02-T01,M02-T01-C03,baseline_context,0,0
M02,M02-B006,3,M02-trial03,single_agent,Single agent,M02-T02,M02-T02-C01,affected_groups,0,0
M02,M02-B006,3,M02-trial03,single_agent,Single agent,M02-T02,M02-T02-C02,affected_groups,0,0
M02,M02-B006,3,M02-trial03,single_agent,Single agent,M02-T03,M02-T03-C01,baseline_context,1,0
M02,M02-B006,3,M02-trial03,single_agent,Single agent,M02-T03,M02-T03-C02,baseline_context,1,0
M02,M02-B006,3,M02-trial03,single_agent,Single agent,M02-T03,M02-T03-C03,baseline_context,0,0
M02,M02-B006,3,M02-trial03,single_agent,Single agent,M02-T03,M02-T03-C04,baseline_context,0,0
M02,M02-B006,3,M02-trial03,single_agent,Single agent,M02-T04,M02-T04-C01,policy_change,1,0
M02,M02-B006,3,M02-trial03,single_agent,Single agent,M02-T04,M02-T04-C02,policy_change,1,0
M02,M02-B006,3,M02-trial03,single_agent,Single agent,M02-T04,M02-T04-C03,policy_change,1,0
M02,M02-B006,3,M02-trial03,single_agent,Single agent,M02-T05,M02-T05-C01,intended_benefit,1,0
M02,M02-B006,3,M02-trial03,single_agent,Single agent,M02-T05,M02-T05-C02,intended_benefit,1,0
M02,M02-B006,3,M02-trial03,single_agent,Single agent,M02-T05,M02-T05-C03,intended_benefit,1,0
M02,M02-B006,3,M02-trial03,single_agent,Single agent,M02-T05,M02-T05-C04,intended_benefit,1,0
M02,M02-B006,3,M02-trial03,single_agent,Single agent,M02-T06,M02-T06-C01,distributional_effect,1,0
M02,M02-B006,3,M02-trial03,single_agent,Single agent,M02-T06,M02-T06-C02,distributional_effect,1,0
M02,M02-B006,3,M02-trial03,single_agent,Single agent,M02-T06,M02-T06-C03,distributional_effect,0,0
M02,M02-B006,3,M02-trial03,single_agent,Single agent,M02-T06,M02-T06-C04,distributional_effect,1,0
M02,M02-B006,3,M02-trial03,single_agent,Single agent,M02-T06,M02-T06-C05,distributional_effect,1,0
M02,M02-B006,3,M02-trial03,single_agent,Single agent,M02-T07,M02-T07-C01,policy_change,0,0
M02,M02-B006,3,M02-trial03,single_agent,Single agent,M02-T07,M02-T07-C02,policy_change,1,0
M02,M02-B006,3,M02-trial03,single_agent,Single agent,M02-T08,M02-T08-C01,accountability,1,0
M02,M02-B006,3,M02-trial03,single_agent,Single agent,M02-T09,M02-T09-C01,baseline_context,0,0
M02,M02-B006,3,M02-trial03,single_agent,Single agent,M02-T09,M02-T09-C02,baseline_context,0,0
M02,M02-B006,3,M02-trial03,single_agent,Single agent,M02-T10,M02-T10-C01,baseline_context,0,0
M02,M02-B006,3,M02-trial03,single_agent,Single agent,M02-T10,M02-T10-C02,baseline_context,0,0
M02,M02-B006,3,M02-trial03,single_agent,Single agent,M02-T10,M02-T10-C03,baseline_context,0,0
M02,M02-B006,3,M02-trial03,single_agent,Single agent,M02-T10,M02-T10-C04,baseline_context,0,0
M02,M02-B006,3,M02-trial03,single_agent,Single agent,M02-T11,M02-T11-C01,fiscal_mechanism,1,0
M02,M02-B006,3,M02-trial03,single_agent,Single agent,M02-T11,M02-T11-C02,fiscal_mechanism,1,0
M02,M02-B006,3,M02-trial03,single_agent,Single agent,M02-T12,M02-T12-C01,funding_allocation,0,0
M02,M02-B006,3,M02-trial03,single_agent,Single agent,M02-T12,M02-T12-C02,funding_allocation,1,0
M02,M02-B006,3,M02-trial03,single_agent,Single agent,M02-T12,M02-T12-C03,funding_allocation,1,0
M02,M02-B006,3,M02-trial03,single_agent,Single agent,M02-T13,M02-T13-C01,funding_allocation,0,0
M02,M02-B006,3,M02-trial03,single_agent,Single agent,M02-T13,M02-T13-C02,funding_allocation,1,0
M02,M02-B006,3,M02-trial03,single_agent,Single agent,M02-T13,M02-T13-C03,funding_allocation,1,0
M02,M02-B006,3,M02-trial03,single_agent,Single agent,M02-T13,M02-T13-C04,funding_allocation,1,0
M02,M02-B006,3,M02-trial03,single_agent,Single agent,M02-T14,M02-T14-C01,affected_groups,1,0
M02,M02-B006,3,M02-trial03,single_agent,Single agent,M02-T14,M02-T14-C02,affected_groups,1,0
M02,M02-B006,3,M02-trial03,single_agent,Single agent,M02-T14,M02-T14-C03,affected_groups,1,0
M02,M02-B006,3,M02-trial03,single_agent,Single agent,M02-T14,M02-T14-C04,affected_groups,1,0
M02,M02-B006,3,M02-trial03,single_agent,Single agent,M02-T15,M02-T15-C01,fiscal_effect,1,0
M02,M02-B006,3,M02-trial03,single_agent,Single agent,M02-T15,M02-T15-C02,fiscal_effect,1,0
M02,M02-B006,3,M02-trial03,single_agent,Single agent,M02-T16,M02-T16-C01,fiscal_cost,1,0
M02,M02-B006,3,M02-trial03,single_agent,Single agent,M02-T16,M02-T16-C02,fiscal_cost,1,0
M02,M02-B006,3,M02-trial03,single_agent,Single agent,M02-T17,M02-T17-C01,fiscal_cost,1,0
M02,M02-B006,3,M02-trial03,single_agent,Single agent,M02-T17,M02-T17-C02,fiscal_cost,1,0
M02,M02-B006,3,M02-trial03,single_agent,Single agent,M02-T17,M02-T17-C03,fiscal_cost,1,0
M02,M02-B006,3,M02-trial03,single_agent,Single agent,M02-T17,M02-T17-C04,fiscal_cost,1,0
M02,M02-B006,3,M02-trial03,single_agent,Single agent,M02-T17,M02-T17-C05,fiscal_cost,1,0
M02,M02-B006,3,M02-trial03,single_agent,Single agent,M02-T18,M02-T18-C01,implementation_cost,0,0
M02,M02-B006,3,M02-trial03,single_agent,Single agent,M02-T19,M02-T19-C01,intended_benefit,1,0
M02,M02-B006,3,M02-trial03,single_agent,Single agent,M02-T19,M02-T19-C02,intended_benefit,1,0
M02,M02-B006,3,M02-trial03,single_agent,Single agent,M02-T20,M02-T20-C01,baseline_context,0,0
M02,M02-B006,3,M02-trial03,single_agent,Single agent,M02-T20,M02-T20-C02,baseline_context,0,0
M02,M02-B006,3,M02-trial03,single_agent,Single agent,M02-T21,M02-T21-C01,baseline_context,0,0
M02,M02-B006,3,M02-trial03,single_agent,Single agent,M02-T21,M02-T21-C02,baseline_context,0,0
M02,M02-B006,3,M02-trial03,single_agent,Single agent,M02-T21,M02-T21-C03,baseline_context,0,0
M02,M02-B006,3,M02-trial03,single_agent,Single agent,M02-T21,M02-T21-C04,baseline_context,0,0
M02,M02-B006,3,M02-trial03,single_agent,Single agent,M02-T22,M02-T22-C01,intended_benefit,1,0
M02,M02-B006,3,M02-trial03,single_agent,Single agent,M02-T22,M02-T22-C02,intended_benefit,1,0
M02,M02-B006,3,M02-trial03,single_agent,Single agent,M02-T22,M02-T22-C03,intended_benefit,1,0
M02,M02-B006,3,M02-trial03,single_agent,Single agent,M02-T22,M02-T22-C04,intended_benefit,1,0
M02,M02-B007,2,M02-trial02,single_agent,Single agent,M02-T01,M02-T01-C01,baseline_context,1,0
M02,M02-B007,2,M02-trial02,single_agent,Single agent,M02-T01,M02-T01-C02,baseline_context,1,0
M02,M02-B007,2,M02-trial02,single_agent,Single agent,M02-T01,M02-T01-C03,baseline_context,0,0
M02,M02-B007,2,M02-trial02,single_agent,Single agent,M02-T02,M02-T02-C01,affected_groups,0,0
M02,M02-B007,2,M02-trial02,single_agent,Single agent,M02-T02,M02-T02-C02,affected_groups,0,0
M02,M02-B007,2,M02-trial02,single_agent,Single agent,M02-T03,M02-T03-C01,baseline_context,1,0
M02,M02-B007,2,M02-trial02,single_agent,Single agent,M02-T03,M02-T03-C02,baseline_context,1,0
M02,M02-B007,2,M02-trial02,single_agent,Single agent,M02-T03,M02-T03-C03,baseline_context,0,0
M02,M02-B007,2,M02-trial02,single_agent,Single agent,M02-T03,M02-T03-C04,baseline_context,0,0
M02,M02-B007,2,M02-trial02,single_agent,Single agent,M02-T04,M02-T04-C01,policy_change,1,0
M02,M02-B007,2,M02-trial02,single_agent,Single agent,M02-T04,M02-T04-C02,policy_change,1,0
M02,M02-B007,2,M02-trial02,single_agent,Single agent,M02-T04,M02-T04-C03,policy_change,1,0
M02,M02-B007,2,M02-trial02,single_agent,Single agent,M02-T05,M02-T05-C01,intended_benefit,1,0
M02,M02-B007,2,M02-trial02,single_agent,Single agent,M02-T05,M02-T05-C02,intended_benefit,1,0
M02,M02-B007,2,M02-trial02,single_agent,Single agent,M02-T05,M02-T05-C03,intended_benefit,1,0
M02,M02-B007,2,M02-trial02,single_agent,Single agent,M02-T05,M02-T05-C04,intended_benefit,1,0
M02,M02-B007,2,M02-trial02,single_agent,Single agent,M02-T06,M02-T06-C01,distributional_effect,1,0
M02,M02-B007,2,M02-trial02,single_agent,Single agent,M02-T06,M02-T06-C02,distributional_effect,1,0
M02,M02-B007,2,M02-trial02,single_agent,Single agent,M02-T06,M02-T06-C03,distributional_effect,0,0
M02,M02-B007,2,M02-trial02,single_agent,Single agent,M02-T06,M02-T06-C04,distributional_effect,1,0
M02,M02-B007,2,M02-trial02,single_agent,Single agent,M02-T06,M02-T06-C05,distributional_effect,1,0
M02,M02-B007,2,M02-trial02,single_agent,Single agent,M02-T07,M02-T07-C01,policy_change,0,0
M02,M02-B007,2,M02-trial02,single_agent,Single agent,M02-T07,M02-T07-C02,policy_change,1,0
M02,M02-B007,2,M02-trial02,single_agent,Single agent,M02-T08,M02-T08-C01,accountability,1,0
M02,M02-B007,2,M02-trial02,single_agent,Single agent,M02-T09,M02-T09-C01,baseline_context,1,0
M02,M02-B007,2,M02-trial02,single_agent,Single agent,M02-T09,M02-T09-C02,baseline_context,0,0
M02,M02-B007,2,M02-trial02,single_agent,Single agent,M02-T10,M02-T10-C01,baseline_context,0,0
M02,M02-B007,2,M02-trial02,single_agent,Single agent,M02-T10,M02-T10-C02,baseline_context,0,0
M02,M02-B007,2,M02-trial02,single_agent,Single agent,M02-T10,M02-T10-C03,baseline_context,0,0
M02,M02-B007,2,M02-trial02,single_agent,Single agent,M02-T10,M02-T10-C04,baseline_context,0,0
M02,M02-B007,2,M02-trial02,single_agent,Single agent,M02-T11,M02-T11-C01,fiscal_mechanism,1,0
M02,M02-B007,2,M02-trial02,single_agent,Single agent,M02-T11,M02-T11-C02,fiscal_mechanism,1,0
M02,M02-B007,2,M02-trial02,single_agent,Single agent,M02-T12,M02-T12-C01,funding_allocation,1,0
M02,M02-B007,2,M02-trial02,single_agent,Single agent,M02-T12,M02-T12-C02,funding_allocation,1,0
M02,M02-B007,2,M02-trial02,single_agent,Single agent,M02-T12,M02-T12-C03,funding_allocation,1,0
M02,M02-B007,2,M02-trial02,single_agent,Single agent,M02-T13,M02-T13-C01,funding_allocation,1,0
M02,M02-B007,2,M02-trial02,single_agent,Single agent,M02-T13,M02-T13-C02,funding_allocation,1,0
M02,M02-B007,2,M02-trial02,single_agent,Single agent,M02-T13,M02-T13-C03,funding_allocation,1,0
M02,M02-B007,2,M02-trial02,single_agent,Single agent,M02-T13,M02-T13-C04,funding_allocation,1,0
M02,M02-B007,2,M02-trial02,single_agent,Single agent,M02-T14,M02-T14-C01,affected_groups,1,0
M02,M02-B007,2,M02-trial02,single_agent,Single agent,M02-T14,M02-T14-C02,affected_groups,1,0
M02,M02-B007,2,M02-trial02,single_agent,Single agent,M02-T14,M02-T14-C03,affected_groups,1,0
M02,M02-B007,2,M02-trial02,single_agent,Single agent,M02-T14,M02-T14-C04,affected_groups,1,0
M02,M02-B007,2,M02-trial02,single_agent,Single agent,M02-T15,M02-T15-C01,fiscal_effect,1,0
M02,M02-B007,2,M02-trial02,single_agent,Single agent,M02-T15,M02-T15-C02,fiscal_effect,1,0
M02,M02-B007,2,M02-trial02,single_agent,Single agent,M02-T16,M02-T16-C01,fiscal_cost,1,0
M02,M02-B007,2,M02-trial02,single_agent,Single agent,M02-T16,M02-T16-C02,fiscal_cost,1,0
M02,M02-B007,2,M02-trial02,single_agent,Single agent,M02-T17,M02-T17-C01,fiscal_cost,1,0
M02,M02-B007,2,M02-trial02,single_agent,Single agent,M02-T17,M02-T17-C02,fiscal_cost,1,0
M02,M02-B007,2,M02-trial02,single_agent,Single agent,M02-T17,M02-T17-C03,fiscal_cost,1,0
M02,M02-B007,2,M02-trial02,single_agent,Single agent,M02-T17,M02-T17-C04,fiscal_cost,1,0
M02,M02-B007,2,M02-trial02,single_agent,Single agent,M02-T17,M02-T17-C05,fiscal_cost,1,0
M02,M02-B007,2,M02-trial02,single_agent,Single agent,M02-T18,M02-T18-C01,implementation_cost,1,0
M02,M02-B007,2,M02-trial02,single_agent,Single agent,M02-T19,M02-T19-C01,intended_benefit,1,0
M02,M02-B007,2,M02-trial02,single_agent,Single agent,M02-T19,M02-T19-C02,intended_benefit,1,0
M02,M02-B007,2,M02-trial02,single_agent,Single agent,M02-T20,M02-T20-C01,baseline_context,0,0
M02,M02-B007,2,M02-trial02,single_agent,Single agent,M02-T20,M02-T20-C02,baseline_context,0,0
M02,M02-B007,2,M02-trial02,single_agent,Single agent,M02-T21,M02-T21-C01,baseline_context,0,0
M02,M02-B007,2,M02-trial02,single_agent,Single agent,M02-T21,M02-T21-C02,baseline_context,0,0
M02,M02-B007,2,M02-trial02,single_agent,Single agent,M02-T21,M02-T21-C03,baseline_context,0,0
M02,M02-B007,2,M02-trial02,single_agent,Single agent,M02-T21,M02-T21-C04,baseline_context,0,0
M02,M02-B007,2,M02-trial02,single_agent,Single agent,M02-T22,M02-T22-C01,intended_benefit,1,0
M02,M02-B007,2,M02-trial02,single_agent,Single agent,M02-T22,M02-T22-C02,intended_benefit,1,0
M02,M02-B007,2,M02-trial02,single_agent,Single agent,M02-T22,M02-T22-C03,intended_benefit,1,0
M02,M02-B007,2,M02-trial02,single_agent,Single agent,M02-T22,M02-T22-C04,intended_benefit,1,0
M02,M02-B008,3,M02-trial03,independent_ensemble,Independent ensemble,M02-T01,M02-T01-C01,baseline_context,1,0
M02,M02-B008,3,M02-trial03,independent_ensemble,Independent ensemble,M02-T01,M02-T01-C02,baseline_context,1,0
M02,M02-B008,3,M02-trial03,independent_ensemble,Independent ensemble,M02-T01,M02-T01-C03,baseline_context,0,0
M02,M02-B008,3,M02-trial03,independent_ensemble,Independent ensemble,M02-T02,M02-T02-C01,affected_groups,0,0
M02,M02-B008,3,M02-trial03,independent_ensemble,Independent ensemble,M02-T02,M02-T02-C02,affected_groups,0,0
M02,M02-B008,3,M02-trial03,independent_ensemble,Independent ensemble,M02-T03,M02-T03-C01,baseline_context,1,0
M02,M02-B008,3,M02-trial03,independent_ensemble,Independent ensemble,M02-T03,M02-T03-C02,baseline_context,1,0
M02,M02-B008,3,M02-trial03,independent_ensemble,Independent ensemble,M02-T03,M02-T03-C03,baseline_context,0,0
M02,M02-B008,3,M02-trial03,independent_ensemble,Independent ensemble,M02-T03,M02-T03-C04,baseline_context,0,0
M02,M02-B008,3,M02-trial03,independent_ensemble,Independent ensemble,M02-T04,M02-T04-C01,policy_change,1,0
M02,M02-B008,3,M02-trial03,independent_ensemble,Independent ensemble,M02-T04,M02-T04-C02,policy_change,1,0
M02,M02-B008,3,M02-trial03,independent_ensemble,Independent ensemble,M02-T04,M02-T04-C03,policy_change,1,0
M02,M02-B008,3,M02-trial03,independent_ensemble,Independent ensemble,M02-T05,M02-T05-C01,intended_benefit,1,0
M02,M02-B008,3,M02-trial03,independent_ensemble,Independent ensemble,M02-T05,M02-T05-C02,intended_benefit,1,0
M02,M02-B008,3,M02-trial03,independent_ensemble,Independent ensemble,M02-T05,M02-T05-C03,intended_benefit,1,0
M02,M02-B008,3,M02-trial03,independent_ensemble,Independent ensemble,M02-T05,M02-T05-C04,intended_benefit,1,0
M02,M02-B008,3,M02-trial03,independent_ensemble,Independent ensemble,M02-T06,M02-T06-C01,distributional_effect,1,0
M02,M02-B008,3,M02-trial03,independent_ensemble,Independent ensemble,M02-T06,M02-T06-C02,distributional_effect,1,0
M02,M02-B008,3,M02-trial03,independent_ensemble,Independent ensemble,M02-T06,M02-T06-C03,distributional_effect,0,0
M02,M02-B008,3,M02-trial03,independent_ensemble,Independent ensemble,M02-T06,M02-T06-C04,distributional_effect,1,0
M02,M02-B008,3,M02-trial03,independent_ensemble,Independent ensemble,M02-T06,M02-T06-C05,distributional_effect,1,0
M02,M02-B008,3,M02-trial03,independent_ensemble,Independent ensemble,M02-T07,M02-T07-C01,policy_change,0,0
M02,M02-B008,3,M02-trial03,independent_ensemble,Independent ensemble,M02-T07,M02-T07-C02,policy_change,1,0
M02,M02-B008,3,M02-trial03,independent_ensemble,Independent ensemble,M02-T08,M02-T08-C01,accountability,1,0
M02,M02-B008,3,M02-trial03,independent_ensemble,Independent ensemble,M02-T09,M02-T09-C01,baseline_context,1,0
M02,M02-B008,3,M02-trial03,independent_ensemble,Independent ensemble,M02-T09,M02-T09-C02,baseline_context,1,0
M02,M02-B008,3,M02-trial03,independent_ensemble,Independent ensemble,M02-T10,M02-T10-C01,baseline_context,0,0
M02,M02-B008,3,M02-trial03,independent_ensemble,Independent ensemble,M02-T10,M02-T10-C02,baseline_context,0,0
M02,M02-B008,3,M02-trial03,independent_ensemble,Independent ensemble,M02-T10,M02-T10-C03,baseline_context,0,0
M02,M02-B008,3,M02-trial03,independent_ensemble,Independent ensemble,M02-T10,M02-T10-C04,baseline_context,0,0
M02,M02-B008,3,M02-trial03,independent_ensemble,Independent ensemble,M02-T11,M02-T11-C01,fiscal_mechanism,1,0
M02,M02-B008,3,M02-trial03,independent_ensemble,Independent ensemble,M02-T11,M02-T11-C02,fiscal_mechanism,1,0
M02,M02-B008,3,M02-trial03,independent_ensemble,Independent ensemble,M02-T12,M02-T12-C01,funding_allocation,1,0
M02,M02-B008,3,M02-trial03,independent_ensemble,Independent ensemble,M02-T12,M02-T12-C02,funding_allocation,1,0
M02,M02-B008,3,M02-trial03,independent_ensemble,Independent ensemble,M02-T12,M02-T12-C03,funding_allocation,1,0
M02,M02-B008,3,M02-trial03,independent_ensemble,Independent ensemble,M02-T13,M02-T13-C01,funding_allocation,1,0
M02,M02-B008,3,M02-trial03,independent_ensemble,Independent ensemble,M02-T13,M02-T13-C02,funding_allocation,1,0
M02,M02-B008,3,M02-trial03,independent_ensemble,Independent ensemble,M02-T13,M02-T13-C03,funding_allocation,1,0
M02,M02-B008,3,M02-trial03,independent_ensemble,Independent ensemble,M02-T13,M02-T13-C04,funding_allocation,0,0
M02,M02-B008,3,M02-trial03,independent_ensemble,Independent ensemble,M02-T14,M02-T14-C01,affected_groups,1,0
M02,M02-B008,3,M02-trial03,independent_ensemble,Independent ensemble,M02-T14,M02-T14-C02,affected_groups,1,0
M02,M02-B008,3,M02-trial03,independent_ensemble,Independent ensemble,M02-T14,M02-T14-C03,affected_groups,1,0
M02,M02-B008,3,M02-trial03,independent_ensemble,Independent ensemble,M02-T14,M02-T14-C04,affected_groups,1,0
M02,M02-B008,3,M02-trial03,independent_ensemble,Independent ensemble,M02-T15,M02-T15-C01,fiscal_effect,1,0
M02,M02-B008,3,M02-trial03,independent_ensemble,Independent ensemble,M02-T15,M02-T15-C02,fiscal_effect,1,0
M02,M02-B008,3,M02-trial03,independent_ensemble,Independent ensemble,M02-T16,M02-T16-C01,fiscal_cost,1,0
M02,M02-B008,3,M02-trial03,independent_ensemble,Independent ensemble,M02-T16,M02-T16-C02,fiscal_cost,1,0
M02,M02-B008,3,M02-trial03,independent_ensemble,Independent ensemble,M02-T17,M02-T17-C01,fiscal_cost,1,0
M02,M02-B008,3,M02-trial03,independent_ensemble,Independent ensemble,M02-T17,M02-T17-C02,fiscal_cost,1,0
M02,M02-B008,3,M02-trial03,independent_ensemble,Independent ensemble,M02-T17,M02-T17-C03,fiscal_cost,1,0
M02,M02-B008,3,M02-trial03,independent_ensemble,Independent ensemble,M02-T17,M02-T17-C04,fiscal_cost,1,0
M02,M02-B008,3,M02-trial03,independent_ensemble,Independent ensemble,M02-T17,M02-T17-C05,fiscal_cost,1,0
M02,M02-B008,3,M02-trial03,independent_ensemble,Independent ensemble,M02-T18,M02-T18-C01,implementation_cost,1,0
M02,M02-B008,3,M02-trial03,independent_ensemble,Independent ensemble,M02-T19,M02-T19-C01,intended_benefit,1,0
M02,M02-B008,3,M02-trial03,independent_ensemble,Independent ensemble,M02-T19,M02-T19-C02,intended_benefit,1,0
M02,M02-B008,3,M02-trial03,independent_ensemble,Independent ensemble,M02-T20,M02-T20-C01,baseline_context,0,0
M02,M02-B008,3,M02-trial03,independent_ensemble,Independent ensemble,M02-T20,M02-T20-C02,baseline_context,0,0
M02,M02-B008,3,M02-trial03,independent_ensemble,Independent ensemble,M02-T21,M02-T21-C01,baseline_context,0,0
M02,M02-B008,3,M02-trial03,independent_ensemble,Independent ensemble,M02-T21,M02-T21-C02,baseline_context,0,0
M02,M02-B008,3,M02-trial03,independent_ensemble,Independent ensemble,M02-T21,M02-T21-C03,baseline_context,0,0
M02,M02-B008,3,M02-trial03,independent_ensemble,Independent ensemble,M02-T21,M02-T21-C04,baseline_context,0,0
M02,M02-B008,3,M02-trial03,independent_ensemble,Independent ensemble,M02-T22,M02-T22-C01,intended_benefit,1,0
M02,M02-B008,3,M02-trial03,independent_ensemble,Independent ensemble,M02-T22,M02-T22-C02,intended_benefit,1,0
M02,M02-B008,3,M02-trial03,independent_ensemble,Independent ensemble,M02-T22,M02-T22-C03,intended_benefit,1,0
M02,M02-B008,3,M02-trial03,independent_ensemble,Independent ensemble,M02-T22,M02-T22-C04,intended_benefit,1,0
M02,M02-B009,4,M02-trial04,normal_debate,Normal debate,M02-T01,M02-T01-C01,baseline_context,1,0
M02,M02-B009,4,M02-trial04,normal_debate,Normal debate,M02-T01,M02-T01-C02,baseline_context,1,0
M02,M02-B009,4,M02-trial04,normal_debate,Normal debate,M02-T01,M02-T01-C03,baseline_context,0,0
M02,M02-B009,4,M02-trial04,normal_debate,Normal debate,M02-T02,M02-T02-C01,affected_groups,0,0
M02,M02-B009,4,M02-trial04,normal_debate,Normal debate,M02-T02,M02-T02-C02,affected_groups,0,0
M02,M02-B009,4,M02-trial04,normal_debate,Normal debate,M02-T03,M02-T03-C01,baseline_context,1,0
M02,M02-B009,4,M02-trial04,normal_debate,Normal debate,M02-T03,M02-T03-C02,baseline_context,1,0
M02,M02-B009,4,M02-trial04,normal_debate,Normal debate,M02-T03,M02-T03-C03,baseline_context,0,1
M02,M02-B009,4,M02-trial04,normal_debate,Normal debate,M02-T03,M02-T03-C04,baseline_context,0,0
M02,M02-B009,4,M02-trial04,normal_debate,Normal debate,M02-T04,M02-T04-C01,policy_change,1,0
M02,M02-B009,4,M02-trial04,normal_debate,Normal debate,M02-T04,M02-T04-C02,policy_change,1,0
M02,M02-B009,4,M02-trial04,normal_debate,Normal debate,M02-T04,M02-T04-C03,policy_change,1,0
M02,M02-B009,4,M02-trial04,normal_debate,Normal debate,M02-T05,M02-T05-C01,intended_benefit,1,0
M02,M02-B009,4,M02-trial04,normal_debate,Normal debate,M02-T05,M02-T05-C02,intended_benefit,1,0
M02,M02-B009,4,M02-trial04,normal_debate,Normal debate,M02-T05,M02-T05-C03,intended_benefit,1,0
M02,M02-B009,4,M02-trial04,normal_debate,Normal debate,M02-T05,M02-T05-C04,intended_benefit,1,0
M02,M02-B009,4,M02-trial04,normal_debate,Normal debate,M02-T06,M02-T06-C01,distributional_effect,1,0
M02,M02-B009,4,M02-trial04,normal_debate,Normal debate,M02-T06,M02-T06-C02,distributional_effect,1,0
M02,M02-B009,4,M02-trial04,normal_debate,Normal debate,M02-T06,M02-T06-C03,distributional_effect,0,0
M02,M02-B009,4,M02-trial04,normal_debate,Normal debate,M02-T06,M02-T06-C04,distributional_effect,1,0
M02,M02-B009,4,M02-trial04,normal_debate,Normal debate,M02-T06,M02-T06-C05,distributional_effect,1,0
M02,M02-B009,4,M02-trial04,normal_debate,Normal debate,M02-T07,M02-T07-C01,policy_change,0,1
M02,M02-B009,4,M02-trial04,normal_debate,Normal debate,M02-T07,M02-T07-C02,policy_change,1,0
M02,M02-B009,4,M02-trial04,normal_debate,Normal debate,M02-T08,M02-T08-C01,accountability,1,0
M02,M02-B009,4,M02-trial04,normal_debate,Normal debate,M02-T09,M02-T09-C01,baseline_context,1,0
M02,M02-B009,4,M02-trial04,normal_debate,Normal debate,M02-T09,M02-T09-C02,baseline_context,1,0
M02,M02-B009,4,M02-trial04,normal_debate,Normal debate,M02-T10,M02-T10-C01,baseline_context,0,0
M02,M02-B009,4,M02-trial04,normal_debate,Normal debate,M02-T10,M02-T10-C02,baseline_context,0,0
M02,M02-B009,4,M02-trial04,normal_debate,Normal debate,M02-T10,M02-T10-C03,baseline_context,0,0
M02,M02-B009,4,M02-trial04,normal_debate,Normal debate,M02-T10,M02-T10-C04,baseline_context,0,0
M02,M02-B009,4,M02-trial04,normal_debate,Normal debate,M02-T11,M02-T11-C01,fiscal_mechanism,1,0
M02,M02-B009,4,M02-trial04,normal_debate,Normal debate,M02-T11,M02-T11-C02,fiscal_mechanism,1,0
M02,M02-B009,4,M02-trial04,normal_debate,Normal debate,M02-T12,M02-T12-C01,funding_allocation,1,0
M02,M02-B009,4,M02-trial04,normal_debate,Normal debate,M02-T12,M02-T12-C02,funding_allocation,1,0
M02,M02-B009,4,M02-trial04,normal_debate,Normal debate,M02-T12,M02-T12-C03,funding_allocation,1,0
M02,M02-B009,4,M02-trial04,normal_debate,Normal debate,M02-T13,M02-T13-C01,funding_allocation,1,0
M02,M02-B009,4,M02-trial04,normal_debate,Normal debate,M02-T13,M02-T13-C02,funding_allocation,1,0
M02,M02-B009,4,M02-trial04,normal_debate,Normal debate,M02-T13,M02-T13-C03,funding_allocation,1,0
M02,M02-B009,4,M02-trial04,normal_debate,Normal debate,M02-T13,M02-T13-C04,funding_allocation,0,1
M02,M02-B009,4,M02-trial04,normal_debate,Normal debate,M02-T14,M02-T14-C01,affected_groups,1,0
M02,M02-B009,4,M02-trial04,normal_debate,Normal debate,M02-T14,M02-T14-C02,affected_groups,1,0
M02,M02-B009,4,M02-trial04,normal_debate,Normal debate,M02-T14,M02-T14-C03,affected_groups,1,0
M02,M02-B009,4,M02-trial04,normal_debate,Normal debate,M02-T14,M02-T14-C04,affected_groups,1,0
M02,M02-B009,4,M02-trial04,normal_debate,Normal debate,M02-T15,M02-T15-C01,fiscal_effect,1,0
M02,M02-B009,4,M02-trial04,normal_debate,Normal debate,M02-T15,M02-T15-C02,fiscal_effect,1,0
M02,M02-B009,4,M02-trial04,normal_debate,Normal debate,M02-T16,M02-T16-C01,fiscal_cost,1,0
M02,M02-B009,4,M02-trial04,normal_debate,Normal debate,M02-T16,M02-T16-C02,fiscal_cost,1,0
M02,M02-B009,4,M02-trial04,normal_debate,Normal debate,M02-T17,M02-T17-C01,fiscal_cost,1,0
M02,M02-B009,4,M02-trial04,normal_debate,Normal debate,M02-T17,M02-T17-C02,fiscal_cost,1,0
M02,M02-B009,4,M02-trial04,normal_debate,Normal debate,M02-T17,M02-T17-C03,fiscal_cost,1,0
M02,M02-B009,4,M02-trial04,normal_debate,Normal debate,M02-T17,M02-T17-C04,fiscal_cost,1,0
M02,M02-B009,4,M02-trial04,normal_debate,Normal debate,M02-T17,M02-T17-C05,fiscal_cost,1,0
M02,M02-B009,4,M02-trial04,normal_debate,Normal debate,M02-T18,M02-T18-C01,implementation_cost,1,0
M02,M02-B009,4,M02-trial04,normal_debate,Normal debate,M02-T19,M02-T19-C01,intended_benefit,1,0
M02,M02-B009,4,M02-trial04,normal_debate,Normal debate,M02-T19,M02-T19-C02,intended_benefit,1,0
M02,M02-B009,4,M02-trial04,normal_debate,Normal debate,M02-T20,M02-T20-C01,baseline_context,0,0
M02,M02-B009,4,M02-trial04,normal_debate,Normal debate,M02-T20,M02-T20-C02,baseline_context,0,0
M02,M02-B009,4,M02-trial04,normal_debate,Normal debate,M02-T21,M02-T21-C01,baseline_context,0,0
M02,M02-B009,4,M02-trial04,normal_debate,Normal debate,M02-T21,M02-T21-C02,baseline_context,0,0
M02,M02-B009,4,M02-trial04,normal_debate,Normal debate,M02-T21,M02-T21-C03,baseline_context,0,0
M02,M02-B009,4,M02-trial04,normal_debate,Normal debate,M02-T21,M02-T21-C04,baseline_context,0,0
M02,M02-B009,4,M02-trial04,normal_debate,Normal debate,M02-T22,M02-T22-C01,intended_benefit,1,0
M02,M02-B009,4,M02-trial04,normal_debate,Normal debate,M02-T22,M02-T22-C02,intended_benefit,1,0
M02,M02-B009,4,M02-trial04,normal_debate,Normal debate,M02-T22,M02-T22-C03,intended_benefit,1,0
M02,M02-B009,4,M02-trial04,normal_debate,Normal debate,M02-T22,M02-T22-C04,intended_benefit,1,0
M02,M02-B010,3,M02-trial03,critic_debate,Critic debate,M02-T01,M02-T01-C01,baseline_context,1,0
M02,M02-B010,3,M02-trial03,critic_debate,Critic debate,M02-T01,M02-T01-C02,baseline_context,1,0
M02,M02-B010,3,M02-trial03,critic_debate,Critic debate,M02-T01,M02-T01-C03,baseline_context,0,0
M02,M02-B010,3,M02-trial03,critic_debate,Critic debate,M02-T02,M02-T02-C01,affected_groups,1,0
M02,M02-B010,3,M02-trial03,critic_debate,Critic debate,M02-T02,M02-T02-C02,affected_groups,1,0
M02,M02-B010,3,M02-trial03,critic_debate,Critic debate,M02-T03,M02-T03-C01,baseline_context,1,0
M02,M02-B010,3,M02-trial03,critic_debate,Critic debate,M02-T03,M02-T03-C02,baseline_context,1,0
M02,M02-B010,3,M02-trial03,critic_debate,Critic debate,M02-T03,M02-T03-C03,baseline_context,0,0
M02,M02-B010,3,M02-trial03,critic_debate,Critic debate,M02-T03,M02-T03-C04,baseline_context,0,0
M02,M02-B010,3,M02-trial03,critic_debate,Critic debate,M02-T04,M02-T04-C01,policy_change,1,0
M02,M02-B010,3,M02-trial03,critic_debate,Critic debate,M02-T04,M02-T04-C02,policy_change,1,0
M02,M02-B010,3,M02-trial03,critic_debate,Critic debate,M02-T04,M02-T04-C03,policy_change,1,0
M02,M02-B010,3,M02-trial03,critic_debate,Critic debate,M02-T05,M02-T05-C01,intended_benefit,1,0
M02,M02-B010,3,M02-trial03,critic_debate,Critic debate,M02-T05,M02-T05-C02,intended_benefit,1,0
M02,M02-B010,3,M02-trial03,critic_debate,Critic debate,M02-T05,M02-T05-C03,intended_benefit,1,0
M02,M02-B010,3,M02-trial03,critic_debate,Critic debate,M02-T05,M02-T05-C04,intended_benefit,1,0
M02,M02-B010,3,M02-trial03,critic_debate,Critic debate,M02-T06,M02-T06-C01,distributional_effect,1,0
M02,M02-B010,3,M02-trial03,critic_debate,Critic debate,M02-T06,M02-T06-C02,distributional_effect,1,0
M02,M02-B010,3,M02-trial03,critic_debate,Critic debate,M02-T06,M02-T06-C03,distributional_effect,0,0
M02,M02-B010,3,M02-trial03,critic_debate,Critic debate,M02-T06,M02-T06-C04,distributional_effect,1,0
M02,M02-B010,3,M02-trial03,critic_debate,Critic debate,M02-T06,M02-T06-C05,distributional_effect,1,0
M02,M02-B010,3,M02-trial03,critic_debate,Critic debate,M02-T07,M02-T07-C01,policy_change,0,0
M02,M02-B010,3,M02-trial03,critic_debate,Critic debate,M02-T07,M02-T07-C02,policy_change,1,0
M02,M02-B010,3,M02-trial03,critic_debate,Critic debate,M02-T08,M02-T08-C01,accountability,1,0
M02,M02-B010,3,M02-trial03,critic_debate,Critic debate,M02-T09,M02-T09-C01,baseline_context,1,0
M02,M02-B010,3,M02-trial03,critic_debate,Critic debate,M02-T09,M02-T09-C02,baseline_context,1,0
M02,M02-B010,3,M02-trial03,critic_debate,Critic debate,M02-T10,M02-T10-C01,baseline_context,1,0
M02,M02-B010,3,M02-trial03,critic_debate,Critic debate,M02-T10,M02-T10-C02,baseline_context,1,0
M02,M02-B010,3,M02-trial03,critic_debate,Critic debate,M02-T10,M02-T10-C03,baseline_context,1,0
M02,M02-B010,3,M02-trial03,critic_debate,Critic debate,M02-T10,M02-T10-C04,baseline_context,0,0
M02,M02-B010,3,M02-trial03,critic_debate,Critic debate,M02-T11,M02-T11-C01,fiscal_mechanism,1,0
M02,M02-B010,3,M02-trial03,critic_debate,Critic debate,M02-T11,M02-T11-C02,fiscal_mechanism,1,0
M02,M02-B010,3,M02-trial03,critic_debate,Critic debate,M02-T12,M02-T12-C01,funding_allocation,1,0
M02,M02-B010,3,M02-trial03,critic_debate,Critic debate,M02-T12,M02-T12-C02,funding_allocation,1,0
M02,M02-B010,3,M02-trial03,critic_debate,Critic debate,M02-T12,M02-T12-C03,funding_allocation,1,0
M02,M02-B010,3,M02-trial03,critic_debate,Critic debate,M02-T13,M02-T13-C01,funding_allocation,1,0
M02,M02-B010,3,M02-trial03,critic_debate,Critic debate,M02-T13,M02-T13-C02,funding_allocation,1,0
M02,M02-B010,3,M02-trial03,critic_debate,Critic debate,M02-T13,M02-T13-C03,funding_allocation,1,0
M02,M02-B010,3,M02-trial03,critic_debate,Critic debate,M02-T13,M02-T13-C04,funding_allocation,0,0
M02,M02-B010,3,M02-trial03,critic_debate,Critic debate,M02-T14,M02-T14-C01,affected_groups,1,0
M02,M02-B010,3,M02-trial03,critic_debate,Critic debate,M02-T14,M02-T14-C02,affected_groups,1,0
M02,M02-B010,3,M02-trial03,critic_debate,Critic debate,M02-T14,M02-T14-C03,affected_groups,1,0
M02,M02-B010,3,M02-trial03,critic_debate,Critic debate,M02-T14,M02-T14-C04,affected_groups,1,0
M02,M02-B010,3,M02-trial03,critic_debate,Critic debate,M02-T15,M02-T15-C01,fiscal_effect,1,0
M02,M02-B010,3,M02-trial03,critic_debate,Critic debate,M02-T15,M02-T15-C02,fiscal_effect,1,0
M02,M02-B010,3,M02-trial03,critic_debate,Critic debate,M02-T16,M02-T16-C01,fiscal_cost,1,0
M02,M02-B010,3,M02-trial03,critic_debate,Critic debate,M02-T16,M02-T16-C02,fiscal_cost,1,0
M02,M02-B010,3,M02-trial03,critic_debate,Critic debate,M02-T17,M02-T17-C01,fiscal_cost,1,0
M02,M02-B010,3,M02-trial03,critic_debate,Critic debate,M02-T17,M02-T17-C02,fiscal_cost,1,0
M02,M02-B010,3,M02-trial03,critic_debate,Critic debate,M02-T17,M02-T17-C03,fiscal_cost,1,0
M02,M02-B010,3,M02-trial03,critic_debate,Critic debate,M02-T17,M02-T17-C04,fiscal_cost,1,0
M02,M02-B010,3,M02-trial03,critic_debate,Critic debate,M02-T17,M02-T17-C05,fiscal_cost,1,0
M02,M02-B010,3,M02-trial03,critic_debate,Critic debate,M02-T18,M02-T18-C01,implementation_cost,1,0
M02,M02-B010,3,M02-trial03,critic_debate,Critic debate,M02-T19,M02-T19-C01,intended_benefit,1,0
M02,M02-B010,3,M02-trial03,critic_debate,Critic debate,M02-T19,M02-T19-C02,intended_benefit,1,0
M02,M02-B010,3,M02-trial03,critic_debate,Critic debate,M02-T20,M02-T20-C01,baseline_context,1,0
M02,M02-B010,3,M02-trial03,critic_debate,Critic debate,M02-T20,M02-T20-C02,baseline_context,1,0
M02,M02-B010,3,M02-trial03,critic_debate,Critic debate,M02-T21,M02-T21-C01,baseline_context,0,0
M02,M02-B010,3,M02-trial03,critic_debate,Critic debate,M02-T21,M02-T21-C02,baseline_context,0,0
M02,M02-B010,3,M02-trial03,critic_debate,Critic debate,M02-T21,M02-T21-C03,baseline_context,0,0
M02,M02-B010,3,M02-trial03,critic_debate,Critic debate,M02-T21,M02-T21-C04,baseline_context,1,0
M02,M02-B010,3,M02-trial03,critic_debate,Critic debate,M02-T22,M02-T22-C01,intended_benefit,1,0
M02,M02-B010,3,M02-trial03,critic_debate,Critic debate,M02-T22,M02-T22-C02,intended_benefit,1,0
M02,M02-B010,3,M02-trial03,critic_debate,Critic debate,M02-T22,M02-T22-C03,intended_benefit,1,0
M02,M02-B010,3,M02-trial03,critic_debate,Critic debate,M02-T22,M02-T22-C04,intended_benefit,1,0
M02,M02-B011,1,M02-trial01,normal_debate,Normal debate,M02-T01,M02-T01-C01,baseline_context,1,0
M02,M02-B011,1,M02-trial01,normal_debate,Normal debate,M02-T01,M02-T01-C02,baseline_context,1,0
M02,M02-B011,1,M02-trial01,normal_debate,Normal debate,M02-T01,M02-T01-C03,baseline_context,0,0
M02,M02-B011,1,M02-trial01,normal_debate,Normal debate,M02-T02,M02-T02-C01,affected_groups,0,0
M02,M02-B011,1,M02-trial01,normal_debate,Normal debate,M02-T02,M02-T02-C02,affected_groups,0,0
M02,M02-B011,1,M02-trial01,normal_debate,Normal debate,M02-T03,M02-T03-C01,baseline_context,1,0
M02,M02-B011,1,M02-trial01,normal_debate,Normal debate,M02-T03,M02-T03-C02,baseline_context,1,0
M02,M02-B011,1,M02-trial01,normal_debate,Normal debate,M02-T03,M02-T03-C03,baseline_context,0,0
M02,M02-B011,1,M02-trial01,normal_debate,Normal debate,M02-T03,M02-T03-C04,baseline_context,0,0
M02,M02-B011,1,M02-trial01,normal_debate,Normal debate,M02-T04,M02-T04-C01,policy_change,1,0
M02,M02-B011,1,M02-trial01,normal_debate,Normal debate,M02-T04,M02-T04-C02,policy_change,1,0
M02,M02-B011,1,M02-trial01,normal_debate,Normal debate,M02-T04,M02-T04-C03,policy_change,1,0
M02,M02-B011,1,M02-trial01,normal_debate,Normal debate,M02-T05,M02-T05-C01,intended_benefit,1,0
M02,M02-B011,1,M02-trial01,normal_debate,Normal debate,M02-T05,M02-T05-C02,intended_benefit,1,0
M02,M02-B011,1,M02-trial01,normal_debate,Normal debate,M02-T05,M02-T05-C03,intended_benefit,1,0
M02,M02-B011,1,M02-trial01,normal_debate,Normal debate,M02-T05,M02-T05-C04,intended_benefit,1,0
M02,M02-B011,1,M02-trial01,normal_debate,Normal debate,M02-T06,M02-T06-C01,distributional_effect,1,0
M02,M02-B011,1,M02-trial01,normal_debate,Normal debate,M02-T06,M02-T06-C02,distributional_effect,1,0
M02,M02-B011,1,M02-trial01,normal_debate,Normal debate,M02-T06,M02-T06-C03,distributional_effect,0,0
M02,M02-B011,1,M02-trial01,normal_debate,Normal debate,M02-T06,M02-T06-C04,distributional_effect,1,0
M02,M02-B011,1,M02-trial01,normal_debate,Normal debate,M02-T06,M02-T06-C05,distributional_effect,1,0
M02,M02-B011,1,M02-trial01,normal_debate,Normal debate,M02-T07,M02-T07-C01,policy_change,0,0
M02,M02-B011,1,M02-trial01,normal_debate,Normal debate,M02-T07,M02-T07-C02,policy_change,1,0
M02,M02-B011,1,M02-trial01,normal_debate,Normal debate,M02-T08,M02-T08-C01,accountability,1,0
M02,M02-B011,1,M02-trial01,normal_debate,Normal debate,M02-T09,M02-T09-C01,baseline_context,1,0
M02,M02-B011,1,M02-trial01,normal_debate,Normal debate,M02-T09,M02-T09-C02,baseline_context,1,0
M02,M02-B011,1,M02-trial01,normal_debate,Normal debate,M02-T10,M02-T10-C01,baseline_context,0,0
M02,M02-B011,1,M02-trial01,normal_debate,Normal debate,M02-T10,M02-T10-C02,baseline_context,0,0
M02,M02-B011,1,M02-trial01,normal_debate,Normal debate,M02-T10,M02-T10-C03,baseline_context,0,0
M02,M02-B011,1,M02-trial01,normal_debate,Normal debate,M02-T10,M02-T10-C04,baseline_context,0,0
M02,M02-B011,1,M02-trial01,normal_debate,Normal debate,M02-T11,M02-T11-C01,fiscal_mechanism,1,0
M02,M02-B011,1,M02-trial01,normal_debate,Normal debate,M02-T11,M02-T11-C02,fiscal_mechanism,1,0
M02,M02-B011,1,M02-trial01,normal_debate,Normal debate,M02-T12,M02-T12-C01,funding_allocation,0,0
M02,M02-B011,1,M02-trial01,normal_debate,Normal debate,M02-T12,M02-T12-C02,funding_allocation,1,0
M02,M02-B011,1,M02-trial01,normal_debate,Normal debate,M02-T12,M02-T12-C03,funding_allocation,1,0
M02,M02-B011,1,M02-trial01,normal_debate,Normal debate,M02-T13,M02-T13-C01,funding_allocation,0,0
M02,M02-B011,1,M02-trial01,normal_debate,Normal debate,M02-T13,M02-T13-C02,funding_allocation,0,0
M02,M02-B011,1,M02-trial01,normal_debate,Normal debate,M02-T13,M02-T13-C03,funding_allocation,0,0
M02,M02-B011,1,M02-trial01,normal_debate,Normal debate,M02-T13,M02-T13-C04,funding_allocation,0,0
M02,M02-B011,1,M02-trial01,normal_debate,Normal debate,M02-T14,M02-T14-C01,affected_groups,1,0
M02,M02-B011,1,M02-trial01,normal_debate,Normal debate,M02-T14,M02-T14-C02,affected_groups,1,0
M02,M02-B011,1,M02-trial01,normal_debate,Normal debate,M02-T14,M02-T14-C03,affected_groups,1,0
M02,M02-B011,1,M02-trial01,normal_debate,Normal debate,M02-T14,M02-T14-C04,affected_groups,0,0
M02,M02-B011,1,M02-trial01,normal_debate,Normal debate,M02-T15,M02-T15-C01,fiscal_effect,1,0
M02,M02-B011,1,M02-trial01,normal_debate,Normal debate,M02-T15,M02-T15-C02,fiscal_effect,1,0
M02,M02-B011,1,M02-trial01,normal_debate,Normal debate,M02-T16,M02-T16-C01,fiscal_cost,1,0
M02,M02-B011,1,M02-trial01,normal_debate,Normal debate,M02-T16,M02-T16-C02,fiscal_cost,1,0
M02,M02-B011,1,M02-trial01,normal_debate,Normal debate,M02-T17,M02-T17-C01,fiscal_cost,1,0
M02,M02-B011,1,M02-trial01,normal_debate,Normal debate,M02-T17,M02-T17-C02,fiscal_cost,1,0
M02,M02-B011,1,M02-trial01,normal_debate,Normal debate,M02-T17,M02-T17-C03,fiscal_cost,1,0
M02,M02-B011,1,M02-trial01,normal_debate,Normal debate,M02-T17,M02-T17-C04,fiscal_cost,1,0
M02,M02-B011,1,M02-trial01,normal_debate,Normal debate,M02-T17,M02-T17-C05,fiscal_cost,1,0
M02,M02-B011,1,M02-trial01,normal_debate,Normal debate,M02-T18,M02-T18-C01,implementation_cost,1,0
M02,M02-B011,1,M02-trial01,normal_debate,Normal debate,M02-T19,M02-T19-C01,intended_benefit,1,0
M02,M02-B011,1,M02-trial01,normal_debate,Normal debate,M02-T19,M02-T19-C02,intended_benefit,1,0
M02,M02-B011,1,M02-trial01,normal_debate,Normal debate,M02-T20,M02-T20-C01,baseline_context,0,0
M02,M02-B011,1,M02-trial01,normal_debate,Normal debate,M02-T20,M02-T20-C02,baseline_context,0,0
M02,M02-B011,1,M02-trial01,normal_debate,Normal debate,M02-T21,M02-T21-C01,baseline_context,0,0
M02,M02-B011,1,M02-trial01,normal_debate,Normal debate,M02-T21,M02-T21-C02,baseline_context,0,0
M02,M02-B011,1,M02-trial01,normal_debate,Normal debate,M02-T21,M02-T21-C03,baseline_context,0,0
M02,M02-B011,1,M02-trial01,normal_debate,Normal debate,M02-T21,M02-T21-C04,baseline_context,0,0
M02,M02-B011,1,M02-trial01,normal_debate,Normal debate,M02-T22,M02-T22-C01,intended_benefit,1,0
M02,M02-B011,1,M02-trial01,normal_debate,Normal debate,M02-T22,M02-T22-C02,intended_benefit,1,0
M02,M02-B011,1,M02-trial01,normal_debate,Normal debate,M02-T22,M02-T22-C03,intended_benefit,1,0
M02,M02-B011,1,M02-trial01,normal_debate,Normal debate,M02-T22,M02-T22-C04,intended_benefit,1,0
M02,M02-B012,4,M02-trial04,single_agent,Single agent,M02-T01,M02-T01-C01,baseline_context,1,0
M02,M02-B012,4,M02-trial04,single_agent,Single agent,M02-T01,M02-T01-C02,baseline_context,1,0
M02,M02-B012,4,M02-trial04,single_agent,Single agent,M02-T01,M02-T01-C03,baseline_context,0,0
M02,M02-B012,4,M02-trial04,single_agent,Single agent,M02-T02,M02-T02-C01,affected_groups,0,0
M02,M02-B012,4,M02-trial04,single_agent,Single agent,M02-T02,M02-T02-C02,affected_groups,0,0
M02,M02-B012,4,M02-trial04,single_agent,Single agent,M02-T03,M02-T03-C01,baseline_context,1,0
M02,M02-B012,4,M02-trial04,single_agent,Single agent,M02-T03,M02-T03-C02,baseline_context,1,0
M02,M02-B012,4,M02-trial04,single_agent,Single agent,M02-T03,M02-T03-C03,baseline_context,0,0
M02,M02-B012,4,M02-trial04,single_agent,Single agent,M02-T03,M02-T03-C04,baseline_context,0,0
M02,M02-B012,4,M02-trial04,single_agent,Single agent,M02-T04,M02-T04-C01,policy_change,1,0
M02,M02-B012,4,M02-trial04,single_agent,Single agent,M02-T04,M02-T04-C02,policy_change,1,0
M02,M02-B012,4,M02-trial04,single_agent,Single agent,M02-T04,M02-T04-C03,policy_change,1,0
M02,M02-B012,4,M02-trial04,single_agent,Single agent,M02-T05,M02-T05-C01,intended_benefit,1,0
M02,M02-B012,4,M02-trial04,single_agent,Single agent,M02-T05,M02-T05-C02,intended_benefit,1,0
M02,M02-B012,4,M02-trial04,single_agent,Single agent,M02-T05,M02-T05-C03,intended_benefit,1,0
M02,M02-B012,4,M02-trial04,single_agent,Single agent,M02-T05,M02-T05-C04,intended_benefit,1,0
M02,M02-B012,4,M02-trial04,single_agent,Single agent,M02-T06,M02-T06-C01,distributional_effect,1,0
M02,M02-B012,4,M02-trial04,single_agent,Single agent,M02-T06,M02-T06-C02,distributional_effect,1,0
M02,M02-B012,4,M02-trial04,single_agent,Single agent,M02-T06,M02-T06-C03,distributional_effect,0,0
M02,M02-B012,4,M02-trial04,single_agent,Single agent,M02-T06,M02-T06-C04,distributional_effect,1,0
M02,M02-B012,4,M02-trial04,single_agent,Single agent,M02-T06,M02-T06-C05,distributional_effect,1,0
M02,M02-B012,4,M02-trial04,single_agent,Single agent,M02-T07,M02-T07-C01,policy_change,0,0
M02,M02-B012,4,M02-trial04,single_agent,Single agent,M02-T07,M02-T07-C02,policy_change,1,0
M02,M02-B012,4,M02-trial04,single_agent,Single agent,M02-T08,M02-T08-C01,accountability,1,0
M02,M02-B012,4,M02-trial04,single_agent,Single agent,M02-T09,M02-T09-C01,baseline_context,0,0
M02,M02-B012,4,M02-trial04,single_agent,Single agent,M02-T09,M02-T09-C02,baseline_context,0,0
M02,M02-B012,4,M02-trial04,single_agent,Single agent,M02-T10,M02-T10-C01,baseline_context,0,0
M02,M02-B012,4,M02-trial04,single_agent,Single agent,M02-T10,M02-T10-C02,baseline_context,0,0
M02,M02-B012,4,M02-trial04,single_agent,Single agent,M02-T10,M02-T10-C03,baseline_context,0,0
M02,M02-B012,4,M02-trial04,single_agent,Single agent,M02-T10,M02-T10-C04,baseline_context,0,0
M02,M02-B012,4,M02-trial04,single_agent,Single agent,M02-T11,M02-T11-C01,fiscal_mechanism,1,0
M02,M02-B012,4,M02-trial04,single_agent,Single agent,M02-T11,M02-T11-C02,fiscal_mechanism,1,0
M02,M02-B012,4,M02-trial04,single_agent,Single agent,M02-T12,M02-T12-C01,funding_allocation,0,0
M02,M02-B012,4,M02-trial04,single_agent,Single agent,M02-T12,M02-T12-C02,funding_allocation,1,0
M02,M02-B012,4,M02-trial04,single_agent,Single agent,M02-T12,M02-T12-C03,funding_allocation,1,0
M02,M02-B012,4,M02-trial04,single_agent,Single agent,M02-T13,M02-T13-C01,funding_allocation,0,0
M02,M02-B012,4,M02-trial04,single_agent,Single agent,M02-T13,M02-T13-C02,funding_allocation,0,0
M02,M02-B012,4,M02-trial04,single_agent,Single agent,M02-T13,M02-T13-C03,funding_allocation,0,0
M02,M02-B012,4,M02-trial04,single_agent,Single agent,M02-T13,M02-T13-C04,funding_allocation,0,0
M02,M02-B012,4,M02-trial04,single_agent,Single agent,M02-T14,M02-T14-C01,affected_groups,1,0
M02,M02-B012,4,M02-trial04,single_agent,Single agent,M02-T14,M02-T14-C02,affected_groups,1,0
M02,M02-B012,4,M02-trial04,single_agent,Single agent,M02-T14,M02-T14-C03,affected_groups,1,0
M02,M02-B012,4,M02-trial04,single_agent,Single agent,M02-T14,M02-T14-C04,affected_groups,1,0
M02,M02-B012,4,M02-trial04,single_agent,Single agent,M02-T15,M02-T15-C01,fiscal_effect,1,0
M02,M02-B012,4,M02-trial04,single_agent,Single agent,M02-T15,M02-T15-C02,fiscal_effect,1,0
M02,M02-B012,4,M02-trial04,single_agent,Single agent,M02-T16,M02-T16-C01,fiscal_cost,1,0
M02,M02-B012,4,M02-trial04,single_agent,Single agent,M02-T16,M02-T16-C02,fiscal_cost,1,0
M02,M02-B012,4,M02-trial04,single_agent,Single agent,M02-T17,M02-T17-C01,fiscal_cost,1,0
M02,M02-B012,4,M02-trial04,single_agent,Single agent,M02-T17,M02-T17-C02,fiscal_cost,1,0
M02,M02-B012,4,M02-trial04,single_agent,Single agent,M02-T17,M02-T17-C03,fiscal_cost,1,0
M02,M02-B012,4,M02-trial04,single_agent,Single agent,M02-T17,M02-T17-C04,fiscal_cost,1,0
M02,M02-B012,4,M02-trial04,single_agent,Single agent,M02-T17,M02-T17-C05,fiscal_cost,1,0
M02,M02-B012,4,M02-trial04,single_agent,Single agent,M02-T18,M02-T18-C01,implementation_cost,1,0
M02,M02-B012,4,M02-trial04,single_agent,Single agent,M02-T19,M02-T19-C01,intended_benefit,1,0
M02,M02-B012,4,M02-trial04,single_agent,Single agent,M02-T19,M02-T19-C02,intended_benefit,1,0
M02,M02-B012,4,M02-trial04,single_agent,Single agent,M02-T20,M02-T20-C01,baseline_context,0,0
M02,M02-B012,4,M02-trial04,single_agent,Single agent,M02-T20,M02-T20-C02,baseline_context,0,0
M02,M02-B012,4,M02-trial04,single_agent,Single agent,M02-T21,M02-T21-C01,baseline_context,0,0
M02,M02-B012,4,M02-trial04,single_agent,Single agent,M02-T21,M02-T21-C02,baseline_context,0,0
M02,M02-B012,4,M02-trial04,single_agent,Single agent,M02-T21,M02-T21-C03,baseline_context,0,0
M02,M02-B012,4,M02-trial04,single_agent,Single agent,M02-T21,M02-T21-C04,baseline_context,0,0
M02,M02-B012,4,M02-trial04,single_agent,Single agent,M02-T22,M02-T22-C01,intended_benefit,1,0
M02,M02-B012,4,M02-trial04,single_agent,Single agent,M02-T22,M02-T22-C02,intended_benefit,1,0
M02,M02-B012,4,M02-trial04,single_agent,Single agent,M02-T22,M02-T22-C03,intended_benefit,1,0
M02,M02-B012,4,M02-trial04,single_agent,Single agent,M02-T22,M02-T22-C04,intended_benefit,1,0
M02,M02-B013,1,M02-trial01,critic_debate,Critic debate,M02-T01,M02-T01-C01,baseline_context,1,0
M02,M02-B013,1,M02-trial01,critic_debate,Critic debate,M02-T01,M02-T01-C02,baseline_context,1,0
M02,M02-B013,1,M02-trial01,critic_debate,Critic debate,M02-T01,M02-T01-C03,baseline_context,0,0
M02,M02-B013,1,M02-trial01,critic_debate,Critic debate,M02-T02,M02-T02-C01,affected_groups,1,0
M02,M02-B013,1,M02-trial01,critic_debate,Critic debate,M02-T02,M02-T02-C02,affected_groups,1,0
M02,M02-B013,1,M02-trial01,critic_debate,Critic debate,M02-T03,M02-T03-C01,baseline_context,0,0
M02,M02-B013,1,M02-trial01,critic_debate,Critic debate,M02-T03,M02-T03-C02,baseline_context,1,0
M02,M02-B013,1,M02-trial01,critic_debate,Critic debate,M02-T03,M02-T03-C03,baseline_context,0,0
M02,M02-B013,1,M02-trial01,critic_debate,Critic debate,M02-T03,M02-T03-C04,baseline_context,0,0
M02,M02-B013,1,M02-trial01,critic_debate,Critic debate,M02-T04,M02-T04-C01,policy_change,1,0
M02,M02-B013,1,M02-trial01,critic_debate,Critic debate,M02-T04,M02-T04-C02,policy_change,1,0
M02,M02-B013,1,M02-trial01,critic_debate,Critic debate,M02-T04,M02-T04-C03,policy_change,0,0
M02,M02-B013,1,M02-trial01,critic_debate,Critic debate,M02-T05,M02-T05-C01,intended_benefit,1,0
M02,M02-B013,1,M02-trial01,critic_debate,Critic debate,M02-T05,M02-T05-C02,intended_benefit,0,0
M02,M02-B013,1,M02-trial01,critic_debate,Critic debate,M02-T05,M02-T05-C03,intended_benefit,1,0
M02,M02-B013,1,M02-trial01,critic_debate,Critic debate,M02-T05,M02-T05-C04,intended_benefit,1,0
M02,M02-B013,1,M02-trial01,critic_debate,Critic debate,M02-T06,M02-T06-C01,distributional_effect,1,0
M02,M02-B013,1,M02-trial01,critic_debate,Critic debate,M02-T06,M02-T06-C02,distributional_effect,1,0
M02,M02-B013,1,M02-trial01,critic_debate,Critic debate,M02-T06,M02-T06-C03,distributional_effect,0,0
M02,M02-B013,1,M02-trial01,critic_debate,Critic debate,M02-T06,M02-T06-C04,distributional_effect,1,0
M02,M02-B013,1,M02-trial01,critic_debate,Critic debate,M02-T06,M02-T06-C05,distributional_effect,1,0
M02,M02-B013,1,M02-trial01,critic_debate,Critic debate,M02-T07,M02-T07-C01,policy_change,0,0
M02,M02-B013,1,M02-trial01,critic_debate,Critic debate,M02-T07,M02-T07-C02,policy_change,1,0
M02,M02-B013,1,M02-trial01,critic_debate,Critic debate,M02-T08,M02-T08-C01,accountability,1,0
M02,M02-B013,1,M02-trial01,critic_debate,Critic debate,M02-T09,M02-T09-C01,baseline_context,1,0
M02,M02-B013,1,M02-trial01,critic_debate,Critic debate,M02-T09,M02-T09-C02,baseline_context,0,0
M02,M02-B013,1,M02-trial01,critic_debate,Critic debate,M02-T10,M02-T10-C01,baseline_context,1,0
M02,M02-B013,1,M02-trial01,critic_debate,Critic debate,M02-T10,M02-T10-C02,baseline_context,1,0
M02,M02-B013,1,M02-trial01,critic_debate,Critic debate,M02-T10,M02-T10-C03,baseline_context,1,0
M02,M02-B013,1,M02-trial01,critic_debate,Critic debate,M02-T10,M02-T10-C04,baseline_context,0,0
M02,M02-B013,1,M02-trial01,critic_debate,Critic debate,M02-T11,M02-T11-C01,fiscal_mechanism,1,0
M02,M02-B013,1,M02-trial01,critic_debate,Critic debate,M02-T11,M02-T11-C02,fiscal_mechanism,1,0
M02,M02-B013,1,M02-trial01,critic_debate,Critic debate,M02-T12,M02-T12-C01,funding_allocation,1,0
M02,M02-B013,1,M02-trial01,critic_debate,Critic debate,M02-T12,M02-T12-C02,funding_allocation,1,0
M02,M02-B013,1,M02-trial01,critic_debate,Critic debate,M02-T12,M02-T12-C03,funding_allocation,0,0
M02,M02-B013,1,M02-trial01,critic_debate,Critic debate,M02-T13,M02-T13-C01,funding_allocation,1,0
M02,M02-B013,1,M02-trial01,critic_debate,Critic debate,M02-T13,M02-T13-C02,funding_allocation,1,0
M02,M02-B013,1,M02-trial01,critic_debate,Critic debate,M02-T13,M02-T13-C03,funding_allocation,1,0
M02,M02-B013,1,M02-trial01,critic_debate,Critic debate,M02-T13,M02-T13-C04,funding_allocation,1,0
M02,M02-B013,1,M02-trial01,critic_debate,Critic debate,M02-T14,M02-T14-C01,affected_groups,1,0
M02,M02-B013,1,M02-trial01,critic_debate,Critic debate,M02-T14,M02-T14-C02,affected_groups,1,0
M02,M02-B013,1,M02-trial01,critic_debate,Critic debate,M02-T14,M02-T14-C03,affected_groups,1,0
M02,M02-B013,1,M02-trial01,critic_debate,Critic debate,M02-T14,M02-T14-C04,affected_groups,1,0
M02,M02-B013,1,M02-trial01,critic_debate,Critic debate,M02-T15,M02-T15-C01,fiscal_effect,1,0
M02,M02-B013,1,M02-trial01,critic_debate,Critic debate,M02-T15,M02-T15-C02,fiscal_effect,1,0
M02,M02-B013,1,M02-trial01,critic_debate,Critic debate,M02-T16,M02-T16-C01,fiscal_cost,1,0
M02,M02-B013,1,M02-trial01,critic_debate,Critic debate,M02-T16,M02-T16-C02,fiscal_cost,1,0
M02,M02-B013,1,M02-trial01,critic_debate,Critic debate,M02-T17,M02-T17-C01,fiscal_cost,1,0
M02,M02-B013,1,M02-trial01,critic_debate,Critic debate,M02-T17,M02-T17-C02,fiscal_cost,1,0
M02,M02-B013,1,M02-trial01,critic_debate,Critic debate,M02-T17,M02-T17-C03,fiscal_cost,1,0
M02,M02-B013,1,M02-trial01,critic_debate,Critic debate,M02-T17,M02-T17-C04,fiscal_cost,0,0
M02,M02-B013,1,M02-trial01,critic_debate,Critic debate,M02-T17,M02-T17-C05,fiscal_cost,1,0
M02,M02-B013,1,M02-trial01,critic_debate,Critic debate,M02-T18,M02-T18-C01,implementation_cost,0,0
M02,M02-B013,1,M02-trial01,critic_debate,Critic debate,M02-T19,M02-T19-C01,intended_benefit,1,0
M02,M02-B013,1,M02-trial01,critic_debate,Critic debate,M02-T19,M02-T19-C02,intended_benefit,0,0
M02,M02-B013,1,M02-trial01,critic_debate,Critic debate,M02-T20,M02-T20-C01,baseline_context,1,0
M02,M02-B013,1,M02-trial01,critic_debate,Critic debate,M02-T20,M02-T20-C02,baseline_context,1,0
M02,M02-B013,1,M02-trial01,critic_debate,Critic debate,M02-T21,M02-T21-C01,baseline_context,0,0
M02,M02-B013,1,M02-trial01,critic_debate,Critic debate,M02-T21,M02-T21-C02,baseline_context,0,0
M02,M02-B013,1,M02-trial01,critic_debate,Critic debate,M02-T21,M02-T21-C03,baseline_context,0,0
M02,M02-B013,1,M02-trial01,critic_debate,Critic debate,M02-T21,M02-T21-C04,baseline_context,1,0
M02,M02-B013,1,M02-trial01,critic_debate,Critic debate,M02-T22,M02-T22-C01,intended_benefit,1,0
M02,M02-B013,1,M02-trial01,critic_debate,Critic debate,M02-T22,M02-T22-C02,intended_benefit,1,0
M02,M02-B013,1,M02-trial01,critic_debate,Critic debate,M02-T22,M02-T22-C03,intended_benefit,1,0
M02,M02-B013,1,M02-trial01,critic_debate,Critic debate,M02-T22,M02-T22-C04,intended_benefit,1,0
M02,M02-B014,2,M02-trial02,independent_ensemble,Independent ensemble,M02-T01,M02-T01-C01,baseline_context,1,0
M02,M02-B014,2,M02-trial02,independent_ensemble,Independent ensemble,M02-T01,M02-T01-C02,baseline_context,1,0
M02,M02-B014,2,M02-trial02,independent_ensemble,Independent ensemble,M02-T01,M02-T01-C03,baseline_context,0,0
M02,M02-B014,2,M02-trial02,independent_ensemble,Independent ensemble,M02-T02,M02-T02-C01,affected_groups,0,0
M02,M02-B014,2,M02-trial02,independent_ensemble,Independent ensemble,M02-T02,M02-T02-C02,affected_groups,0,0
M02,M02-B014,2,M02-trial02,independent_ensemble,Independent ensemble,M02-T03,M02-T03-C01,baseline_context,0,0
M02,M02-B014,2,M02-trial02,independent_ensemble,Independent ensemble,M02-T03,M02-T03-C02,baseline_context,1,0
M02,M02-B014,2,M02-trial02,independent_ensemble,Independent ensemble,M02-T03,M02-T03-C03,baseline_context,0,0
M02,M02-B014,2,M02-trial02,independent_ensemble,Independent ensemble,M02-T03,M02-T03-C04,baseline_context,0,0
M02,M02-B014,2,M02-trial02,independent_ensemble,Independent ensemble,M02-T04,M02-T04-C01,policy_change,1,0
M02,M02-B014,2,M02-trial02,independent_ensemble,Independent ensemble,M02-T04,M02-T04-C02,policy_change,1,0
M02,M02-B014,2,M02-trial02,independent_ensemble,Independent ensemble,M02-T04,M02-T04-C03,policy_change,0,0
M02,M02-B014,2,M02-trial02,independent_ensemble,Independent ensemble,M02-T05,M02-T05-C01,intended_benefit,1,0
M02,M02-B014,2,M02-trial02,independent_ensemble,Independent ensemble,M02-T05,M02-T05-C02,intended_benefit,1,0
M02,M02-B014,2,M02-trial02,independent_ensemble,Independent ensemble,M02-T05,M02-T05-C03,intended_benefit,1,0
M02,M02-B014,2,M02-trial02,independent_ensemble,Independent ensemble,M02-T05,M02-T05-C04,intended_benefit,1,0
M02,M02-B014,2,M02-trial02,independent_ensemble,Independent ensemble,M02-T06,M02-T06-C01,distributional_effect,1,0
M02,M02-B014,2,M02-trial02,independent_ensemble,Independent ensemble,M02-T06,M02-T06-C02,distributional_effect,1,0
M02,M02-B014,2,M02-trial02,independent_ensemble,Independent ensemble,M02-T06,M02-T06-C03,distributional_effect,0,0
M02,M02-B014,2,M02-trial02,independent_ensemble,Independent ensemble,M02-T06,M02-T06-C04,distributional_effect,1,0
M02,M02-B014,2,M02-trial02,independent_ensemble,Independent ensemble,M02-T06,M02-T06-C05,distributional_effect,1,0
M02,M02-B014,2,M02-trial02,independent_ensemble,Independent ensemble,M02-T07,M02-T07-C01,policy_change,0,0
M02,M02-B014,2,M02-trial02,independent_ensemble,Independent ensemble,M02-T07,M02-T07-C02,policy_change,1,0
M02,M02-B014,2,M02-trial02,independent_ensemble,Independent ensemble,M02-T08,M02-T08-C01,accountability,1,0
M02,M02-B014,2,M02-trial02,independent_ensemble,Independent ensemble,M02-T09,M02-T09-C01,baseline_context,1,0
M02,M02-B014,2,M02-trial02,independent_ensemble,Independent ensemble,M02-T09,M02-T09-C02,baseline_context,1,0
M02,M02-B014,2,M02-trial02,independent_ensemble,Independent ensemble,M02-T10,M02-T10-C01,baseline_context,0,0
M02,M02-B014,2,M02-trial02,independent_ensemble,Independent ensemble,M02-T10,M02-T10-C02,baseline_context,0,0
M02,M02-B014,2,M02-trial02,independent_ensemble,Independent ensemble,M02-T10,M02-T10-C03,baseline_context,0,0
M02,M02-B014,2,M02-trial02,independent_ensemble,Independent ensemble,M02-T10,M02-T10-C04,baseline_context,0,0
M02,M02-B014,2,M02-trial02,independent_ensemble,Independent ensemble,M02-T11,M02-T11-C01,fiscal_mechanism,1,0
M02,M02-B014,2,M02-trial02,independent_ensemble,Independent ensemble,M02-T11,M02-T11-C02,fiscal_mechanism,1,0
M02,M02-B014,2,M02-trial02,independent_ensemble,Independent ensemble,M02-T12,M02-T12-C01,funding_allocation,0,0
M02,M02-B014,2,M02-trial02,independent_ensemble,Independent ensemble,M02-T12,M02-T12-C02,funding_allocation,1,0
M02,M02-B014,2,M02-trial02,independent_ensemble,Independent ensemble,M02-T12,M02-T12-C03,funding_allocation,1,0
M02,M02-B014,2,M02-trial02,independent_ensemble,Independent ensemble,M02-T13,M02-T13-C01,funding_allocation,0,0
M02,M02-B014,2,M02-trial02,independent_ensemble,Independent ensemble,M02-T13,M02-T13-C02,funding_allocation,1,0
M02,M02-B014,2,M02-trial02,independent_ensemble,Independent ensemble,M02-T13,M02-T13-C03,funding_allocation,1,0
M02,M02-B014,2,M02-trial02,independent_ensemble,Independent ensemble,M02-T13,M02-T13-C04,funding_allocation,0,0
M02,M02-B014,2,M02-trial02,independent_ensemble,Independent ensemble,M02-T14,M02-T14-C01,affected_groups,1,0
M02,M02-B014,2,M02-trial02,independent_ensemble,Independent ensemble,M02-T14,M02-T14-C02,affected_groups,1,0
M02,M02-B014,2,M02-trial02,independent_ensemble,Independent ensemble,M02-T14,M02-T14-C03,affected_groups,1,0
M02,M02-B014,2,M02-trial02,independent_ensemble,Independent ensemble,M02-T14,M02-T14-C04,affected_groups,1,0
M02,M02-B014,2,M02-trial02,independent_ensemble,Independent ensemble,M02-T15,M02-T15-C01,fiscal_effect,1,0
M02,M02-B014,2,M02-trial02,independent_ensemble,Independent ensemble,M02-T15,M02-T15-C02,fiscal_effect,1,0
M02,M02-B014,2,M02-trial02,independent_ensemble,Independent ensemble,M02-T16,M02-T16-C01,fiscal_cost,1,0
M02,M02-B014,2,M02-trial02,independent_ensemble,Independent ensemble,M02-T16,M02-T16-C02,fiscal_cost,1,0
M02,M02-B014,2,M02-trial02,independent_ensemble,Independent ensemble,M02-T17,M02-T17-C01,fiscal_cost,1,0
M02,M02-B014,2,M02-trial02,independent_ensemble,Independent ensemble,M02-T17,M02-T17-C02,fiscal_cost,1,0
M02,M02-B014,2,M02-trial02,independent_ensemble,Independent ensemble,M02-T17,M02-T17-C03,fiscal_cost,1,0
M02,M02-B014,2,M02-trial02,independent_ensemble,Independent ensemble,M02-T17,M02-T17-C04,fiscal_cost,1,0
M02,M02-B014,2,M02-trial02,independent_ensemble,Independent ensemble,M02-T17,M02-T17-C05,fiscal_cost,1,0
M02,M02-B014,2,M02-trial02,independent_ensemble,Independent ensemble,M02-T18,M02-T18-C01,implementation_cost,1,0
M02,M02-B014,2,M02-trial02,independent_ensemble,Independent ensemble,M02-T19,M02-T19-C01,intended_benefit,1,0
M02,M02-B014,2,M02-trial02,independent_ensemble,Independent ensemble,M02-T19,M02-T19-C02,intended_benefit,1,0
M02,M02-B014,2,M02-trial02,independent_ensemble,Independent ensemble,M02-T20,M02-T20-C01,baseline_context,0,0
M02,M02-B014,2,M02-trial02,independent_ensemble,Independent ensemble,M02-T20,M02-T20-C02,baseline_context,0,0
M02,M02-B014,2,M02-trial02,independent_ensemble,Independent ensemble,M02-T21,M02-T21-C01,baseline_context,0,0
M02,M02-B014,2,M02-trial02,independent_ensemble,Independent ensemble,M02-T21,M02-T21-C02,baseline_context,0,0
M02,M02-B014,2,M02-trial02,independent_ensemble,Independent ensemble,M02-T21,M02-T21-C03,baseline_context,0,0
M02,M02-B014,2,M02-trial02,independent_ensemble,Independent ensemble,M02-T21,M02-T21-C04,baseline_context,0,0
M02,M02-B014,2,M02-trial02,independent_ensemble,Independent ensemble,M02-T22,M02-T22-C01,intended_benefit,1,0
M02,M02-B014,2,M02-trial02,independent_ensemble,Independent ensemble,M02-T22,M02-T22-C02,intended_benefit,1,0
M02,M02-B014,2,M02-trial02,independent_ensemble,Independent ensemble,M02-T22,M02-T22-C03,intended_benefit,1,0
M02,M02-B014,2,M02-trial02,independent_ensemble,Independent ensemble,M02-T22,M02-T22-C04,intended_benefit,1,0
M02,M02-B015,3,M02-trial03,normal_debate,Normal debate,M02-T01,M02-T01-C01,baseline_context,1,0
M02,M02-B015,3,M02-trial03,normal_debate,Normal debate,M02-T01,M02-T01-C02,baseline_context,1,0
M02,M02-B015,3,M02-trial03,normal_debate,Normal debate,M02-T01,M02-T01-C03,baseline_context,0,0
M02,M02-B015,3,M02-trial03,normal_debate,Normal debate,M02-T02,M02-T02-C01,affected_groups,0,0
M02,M02-B015,3,M02-trial03,normal_debate,Normal debate,M02-T02,M02-T02-C02,affected_groups,0,0
M02,M02-B015,3,M02-trial03,normal_debate,Normal debate,M02-T03,M02-T03-C01,baseline_context,1,0
M02,M02-B015,3,M02-trial03,normal_debate,Normal debate,M02-T03,M02-T03-C02,baseline_context,1,0
M02,M02-B015,3,M02-trial03,normal_debate,Normal debate,M02-T03,M02-T03-C03,baseline_context,0,0
M02,M02-B015,3,M02-trial03,normal_debate,Normal debate,M02-T03,M02-T03-C04,baseline_context,0,0
M02,M02-B015,3,M02-trial03,normal_debate,Normal debate,M02-T04,M02-T04-C01,policy_change,1,0
M02,M02-B015,3,M02-trial03,normal_debate,Normal debate,M02-T04,M02-T04-C02,policy_change,1,0
M02,M02-B015,3,M02-trial03,normal_debate,Normal debate,M02-T04,M02-T04-C03,policy_change,1,0
M02,M02-B015,3,M02-trial03,normal_debate,Normal debate,M02-T05,M02-T05-C01,intended_benefit,1,0
M02,M02-B015,3,M02-trial03,normal_debate,Normal debate,M02-T05,M02-T05-C02,intended_benefit,1,0
M02,M02-B015,3,M02-trial03,normal_debate,Normal debate,M02-T05,M02-T05-C03,intended_benefit,1,0
M02,M02-B015,3,M02-trial03,normal_debate,Normal debate,M02-T05,M02-T05-C04,intended_benefit,1,0
M02,M02-B015,3,M02-trial03,normal_debate,Normal debate,M02-T06,M02-T06-C01,distributional_effect,1,0
M02,M02-B015,3,M02-trial03,normal_debate,Normal debate,M02-T06,M02-T06-C02,distributional_effect,1,0
M02,M02-B015,3,M02-trial03,normal_debate,Normal debate,M02-T06,M02-T06-C03,distributional_effect,0,0
M02,M02-B015,3,M02-trial03,normal_debate,Normal debate,M02-T06,M02-T06-C04,distributional_effect,0,1
M02,M02-B015,3,M02-trial03,normal_debate,Normal debate,M02-T06,M02-T06-C05,distributional_effect,1,0
M02,M02-B015,3,M02-trial03,normal_debate,Normal debate,M02-T07,M02-T07-C01,policy_change,0,0
M02,M02-B015,3,M02-trial03,normal_debate,Normal debate,M02-T07,M02-T07-C02,policy_change,1,0
M02,M02-B015,3,M02-trial03,normal_debate,Normal debate,M02-T08,M02-T08-C01,accountability,1,0
M02,M02-B015,3,M02-trial03,normal_debate,Normal debate,M02-T09,M02-T09-C01,baseline_context,1,0
M02,M02-B015,3,M02-trial03,normal_debate,Normal debate,M02-T09,M02-T09-C02,baseline_context,1,0
M02,M02-B015,3,M02-trial03,normal_debate,Normal debate,M02-T10,M02-T10-C01,baseline_context,0,0
M02,M02-B015,3,M02-trial03,normal_debate,Normal debate,M02-T10,M02-T10-C02,baseline_context,0,0
M02,M02-B015,3,M02-trial03,normal_debate,Normal debate,M02-T10,M02-T10-C03,baseline_context,0,0
M02,M02-B015,3,M02-trial03,normal_debate,Normal debate,M02-T10,M02-T10-C04,baseline_context,0,0
M02,M02-B015,3,M02-trial03,normal_debate,Normal debate,M02-T11,M02-T11-C01,fiscal_mechanism,1,0
M02,M02-B015,3,M02-trial03,normal_debate,Normal debate,M02-T11,M02-T11-C02,fiscal_mechanism,1,0
M02,M02-B015,3,M02-trial03,normal_debate,Normal debate,M02-T12,M02-T12-C01,funding_allocation,1,0
M02,M02-B015,3,M02-trial03,normal_debate,Normal debate,M02-T12,M02-T12-C02,funding_allocation,1,0
M02,M02-B015,3,M02-trial03,normal_debate,Normal debate,M02-T12,M02-T12-C03,funding_allocation,1,0
M02,M02-B015,3,M02-trial03,normal_debate,Normal debate,M02-T13,M02-T13-C01,funding_allocation,1,0
M02,M02-B015,3,M02-trial03,normal_debate,Normal debate,M02-T13,M02-T13-C02,funding_allocation,1,0
M02,M02-B015,3,M02-trial03,normal_debate,Normal debate,M02-T13,M02-T13-C03,funding_allocation,1,0
M02,M02-B015,3,M02-trial03,normal_debate,Normal debate,M02-T13,M02-T13-C04,funding_allocation,1,0
M02,M02-B015,3,M02-trial03,normal_debate,Normal debate,M02-T14,M02-T14-C01,affected_groups,1,0
M02,M02-B015,3,M02-trial03,normal_debate,Normal debate,M02-T14,M02-T14-C02,affected_groups,1,0
M02,M02-B015,3,M02-trial03,normal_debate,Normal debate,M02-T14,M02-T14-C03,affected_groups,1,0
M02,M02-B015,3,M02-trial03,normal_debate,Normal debate,M02-T14,M02-T14-C04,affected_groups,1,0
M02,M02-B015,3,M02-trial03,normal_debate,Normal debate,M02-T15,M02-T15-C01,fiscal_effect,1,0
M02,M02-B015,3,M02-trial03,normal_debate,Normal debate,M02-T15,M02-T15-C02,fiscal_effect,1,0
M02,M02-B015,3,M02-trial03,normal_debate,Normal debate,M02-T16,M02-T16-C01,fiscal_cost,1,0
M02,M02-B015,3,M02-trial03,normal_debate,Normal debate,M02-T16,M02-T16-C02,fiscal_cost,1,0
M02,M02-B015,3,M02-trial03,normal_debate,Normal debate,M02-T17,M02-T17-C01,fiscal_cost,1,0
M02,M02-B015,3,M02-trial03,normal_debate,Normal debate,M02-T17,M02-T17-C02,fiscal_cost,1,0
M02,M02-B015,3,M02-trial03,normal_debate,Normal debate,M02-T17,M02-T17-C03,fiscal_cost,1,0
M02,M02-B015,3,M02-trial03,normal_debate,Normal debate,M02-T17,M02-T17-C04,fiscal_cost,1,0
M02,M02-B015,3,M02-trial03,normal_debate,Normal debate,M02-T17,M02-T17-C05,fiscal_cost,1,0
M02,M02-B015,3,M02-trial03,normal_debate,Normal debate,M02-T18,M02-T18-C01,implementation_cost,1,0
M02,M02-B015,3,M02-trial03,normal_debate,Normal debate,M02-T19,M02-T19-C01,intended_benefit,1,0
M02,M02-B015,3,M02-trial03,normal_debate,Normal debate,M02-T19,M02-T19-C02,intended_benefit,1,0
M02,M02-B015,3,M02-trial03,normal_debate,Normal debate,M02-T20,M02-T20-C01,baseline_context,0,0
M02,M02-B015,3,M02-trial03,normal_debate,Normal debate,M02-T20,M02-T20-C02,baseline_context,0,0
M02,M02-B015,3,M02-trial03,normal_debate,Normal debate,M02-T21,M02-T21-C01,baseline_context,0,0
M02,M02-B015,3,M02-trial03,normal_debate,Normal debate,M02-T21,M02-T21-C02,baseline_context,0,0
M02,M02-B015,3,M02-trial03,normal_debate,Normal debate,M02-T21,M02-T21-C03,baseline_context,0,0
M02,M02-B015,3,M02-trial03,normal_debate,Normal debate,M02-T21,M02-T21-C04,baseline_context,0,0
M02,M02-B015,3,M02-trial03,normal_debate,Normal debate,M02-T22,M02-T22-C01,intended_benefit,1,0
M02,M02-B015,3,M02-trial03,normal_debate,Normal debate,M02-T22,M02-T22-C02,intended_benefit,1,0
M02,M02-B015,3,M02-trial03,normal_debate,Normal debate,M02-T22,M02-T22-C03,intended_benefit,1,0
M02,M02-B015,3,M02-trial03,normal_debate,Normal debate,M02-T22,M02-T22-C04,intended_benefit,1,0
M02,M02-B016,4,M02-trial04,critic_debate,Critic debate,M02-T01,M02-T01-C01,baseline_context,1,0
M02,M02-B016,4,M02-trial04,critic_debate,Critic debate,M02-T01,M02-T01-C02,baseline_context,1,0
M02,M02-B016,4,M02-trial04,critic_debate,Critic debate,M02-T01,M02-T01-C03,baseline_context,0,0
M02,M02-B016,4,M02-trial04,critic_debate,Critic debate,M02-T02,M02-T02-C01,affected_groups,1,0
M02,M02-B016,4,M02-trial04,critic_debate,Critic debate,M02-T02,M02-T02-C02,affected_groups,1,0
M02,M02-B016,4,M02-trial04,critic_debate,Critic debate,M02-T03,M02-T03-C01,baseline_context,1,0
M02,M02-B016,4,M02-trial04,critic_debate,Critic debate,M02-T03,M02-T03-C02,baseline_context,1,0
M02,M02-B016,4,M02-trial04,critic_debate,Critic debate,M02-T03,M02-T03-C03,baseline_context,0,0
M02,M02-B016,4,M02-trial04,critic_debate,Critic debate,M02-T03,M02-T03-C04,baseline_context,0,0
M02,M02-B016,4,M02-trial04,critic_debate,Critic debate,M02-T04,M02-T04-C01,policy_change,1,0
M02,M02-B016,4,M02-trial04,critic_debate,Critic debate,M02-T04,M02-T04-C02,policy_change,1,0
M02,M02-B016,4,M02-trial04,critic_debate,Critic debate,M02-T04,M02-T04-C03,policy_change,1,0
M02,M02-B016,4,M02-trial04,critic_debate,Critic debate,M02-T05,M02-T05-C01,intended_benefit,1,0
M02,M02-B016,4,M02-trial04,critic_debate,Critic debate,M02-T05,M02-T05-C02,intended_benefit,0,1
M02,M02-B016,4,M02-trial04,critic_debate,Critic debate,M02-T05,M02-T05-C03,intended_benefit,1,0
M02,M02-B016,4,M02-trial04,critic_debate,Critic debate,M02-T05,M02-T05-C04,intended_benefit,1,0
M02,M02-B016,4,M02-trial04,critic_debate,Critic debate,M02-T06,M02-T06-C01,distributional_effect,1,0
M02,M02-B016,4,M02-trial04,critic_debate,Critic debate,M02-T06,M02-T06-C02,distributional_effect,1,0
M02,M02-B016,4,M02-trial04,critic_debate,Critic debate,M02-T06,M02-T06-C03,distributional_effect,0,0
M02,M02-B016,4,M02-trial04,critic_debate,Critic debate,M02-T06,M02-T06-C04,distributional_effect,1,0
M02,M02-B016,4,M02-trial04,critic_debate,Critic debate,M02-T06,M02-T06-C05,distributional_effect,1,0
M02,M02-B016,4,M02-trial04,critic_debate,Critic debate,M02-T07,M02-T07-C01,policy_change,0,1
M02,M02-B016,4,M02-trial04,critic_debate,Critic debate,M02-T07,M02-T07-C02,policy_change,1,0
M02,M02-B016,4,M02-trial04,critic_debate,Critic debate,M02-T08,M02-T08-C01,accountability,1,0
M02,M02-B016,4,M02-trial04,critic_debate,Critic debate,M02-T09,M02-T09-C01,baseline_context,1,0
M02,M02-B016,4,M02-trial04,critic_debate,Critic debate,M02-T09,M02-T09-C02,baseline_context,0,1
M02,M02-B016,4,M02-trial04,critic_debate,Critic debate,M02-T10,M02-T10-C01,baseline_context,1,0
M02,M02-B016,4,M02-trial04,critic_debate,Critic debate,M02-T10,M02-T10-C02,baseline_context,1,0
M02,M02-B016,4,M02-trial04,critic_debate,Critic debate,M02-T10,M02-T10-C03,baseline_context,1,0
M02,M02-B016,4,M02-trial04,critic_debate,Critic debate,M02-T10,M02-T10-C04,baseline_context,0,0
M02,M02-B016,4,M02-trial04,critic_debate,Critic debate,M02-T11,M02-T11-C01,fiscal_mechanism,1,0
M02,M02-B016,4,M02-trial04,critic_debate,Critic debate,M02-T11,M02-T11-C02,fiscal_mechanism,0,1
M02,M02-B016,4,M02-trial04,critic_debate,Critic debate,M02-T12,M02-T12-C01,funding_allocation,1,0
M02,M02-B016,4,M02-trial04,critic_debate,Critic debate,M02-T12,M02-T12-C02,funding_allocation,1,0
M02,M02-B016,4,M02-trial04,critic_debate,Critic debate,M02-T12,M02-T12-C03,funding_allocation,1,0
M02,M02-B016,4,M02-trial04,critic_debate,Critic debate,M02-T13,M02-T13-C01,funding_allocation,1,0
M02,M02-B016,4,M02-trial04,critic_debate,Critic debate,M02-T13,M02-T13-C02,funding_allocation,1,0
M02,M02-B016,4,M02-trial04,critic_debate,Critic debate,M02-T13,M02-T13-C03,funding_allocation,1,0
M02,M02-B016,4,M02-trial04,critic_debate,Critic debate,M02-T13,M02-T13-C04,funding_allocation,0,0
M02,M02-B016,4,M02-trial04,critic_debate,Critic debate,M02-T14,M02-T14-C01,affected_groups,1,0
M02,M02-B016,4,M02-trial04,critic_debate,Critic debate,M02-T14,M02-T14-C02,affected_groups,1,0
M02,M02-B016,4,M02-trial04,critic_debate,Critic debate,M02-T14,M02-T14-C03,affected_groups,1,0
M02,M02-B016,4,M02-trial04,critic_debate,Critic debate,M02-T14,M02-T14-C04,affected_groups,1,0
M02,M02-B016,4,M02-trial04,critic_debate,Critic debate,M02-T15,M02-T15-C01,fiscal_effect,1,0
M02,M02-B016,4,M02-trial04,critic_debate,Critic debate,M02-T15,M02-T15-C02,fiscal_effect,1,0
M02,M02-B016,4,M02-trial04,critic_debate,Critic debate,M02-T16,M02-T16-C01,fiscal_cost,1,0
M02,M02-B016,4,M02-trial04,critic_debate,Critic debate,M02-T16,M02-T16-C02,fiscal_cost,1,0
M02,M02-B016,4,M02-trial04,critic_debate,Critic debate,M02-T17,M02-T17-C01,fiscal_cost,1,0
M02,M02-B016,4,M02-trial04,critic_debate,Critic debate,M02-T17,M02-T17-C02,fiscal_cost,1,0
M02,M02-B016,4,M02-trial04,critic_debate,Critic debate,M02-T17,M02-T17-C03,fiscal_cost,1,0
M02,M02-B016,4,M02-trial04,critic_debate,Critic debate,M02-T17,M02-T17-C04,fiscal_cost,1,0
M02,M02-B016,4,M02-trial04,critic_debate,Critic debate,M02-T17,M02-T17-C05,fiscal_cost,1,0
M02,M02-B016,4,M02-trial04,critic_debate,Critic debate,M02-T18,M02-T18-C01,implementation_cost,1,0
M02,M02-B016,4,M02-trial04,critic_debate,Critic debate,M02-T19,M02-T19-C01,intended_benefit,1,0
M02,M02-B016,4,M02-trial04,critic_debate,Critic debate,M02-T19,M02-T19-C02,intended_benefit,1,0
M02,M02-B016,4,M02-trial04,critic_debate,Critic debate,M02-T20,M02-T20-C01,baseline_context,1,0
M02,M02-B016,4,M02-trial04,critic_debate,Critic debate,M02-T20,M02-T20-C02,baseline_context,1,0
M02,M02-B016,4,M02-trial04,critic_debate,Critic debate,M02-T21,M02-T21-C01,baseline_context,0,0
M02,M02-B016,4,M02-trial04,critic_debate,Critic debate,M02-T21,M02-T21-C02,baseline_context,1,0
M02,M02-B016,4,M02-trial04,critic_debate,Critic debate,M02-T21,M02-T21-C03,baseline_context,1,0
M02,M02-B016,4,M02-trial04,critic_debate,Critic debate,M02-T21,M02-T21-C04,baseline_context,1,0
M02,M02-B016,4,M02-trial04,critic_debate,Critic debate,M02-T22,M02-T22-C01,intended_benefit,1,0
M02,M02-B016,4,M02-trial04,critic_debate,Critic debate,M02-T22,M02-T22-C02,intended_benefit,1,0
M02,M02-B016,4,M02-trial04,critic_debate,Critic debate,M02-T22,M02-T22-C03,intended_benefit,1,0
M02,M02-B016,4,M02-trial04,critic_debate,Critic debate,M02-T22,M02-T22-C04,intended_benefit,1,0
M03,M03-B001,3,M03-trial03,independent_ensemble,Independent ensemble,M03-T01,M03-T01-C01,policy_change,1,0
M03,M03-B001,3,M03-trial03,independent_ensemble,Independent ensemble,M03-T01,M03-T01-C02,policy_change,1,0
M03,M03-B001,3,M03-trial03,independent_ensemble,Independent ensemble,M03-T01,M03-T01-C03,policy_change,1,0
M03,M03-B001,3,M03-trial03,independent_ensemble,Independent ensemble,M03-T02,M03-T02-C01,allocation,1,0
M03,M03-B001,3,M03-trial03,independent_ensemble,Independent ensemble,M03-T02,M03-T02-C02,allocation,1,0
M03,M03-B001,3,M03-trial03,independent_ensemble,Independent ensemble,M03-T03,M03-T03-C01,allocation,1,0
M03,M03-B001,3,M03-trial03,independent_ensemble,Independent ensemble,M03-T03,M03-T03-C02,allocation,1,0
M03,M03-B001,3,M03-trial03,independent_ensemble,Independent ensemble,M03-T03,M03-T03-C03,allocation,1,0
M03,M03-B001,3,M03-trial03,independent_ensemble,Independent ensemble,M03-T03,M03-T03-C04,allocation,1,0
M03,M03-B001,3,M03-trial03,independent_ensemble,Independent ensemble,M03-T04,M03-T04-C01,implementation,1,0
M03,M03-B001,3,M03-trial03,independent_ensemble,Independent ensemble,M03-T04,M03-T04-C02,implementation,1,0
M03,M03-B001,3,M03-trial03,independent_ensemble,Independent ensemble,M03-T05,M03-T05-C01,distributional_rule,1,0
M03,M03-B001,3,M03-trial03,independent_ensemble,Independent ensemble,M03-T06,M03-T06-C01,allocation_and_governance,0,0
M03,M03-B001,3,M03-trial03,independent_ensemble,Independent ensemble,M03-T06,M03-T06-C02,allocation_and_governance,0,0
M03,M03-B001,3,M03-trial03,independent_ensemble,Independent ensemble,M03-T06,M03-T06-C03,allocation_and_governance,0,0
M03,M03-B001,3,M03-trial03,independent_ensemble,Independent ensemble,M03-T06,M03-T06-C04,allocation_and_governance,0,0
M03,M03-B001,3,M03-trial03,independent_ensemble,Independent ensemble,M03-T06,M03-T06-C05,allocation_and_governance,0,0
M03,M03-B001,3,M03-trial03,independent_ensemble,Independent ensemble,M03-T06,M03-T06-C06,allocation_and_governance,1,0
M03,M03-B001,3,M03-trial03,independent_ensemble,Independent ensemble,M03-T06,M03-T06-C07,allocation_and_governance,1,0
M03,M03-B001,3,M03-trial03,independent_ensemble,Independent ensemble,M03-T07,M03-T07-C01,intended_use,1,0
M03,M03-B001,3,M03-trial03,independent_ensemble,Independent ensemble,M03-T07,M03-T07-C02,intended_use,1,0
M03,M03-B001,3,M03-trial03,independent_ensemble,Independent ensemble,M03-T07,M03-T07-C03,intended_use,1,0
M03,M03-B001,3,M03-trial03,independent_ensemble,Independent ensemble,M03-T08,M03-T08-C01,intended_use,0,0
M03,M03-B001,3,M03-trial03,independent_ensemble,Independent ensemble,M03-T08,M03-T08-C02,intended_use,0,0
M03,M03-B001,3,M03-trial03,independent_ensemble,Independent ensemble,M03-T08,M03-T08-C03,intended_use,0,0
M03,M03-B001,3,M03-trial03,independent_ensemble,Independent ensemble,M03-T09,M03-T09-C01,intended_use,0,0
M03,M03-B001,3,M03-trial03,independent_ensemble,Independent ensemble,M03-T09,M03-T09-C02,intended_use,0,0
M03,M03-B001,3,M03-trial03,independent_ensemble,Independent ensemble,M03-T09,M03-T09-C03,intended_use,0,0
M03,M03-B001,3,M03-trial03,independent_ensemble,Independent ensemble,M03-T09,M03-T09-C04,intended_use,0,0
M03,M03-B001,3,M03-trial03,independent_ensemble,Independent ensemble,M03-T09,M03-T09-C05,intended_use,0,0
M03,M03-B001,3,M03-trial03,independent_ensemble,Independent ensemble,M03-T10,M03-T10-C01,state_local_cost_sharing,1,0
M03,M03-B001,3,M03-trial03,independent_ensemble,Independent ensemble,M03-T10,M03-T10-C02,state_local_cost_sharing,1,0
M03,M03-B001,3,M03-trial03,independent_ensemble,Independent ensemble,M03-T10,M03-T10-C03,state_local_cost_sharing,1,0
M03,M03-B001,3,M03-trial03,independent_ensemble,Independent ensemble,M03-T11,M03-T11-C01,distributional_rule,1,0
M03,M03-B001,3,M03-trial03,independent_ensemble,Independent ensemble,M03-T11,M03-T11-C02,distributional_rule,1,0
M03,M03-B001,3,M03-trial03,independent_ensemble,Independent ensemble,M03-T11,M03-T11-C03,distributional_rule,1,0
M03,M03-B001,3,M03-trial03,independent_ensemble,Independent ensemble,M03-T11,M03-T11-C04,distributional_rule,1,0
M03,M03-B001,3,M03-trial03,independent_ensemble,Independent ensemble,M03-T12,M03-T12-C01,eligibility_change,1,0
M03,M03-B001,3,M03-trial03,independent_ensemble,Independent ensemble,M03-T12,M03-T12-C02,eligibility_change,1,0
M03,M03-B001,3,M03-trial03,independent_ensemble,Independent ensemble,M03-T12,M03-T12-C03,eligibility_change,1,0
M03,M03-B001,3,M03-trial03,independent_ensemble,Independent ensemble,M03-T13,M03-T13-C01,accountability,1,0
M03,M03-B001,3,M03-trial03,independent_ensemble,Independent ensemble,M03-T13,M03-T13-C02,accountability,1,0
M03,M03-B001,3,M03-trial03,independent_ensemble,Independent ensemble,M03-T13,M03-T13-C03,accountability,1,0
M03,M03-B001,3,M03-trial03,independent_ensemble,Independent ensemble,M03-T14,M03-T14-C01,state_fiscal_cost,1,0
M03,M03-B001,3,M03-trial03,independent_ensemble,Independent ensemble,M03-T14,M03-T14-C02,state_fiscal_cost,1,0
M03,M03-B001,3,M03-trial03,independent_ensemble,Independent ensemble,M03-T14,M03-T14-C03,state_fiscal_cost,1,0
M03,M03-B001,3,M03-trial03,independent_ensemble,Independent ensemble,M03-T15,M03-T15-C01,fiscal_scale,1,0
M03,M03-B001,3,M03-trial03,independent_ensemble,Independent ensemble,M03-T15,M03-T15-C02,fiscal_scale,1,0
M03,M03-B001,3,M03-trial03,independent_ensemble,Independent ensemble,M03-T16,M03-T16-C01,borrowing_cost,1,0
M03,M03-B001,3,M03-trial03,independent_ensemble,Independent ensemble,M03-T16,M03-T16-C02,borrowing_cost,1,0
M03,M03-B001,3,M03-trial03,independent_ensemble,Independent ensemble,M03-T16,M03-T16-C03,borrowing_cost,1,0
M03,M03-B001,3,M03-trial03,independent_ensemble,Independent ensemble,M03-T16,M03-T16-C04,borrowing_cost,1,0
M03,M03-B001,3,M03-trial03,independent_ensemble,Independent ensemble,M03-T17,M03-T17-C01,local_fiscal_tradeoff_and_uncertainty,1,0
M03,M03-B001,3,M03-trial03,independent_ensemble,Independent ensemble,M03-T17,M03-T17-C02,local_fiscal_tradeoff_and_uncertainty,1,0
M03,M03-B001,3,M03-trial03,independent_ensemble,Independent ensemble,M03-T17,M03-T17-C03,local_fiscal_tradeoff_and_uncertainty,1,0
M03,M03-B001,3,M03-trial03,independent_ensemble,Independent ensemble,M03-T17,M03-T17-C04,local_fiscal_tradeoff_and_uncertainty,1,0
M03,M03-B001,3,M03-trial03,independent_ensemble,Independent ensemble,M03-T17,M03-T17-C05,local_fiscal_tradeoff_and_uncertainty,0,0
M03,M03-B001,3,M03-trial03,independent_ensemble,Independent ensemble,M03-T17,M03-T17-C06,local_fiscal_tradeoff_and_uncertainty,1,0
M03,M03-B002,3,M03-trial03,normal_debate,Normal debate,M03-T01,M03-T01-C01,policy_change,1,0
M03,M03-B002,3,M03-trial03,normal_debate,Normal debate,M03-T01,M03-T01-C02,policy_change,1,0
M03,M03-B002,3,M03-trial03,normal_debate,Normal debate,M03-T01,M03-T01-C03,policy_change,1,0
M03,M03-B002,3,M03-trial03,normal_debate,Normal debate,M03-T02,M03-T02-C01,allocation,1,0
M03,M03-B002,3,M03-trial03,normal_debate,Normal debate,M03-T02,M03-T02-C02,allocation,1,0
M03,M03-B002,3,M03-trial03,normal_debate,Normal debate,M03-T03,M03-T03-C01,allocation,1,0
M03,M03-B002,3,M03-trial03,normal_debate,Normal debate,M03-T03,M03-T03-C02,allocation,1,0
M03,M03-B002,3,M03-trial03,normal_debate,Normal debate,M03-T03,M03-T03-C03,allocation,1,0
M03,M03-B002,3,M03-trial03,normal_debate,Normal debate,M03-T03,M03-T03-C04,allocation,1,0
M03,M03-B002,3,M03-trial03,normal_debate,Normal debate,M03-T04,M03-T04-C01,implementation,1,0
M03,M03-B002,3,M03-trial03,normal_debate,Normal debate,M03-T04,M03-T04-C02,implementation,1,0
M03,M03-B002,3,M03-trial03,normal_debate,Normal debate,M03-T05,M03-T05-C01,distributional_rule,1,0
M03,M03-B002,3,M03-trial03,normal_debate,Normal debate,M03-T06,M03-T06-C01,allocation_and_governance,0,0
M03,M03-B002,3,M03-trial03,normal_debate,Normal debate,M03-T06,M03-T06-C02,allocation_and_governance,0,0
M03,M03-B002,3,M03-trial03,normal_debate,Normal debate,M03-T06,M03-T06-C03,allocation_and_governance,0,0
M03,M03-B002,3,M03-trial03,normal_debate,Normal debate,M03-T06,M03-T06-C04,allocation_and_governance,0,0
M03,M03-B002,3,M03-trial03,normal_debate,Normal debate,M03-T06,M03-T06-C05,allocation_and_governance,0,0
M03,M03-B002,3,M03-trial03,normal_debate,Normal debate,M03-T06,M03-T06-C06,allocation_and_governance,1,0
M03,M03-B002,3,M03-trial03,normal_debate,Normal debate,M03-T06,M03-T06-C07,allocation_and_governance,1,0
M03,M03-B002,3,M03-trial03,normal_debate,Normal debate,M03-T07,M03-T07-C01,intended_use,1,0
M03,M03-B002,3,M03-trial03,normal_debate,Normal debate,M03-T07,M03-T07-C02,intended_use,1,0
M03,M03-B002,3,M03-trial03,normal_debate,Normal debate,M03-T07,M03-T07-C03,intended_use,1,0
M03,M03-B002,3,M03-trial03,normal_debate,Normal debate,M03-T08,M03-T08-C01,intended_use,1,0
M03,M03-B002,3,M03-trial03,normal_debate,Normal debate,M03-T08,M03-T08-C02,intended_use,0,0
M03,M03-B002,3,M03-trial03,normal_debate,Normal debate,M03-T08,M03-T08-C03,intended_use,0,0
M03,M03-B002,3,M03-trial03,normal_debate,Normal debate,M03-T09,M03-T09-C01,intended_use,1,0
M03,M03-B002,3,M03-trial03,normal_debate,Normal debate,M03-T09,M03-T09-C02,intended_use,1,0
M03,M03-B002,3,M03-trial03,normal_debate,Normal debate,M03-T09,M03-T09-C03,intended_use,1,0
M03,M03-B002,3,M03-trial03,normal_debate,Normal debate,M03-T09,M03-T09-C04,intended_use,1,0
M03,M03-B002,3,M03-trial03,normal_debate,Normal debate,M03-T09,M03-T09-C05,intended_use,1,0
M03,M03-B002,3,M03-trial03,normal_debate,Normal debate,M03-T10,M03-T10-C01,state_local_cost_sharing,1,0
M03,M03-B002,3,M03-trial03,normal_debate,Normal debate,M03-T10,M03-T10-C02,state_local_cost_sharing,1,0
M03,M03-B002,3,M03-trial03,normal_debate,Normal debate,M03-T10,M03-T10-C03,state_local_cost_sharing,1,0
M03,M03-B002,3,M03-trial03,normal_debate,Normal debate,M03-T11,M03-T11-C01,distributional_rule,1,0
M03,M03-B002,3,M03-trial03,normal_debate,Normal debate,M03-T11,M03-T11-C02,distributional_rule,1,0
M03,M03-B002,3,M03-trial03,normal_debate,Normal debate,M03-T11,M03-T11-C03,distributional_rule,1,0
M03,M03-B002,3,M03-trial03,normal_debate,Normal debate,M03-T11,M03-T11-C04,distributional_rule,1,0
M03,M03-B002,3,M03-trial03,normal_debate,Normal debate,M03-T12,M03-T12-C01,eligibility_change,1,0
M03,M03-B002,3,M03-trial03,normal_debate,Normal debate,M03-T12,M03-T12-C02,eligibility_change,1,0
M03,M03-B002,3,M03-trial03,normal_debate,Normal debate,M03-T12,M03-T12-C03,eligibility_change,1,0
M03,M03-B002,3,M03-trial03,normal_debate,Normal debate,M03-T13,M03-T13-C01,accountability,1,0
M03,M03-B002,3,M03-trial03,normal_debate,Normal debate,M03-T13,M03-T13-C02,accountability,1,0
M03,M03-B002,3,M03-trial03,normal_debate,Normal debate,M03-T13,M03-T13-C03,accountability,1,0
M03,M03-B002,3,M03-trial03,normal_debate,Normal debate,M03-T14,M03-T14-C01,state_fiscal_cost,1,0
M03,M03-B002,3,M03-trial03,normal_debate,Normal debate,M03-T14,M03-T14-C02,state_fiscal_cost,1,0
M03,M03-B002,3,M03-trial03,normal_debate,Normal debate,M03-T14,M03-T14-C03,state_fiscal_cost,1,0
M03,M03-B002,3,M03-trial03,normal_debate,Normal debate,M03-T15,M03-T15-C01,fiscal_scale,1,0
M03,M03-B002,3,M03-trial03,normal_debate,Normal debate,M03-T15,M03-T15-C02,fiscal_scale,1,0
M03,M03-B002,3,M03-trial03,normal_debate,Normal debate,M03-T16,M03-T16-C01,borrowing_cost,1,0
M03,M03-B002,3,M03-trial03,normal_debate,Normal debate,M03-T16,M03-T16-C02,borrowing_cost,1,0
M03,M03-B002,3,M03-trial03,normal_debate,Normal debate,M03-T16,M03-T16-C03,borrowing_cost,1,0
M03,M03-B002,3,M03-trial03,normal_debate,Normal debate,M03-T16,M03-T16-C04,borrowing_cost,1,0
M03,M03-B002,3,M03-trial03,normal_debate,Normal debate,M03-T17,M03-T17-C01,local_fiscal_tradeoff_and_uncertainty,1,0
M03,M03-B002,3,M03-trial03,normal_debate,Normal debate,M03-T17,M03-T17-C02,local_fiscal_tradeoff_and_uncertainty,1,0
M03,M03-B002,3,M03-trial03,normal_debate,Normal debate,M03-T17,M03-T17-C03,local_fiscal_tradeoff_and_uncertainty,1,0
M03,M03-B002,3,M03-trial03,normal_debate,Normal debate,M03-T17,M03-T17-C04,local_fiscal_tradeoff_and_uncertainty,1,0
M03,M03-B002,3,M03-trial03,normal_debate,Normal debate,M03-T17,M03-T17-C05,local_fiscal_tradeoff_and_uncertainty,0,0
M03,M03-B002,3,M03-trial03,normal_debate,Normal debate,M03-T17,M03-T17-C06,local_fiscal_tradeoff_and_uncertainty,1,0
M03,M03-B003,2,M03-trial02,single_agent,Single agent,M03-T01,M03-T01-C01,policy_change,1,0
M03,M03-B003,2,M03-trial02,single_agent,Single agent,M03-T01,M03-T01-C02,policy_change,1,0
M03,M03-B003,2,M03-trial02,single_agent,Single agent,M03-T01,M03-T01-C03,policy_change,1,0
M03,M03-B003,2,M03-trial02,single_agent,Single agent,M03-T02,M03-T02-C01,allocation,0,0
M03,M03-B003,2,M03-trial02,single_agent,Single agent,M03-T02,M03-T02-C02,allocation,0,0
M03,M03-B003,2,M03-trial02,single_agent,Single agent,M03-T03,M03-T03-C01,allocation,1,0
M03,M03-B003,2,M03-trial02,single_agent,Single agent,M03-T03,M03-T03-C02,allocation,1,0
M03,M03-B003,2,M03-trial02,single_agent,Single agent,M03-T03,M03-T03-C03,allocation,1,0
M03,M03-B003,2,M03-trial02,single_agent,Single agent,M03-T03,M03-T03-C04,allocation,1,0
M03,M03-B003,2,M03-trial02,single_agent,Single agent,M03-T04,M03-T04-C01,implementation,1,0
M03,M03-B003,2,M03-trial02,single_agent,Single agent,M03-T04,M03-T04-C02,implementation,1,0
M03,M03-B003,2,M03-trial02,single_agent,Single agent,M03-T05,M03-T05-C01,distributional_rule,0,0
M03,M03-B003,2,M03-trial02,single_agent,Single agent,M03-T06,M03-T06-C01,allocation_and_governance,0,0
M03,M03-B003,2,M03-trial02,single_agent,Single agent,M03-T06,M03-T06-C02,allocation_and_governance,0,0
M03,M03-B003,2,M03-trial02,single_agent,Single agent,M03-T06,M03-T06-C03,allocation_and_governance,0,0
M03,M03-B003,2,M03-trial02,single_agent,Single agent,M03-T06,M03-T06-C04,allocation_and_governance,0,0
M03,M03-B003,2,M03-trial02,single_agent,Single agent,M03-T06,M03-T06-C05,allocation_and_governance,0,0
M03,M03-B003,2,M03-trial02,single_agent,Single agent,M03-T06,M03-T06-C06,allocation_and_governance,1,0
M03,M03-B003,2,M03-trial02,single_agent,Single agent,M03-T06,M03-T06-C07,allocation_and_governance,1,0
M03,M03-B003,2,M03-trial02,single_agent,Single agent,M03-T07,M03-T07-C01,intended_use,1,0
M03,M03-B003,2,M03-trial02,single_agent,Single agent,M03-T07,M03-T07-C02,intended_use,1,0
M03,M03-B003,2,M03-trial02,single_agent,Single agent,M03-T07,M03-T07-C03,intended_use,1,0
M03,M03-B003,2,M03-trial02,single_agent,Single agent,M03-T08,M03-T08-C01,intended_use,0,0
M03,M03-B003,2,M03-trial02,single_agent,Single agent,M03-T08,M03-T08-C02,intended_use,0,0
M03,M03-B003,2,M03-trial02,single_agent,Single agent,M03-T08,M03-T08-C03,intended_use,0,0
M03,M03-B003,2,M03-trial02,single_agent,Single agent,M03-T09,M03-T09-C01,intended_use,0,0
M03,M03-B003,2,M03-trial02,single_agent,Single agent,M03-T09,M03-T09-C02,intended_use,0,0
M03,M03-B003,2,M03-trial02,single_agent,Single agent,M03-T09,M03-T09-C03,intended_use,0,0
M03,M03-B003,2,M03-trial02,single_agent,Single agent,M03-T09,M03-T09-C04,intended_use,0,0
M03,M03-B003,2,M03-trial02,single_agent,Single agent,M03-T09,M03-T09-C05,intended_use,0,0
M03,M03-B003,2,M03-trial02,single_agent,Single agent,M03-T10,M03-T10-C01,state_local_cost_sharing,1,0
M03,M03-B003,2,M03-trial02,single_agent,Single agent,M03-T10,M03-T10-C02,state_local_cost_sharing,1,0
M03,M03-B003,2,M03-trial02,single_agent,Single agent,M03-T10,M03-T10-C03,state_local_cost_sharing,1,0
M03,M03-B003,2,M03-trial02,single_agent,Single agent,M03-T11,M03-T11-C01,distributional_rule,1,0
M03,M03-B003,2,M03-trial02,single_agent,Single agent,M03-T11,M03-T11-C02,distributional_rule,1,0
M03,M03-B003,2,M03-trial02,single_agent,Single agent,M03-T11,M03-T11-C03,distributional_rule,1,0
M03,M03-B003,2,M03-trial02,single_agent,Single agent,M03-T11,M03-T11-C04,distributional_rule,1,0
M03,M03-B003,2,M03-trial02,single_agent,Single agent,M03-T12,M03-T12-C01,eligibility_change,1,0
M03,M03-B003,2,M03-trial02,single_agent,Single agent,M03-T12,M03-T12-C02,eligibility_change,1,0
M03,M03-B003,2,M03-trial02,single_agent,Single agent,M03-T12,M03-T12-C03,eligibility_change,1,0
M03,M03-B003,2,M03-trial02,single_agent,Single agent,M03-T13,M03-T13-C01,accountability,1,0
M03,M03-B003,2,M03-trial02,single_agent,Single agent,M03-T13,M03-T13-C02,accountability,1,0
M03,M03-B003,2,M03-trial02,single_agent,Single agent,M03-T13,M03-T13-C03,accountability,1,0
M03,M03-B003,2,M03-trial02,single_agent,Single agent,M03-T14,M03-T14-C01,state_fiscal_cost,1,0
M03,M03-B003,2,M03-trial02,single_agent,Single agent,M03-T14,M03-T14-C02,state_fiscal_cost,1,0
M03,M03-B003,2,M03-trial02,single_agent,Single agent,M03-T14,M03-T14-C03,state_fiscal_cost,1,0
M03,M03-B003,2,M03-trial02,single_agent,Single agent,M03-T15,M03-T15-C01,fiscal_scale,1,0
M03,M03-B003,2,M03-trial02,single_agent,Single agent,M03-T15,M03-T15-C02,fiscal_scale,1,0
M03,M03-B003,2,M03-trial02,single_agent,Single agent,M03-T16,M03-T16-C01,borrowing_cost,1,0
M03,M03-B003,2,M03-trial02,single_agent,Single agent,M03-T16,M03-T16-C02,borrowing_cost,1,0
M03,M03-B003,2,M03-trial02,single_agent,Single agent,M03-T16,M03-T16-C03,borrowing_cost,1,0
M03,M03-B003,2,M03-trial02,single_agent,Single agent,M03-T16,M03-T16-C04,borrowing_cost,1,0
M03,M03-B003,2,M03-trial02,single_agent,Single agent,M03-T17,M03-T17-C01,local_fiscal_tradeoff_and_uncertainty,1,0
M03,M03-B003,2,M03-trial02,single_agent,Single agent,M03-T17,M03-T17-C02,local_fiscal_tradeoff_and_uncertainty,1,0
M03,M03-B003,2,M03-trial02,single_agent,Single agent,M03-T17,M03-T17-C03,local_fiscal_tradeoff_and_uncertainty,1,0
M03,M03-B003,2,M03-trial02,single_agent,Single agent,M03-T17,M03-T17-C04,local_fiscal_tradeoff_and_uncertainty,1,0
M03,M03-B003,2,M03-trial02,single_agent,Single agent,M03-T17,M03-T17-C05,local_fiscal_tradeoff_and_uncertainty,0,0
M03,M03-B003,2,M03-trial02,single_agent,Single agent,M03-T17,M03-T17-C06,local_fiscal_tradeoff_and_uncertainty,1,0
M03,M03-B004,4,M03-trial04,normal_debate,Normal debate,M03-T01,M03-T01-C01,policy_change,1,0
M03,M03-B004,4,M03-trial04,normal_debate,Normal debate,M03-T01,M03-T01-C02,policy_change,1,0
M03,M03-B004,4,M03-trial04,normal_debate,Normal debate,M03-T01,M03-T01-C03,policy_change,1,0
M03,M03-B004,4,M03-trial04,normal_debate,Normal debate,M03-T02,M03-T02-C01,allocation,1,0
M03,M03-B004,4,M03-trial04,normal_debate,Normal debate,M03-T02,M03-T02-C02,allocation,1,0
M03,M03-B004,4,M03-trial04,normal_debate,Normal debate,M03-T03,M03-T03-C01,allocation,1,0
M03,M03-B004,4,M03-trial04,normal_debate,Normal debate,M03-T03,M03-T03-C02,allocation,1,0
M03,M03-B004,4,M03-trial04,normal_debate,Normal debate,M03-T03,M03-T03-C03,allocation,1,0
M03,M03-B004,4,M03-trial04,normal_debate,Normal debate,M03-T03,M03-T03-C04,allocation,1,0
M03,M03-B004,4,M03-trial04,normal_debate,Normal debate,M03-T04,M03-T04-C01,implementation,1,0
M03,M03-B004,4,M03-trial04,normal_debate,Normal debate,M03-T04,M03-T04-C02,implementation,1,0
M03,M03-B004,4,M03-trial04,normal_debate,Normal debate,M03-T05,M03-T05-C01,distributional_rule,1,0
M03,M03-B004,4,M03-trial04,normal_debate,Normal debate,M03-T06,M03-T06-C01,allocation_and_governance,0,0
M03,M03-B004,4,M03-trial04,normal_debate,Normal debate,M03-T06,M03-T06-C02,allocation_and_governance,0,0
M03,M03-B004,4,M03-trial04,normal_debate,Normal debate,M03-T06,M03-T06-C03,allocation_and_governance,0,0
M03,M03-B004,4,M03-trial04,normal_debate,Normal debate,M03-T06,M03-T06-C04,allocation_and_governance,0,0
M03,M03-B004,4,M03-trial04,normal_debate,Normal debate,M03-T06,M03-T06-C05,allocation_and_governance,0,0
M03,M03-B004,4,M03-trial04,normal_debate,Normal debate,M03-T06,M03-T06-C06,allocation_and_governance,1,0
M03,M03-B004,4,M03-trial04,normal_debate,Normal debate,M03-T06,M03-T06-C07,allocation_and_governance,1,0
M03,M03-B004,4,M03-trial04,normal_debate,Normal debate,M03-T07,M03-T07-C01,intended_use,1,0
M03,M03-B004,4,M03-trial04,normal_debate,Normal debate,M03-T07,M03-T07-C02,intended_use,0,0
M03,M03-B004,4,M03-trial04,normal_debate,Normal debate,M03-T07,M03-T07-C03,intended_use,1,0
M03,M03-B004,4,M03-trial04,normal_debate,Normal debate,M03-T08,M03-T08-C01,intended_use,0,0
M03,M03-B004,4,M03-trial04,normal_debate,Normal debate,M03-T08,M03-T08-C02,intended_use,0,0
M03,M03-B004,4,M03-trial04,normal_debate,Normal debate,M03-T08,M03-T08-C03,intended_use,0,0
M03,M03-B004,4,M03-trial04,normal_debate,Normal debate,M03-T09,M03-T09-C01,intended_use,0,0
M03,M03-B004,4,M03-trial04,normal_debate,Normal debate,M03-T09,M03-T09-C02,intended_use,0,0
M03,M03-B004,4,M03-trial04,normal_debate,Normal debate,M03-T09,M03-T09-C03,intended_use,0,0
M03,M03-B004,4,M03-trial04,normal_debate,Normal debate,M03-T09,M03-T09-C04,intended_use,0,0
M03,M03-B004,4,M03-trial04,normal_debate,Normal debate,M03-T09,M03-T09-C05,intended_use,0,0
M03,M03-B004,4,M03-trial04,normal_debate,Normal debate,M03-T10,M03-T10-C01,state_local_cost_sharing,1,0
M03,M03-B004,4,M03-trial04,normal_debate,Normal debate,M03-T10,M03-T10-C02,state_local_cost_sharing,1,0
M03,M03-B004,4,M03-trial04,normal_debate,Normal debate,M03-T10,M03-T10-C03,state_local_cost_sharing,1,0
M03,M03-B004,4,M03-trial04,normal_debate,Normal debate,M03-T11,M03-T11-C01,distributional_rule,1,0
M03,M03-B004,4,M03-trial04,normal_debate,Normal debate,M03-T11,M03-T11-C02,distributional_rule,1,0
M03,M03-B004,4,M03-trial04,normal_debate,Normal debate,M03-T11,M03-T11-C03,distributional_rule,1,0
M03,M03-B004,4,M03-trial04,normal_debate,Normal debate,M03-T11,M03-T11-C04,distributional_rule,1,0
M03,M03-B004,4,M03-trial04,normal_debate,Normal debate,M03-T12,M03-T12-C01,eligibility_change,1,0
M03,M03-B004,4,M03-trial04,normal_debate,Normal debate,M03-T12,M03-T12-C02,eligibility_change,1,0
M03,M03-B004,4,M03-trial04,normal_debate,Normal debate,M03-T12,M03-T12-C03,eligibility_change,1,0
M03,M03-B004,4,M03-trial04,normal_debate,Normal debate,M03-T13,M03-T13-C01,accountability,1,0
M03,M03-B004,4,M03-trial04,normal_debate,Normal debate,M03-T13,M03-T13-C02,accountability,1,0
M03,M03-B004,4,M03-trial04,normal_debate,Normal debate,M03-T13,M03-T13-C03,accountability,1,0
M03,M03-B004,4,M03-trial04,normal_debate,Normal debate,M03-T14,M03-T14-C01,state_fiscal_cost,1,0
M03,M03-B004,4,M03-trial04,normal_debate,Normal debate,M03-T14,M03-T14-C02,state_fiscal_cost,1,0
M03,M03-B004,4,M03-trial04,normal_debate,Normal debate,M03-T14,M03-T14-C03,state_fiscal_cost,1,0
M03,M03-B004,4,M03-trial04,normal_debate,Normal debate,M03-T15,M03-T15-C01,fiscal_scale,1,0
M03,M03-B004,4,M03-trial04,normal_debate,Normal debate,M03-T15,M03-T15-C02,fiscal_scale,1,0
M03,M03-B004,4,M03-trial04,normal_debate,Normal debate,M03-T16,M03-T16-C01,borrowing_cost,1,0
M03,M03-B004,4,M03-trial04,normal_debate,Normal debate,M03-T16,M03-T16-C02,borrowing_cost,1,0
M03,M03-B004,4,M03-trial04,normal_debate,Normal debate,M03-T16,M03-T16-C03,borrowing_cost,1,0
M03,M03-B004,4,M03-trial04,normal_debate,Normal debate,M03-T16,M03-T16-C04,borrowing_cost,1,0
M03,M03-B004,4,M03-trial04,normal_debate,Normal debate,M03-T17,M03-T17-C01,local_fiscal_tradeoff_and_uncertainty,1,0
M03,M03-B004,4,M03-trial04,normal_debate,Normal debate,M03-T17,M03-T17-C02,local_fiscal_tradeoff_and_uncertainty,1,0
M03,M03-B004,4,M03-trial04,normal_debate,Normal debate,M03-T17,M03-T17-C03,local_fiscal_tradeoff_and_uncertainty,1,0
M03,M03-B004,4,M03-trial04,normal_debate,Normal debate,M03-T17,M03-T17-C04,local_fiscal_tradeoff_and_uncertainty,1,0
M03,M03-B004,4,M03-trial04,normal_debate,Normal debate,M03-T17,M03-T17-C05,local_fiscal_tradeoff_and_uncertainty,0,0
M03,M03-B004,4,M03-trial04,normal_debate,Normal debate,M03-T17,M03-T17-C06,local_fiscal_tradeoff_and_uncertainty,1,0
M03,M03-B005,4,M03-trial04,independent_ensemble,Independent ensemble,M03-T01,M03-T01-C01,policy_change,1,0
M03,M03-B005,4,M03-trial04,independent_ensemble,Independent ensemble,M03-T01,M03-T01-C02,policy_change,1,0
M03,M03-B005,4,M03-trial04,independent_ensemble,Independent ensemble,M03-T01,M03-T01-C03,policy_change,1,0
M03,M03-B005,4,M03-trial04,independent_ensemble,Independent ensemble,M03-T02,M03-T02-C01,allocation,1,0
M03,M03-B005,4,M03-trial04,independent_ensemble,Independent ensemble,M03-T02,M03-T02-C02,allocation,1,0
M03,M03-B005,4,M03-trial04,independent_ensemble,Independent ensemble,M03-T03,M03-T03-C01,allocation,1,0
M03,M03-B005,4,M03-trial04,independent_ensemble,Independent ensemble,M03-T03,M03-T03-C02,allocation,1,0
M03,M03-B005,4,M03-trial04,independent_ensemble,Independent ensemble,M03-T03,M03-T03-C03,allocation,1,0
M03,M03-B005,4,M03-trial04,independent_ensemble,Independent ensemble,M03-T03,M03-T03-C04,allocation,1,0
M03,M03-B005,4,M03-trial04,independent_ensemble,Independent ensemble,M03-T04,M03-T04-C01,implementation,1,0
M03,M03-B005,4,M03-trial04,independent_ensemble,Independent ensemble,M03-T04,M03-T04-C02,implementation,1,0
M03,M03-B005,4,M03-trial04,independent_ensemble,Independent ensemble,M03-T05,M03-T05-C01,distributional_rule,1,0
M03,M03-B005,4,M03-trial04,independent_ensemble,Independent ensemble,M03-T06,M03-T06-C01,allocation_and_governance,0,0
M03,M03-B005,4,M03-trial04,independent_ensemble,Independent ensemble,M03-T06,M03-T06-C02,allocation_and_governance,1,0
M03,M03-B005,4,M03-trial04,independent_ensemble,Independent ensemble,M03-T06,M03-T06-C03,allocation_and_governance,1,0
M03,M03-B005,4,M03-trial04,independent_ensemble,Independent ensemble,M03-T06,M03-T06-C04,allocation_and_governance,1,0
M03,M03-B005,4,M03-trial04,independent_ensemble,Independent ensemble,M03-T06,M03-T06-C05,allocation_and_governance,1,0
M03,M03-B005,4,M03-trial04,independent_ensemble,Independent ensemble,M03-T06,M03-T06-C06,allocation_and_governance,1,0
M03,M03-B005,4,M03-trial04,independent_ensemble,Independent ensemble,M03-T06,M03-T06-C07,allocation_and_governance,1,0
M03,M03-B005,4,M03-trial04,independent_ensemble,Independent ensemble,M03-T07,M03-T07-C01,intended_use,1,0
M03,M03-B005,4,M03-trial04,independent_ensemble,Independent ensemble,M03-T07,M03-T07-C02,intended_use,1,0
M03,M03-B005,4,M03-trial04,independent_ensemble,Independent ensemble,M03-T07,M03-T07-C03,intended_use,1,0
M03,M03-B005,4,M03-trial04,independent_ensemble,Independent ensemble,M03-T08,M03-T08-C01,intended_use,0,1
M03,M03-B005,4,M03-trial04,independent_ensemble,Independent ensemble,M03-T08,M03-T08-C02,intended_use,0,0
M03,M03-B005,4,M03-trial04,independent_ensemble,Independent ensemble,M03-T08,M03-T08-C03,intended_use,0,0
M03,M03-B005,4,M03-trial04,independent_ensemble,Independent ensemble,M03-T09,M03-T09-C01,intended_use,0,1
M03,M03-B005,4,M03-trial04,independent_ensemble,Independent ensemble,M03-T09,M03-T09-C02,intended_use,0,1
M03,M03-B005,4,M03-trial04,independent_ensemble,Independent ensemble,M03-T09,M03-T09-C03,intended_use,0,1
M03,M03-B005,4,M03-trial04,independent_ensemble,Independent ensemble,M03-T09,M03-T09-C04,intended_use,0,1
M03,M03-B005,4,M03-trial04,independent_ensemble,Independent ensemble,M03-T09,M03-T09-C05,intended_use,0,1
M03,M03-B005,4,M03-trial04,independent_ensemble,Independent ensemble,M03-T10,M03-T10-C01,state_local_cost_sharing,1,0
M03,M03-B005,4,M03-trial04,independent_ensemble,Independent ensemble,M03-T10,M03-T10-C02,state_local_cost_sharing,1,0
M03,M03-B005,4,M03-trial04,independent_ensemble,Independent ensemble,M03-T10,M03-T10-C03,state_local_cost_sharing,1,0
M03,M03-B005,4,M03-trial04,independent_ensemble,Independent ensemble,M03-T11,M03-T11-C01,distributional_rule,1,0
M03,M03-B005,4,M03-trial04,independent_ensemble,Independent ensemble,M03-T11,M03-T11-C02,distributional_rule,1,0
M03,M03-B005,4,M03-trial04,independent_ensemble,Independent ensemble,M03-T11,M03-T11-C03,distributional_rule,1,0
M03,M03-B005,4,M03-trial04,independent_ensemble,Independent ensemble,M03-T11,M03-T11-C04,distributional_rule,1,0
M03,M03-B005,4,M03-trial04,independent_ensemble,Independent ensemble,M03-T12,M03-T12-C01,eligibility_change,1,0
M03,M03-B005,4,M03-trial04,independent_ensemble,Independent ensemble,M03-T12,M03-T12-C02,eligibility_change,1,0
M03,M03-B005,4,M03-trial04,independent_ensemble,Independent ensemble,M03-T12,M03-T12-C03,eligibility_change,1,0
M03,M03-B005,4,M03-trial04,independent_ensemble,Independent ensemble,M03-T13,M03-T13-C01,accountability,1,0
M03,M03-B005,4,M03-trial04,independent_ensemble,Independent ensemble,M03-T13,M03-T13-C02,accountability,1,0
M03,M03-B005,4,M03-trial04,independent_ensemble,Independent ensemble,M03-T13,M03-T13-C03,accountability,1,0
M03,M03-B005,4,M03-trial04,independent_ensemble,Independent ensemble,M03-T14,M03-T14-C01,state_fiscal_cost,1,0
M03,M03-B005,4,M03-trial04,independent_ensemble,Independent ensemble,M03-T14,M03-T14-C02,state_fiscal_cost,1,0
M03,M03-B005,4,M03-trial04,independent_ensemble,Independent ensemble,M03-T14,M03-T14-C03,state_fiscal_cost,1,0
M03,M03-B005,4,M03-trial04,independent_ensemble,Independent ensemble,M03-T15,M03-T15-C01,fiscal_scale,1,0
M03,M03-B005,4,M03-trial04,independent_ensemble,Independent ensemble,M03-T15,M03-T15-C02,fiscal_scale,1,0
M03,M03-B005,4,M03-trial04,independent_ensemble,Independent ensemble,M03-T16,M03-T16-C01,borrowing_cost,1,0
M03,M03-B005,4,M03-trial04,independent_ensemble,Independent ensemble,M03-T16,M03-T16-C02,borrowing_cost,1,0
M03,M03-B005,4,M03-trial04,independent_ensemble,Independent ensemble,M03-T16,M03-T16-C03,borrowing_cost,1,0
M03,M03-B005,4,M03-trial04,independent_ensemble,Independent ensemble,M03-T16,M03-T16-C04,borrowing_cost,1,0
M03,M03-B005,4,M03-trial04,independent_ensemble,Independent ensemble,M03-T17,M03-T17-C01,local_fiscal_tradeoff_and_uncertainty,1,0
M03,M03-B005,4,M03-trial04,independent_ensemble,Independent ensemble,M03-T17,M03-T17-C02,local_fiscal_tradeoff_and_uncertainty,1,0
M03,M03-B005,4,M03-trial04,independent_ensemble,Independent ensemble,M03-T17,M03-T17-C03,local_fiscal_tradeoff_and_uncertainty,0,0
M03,M03-B005,4,M03-trial04,independent_ensemble,Independent ensemble,M03-T17,M03-T17-C04,local_fiscal_tradeoff_and_uncertainty,1,0
M03,M03-B005,4,M03-trial04,independent_ensemble,Independent ensemble,M03-T17,M03-T17-C05,local_fiscal_tradeoff_and_uncertainty,0,0
M03,M03-B005,4,M03-trial04,independent_ensemble,Independent ensemble,M03-T17,M03-T17-C06,local_fiscal_tradeoff_and_uncertainty,1,0
M03,M03-B006,3,M03-trial03,single_agent,Single agent,M03-T01,M03-T01-C01,policy_change,1,0
M03,M03-B006,3,M03-trial03,single_agent,Single agent,M03-T01,M03-T01-C02,policy_change,1,0
M03,M03-B006,3,M03-trial03,single_agent,Single agent,M03-T01,M03-T01-C03,policy_change,1,0
M03,M03-B006,3,M03-trial03,single_agent,Single agent,M03-T02,M03-T02-C01,allocation,1,0
M03,M03-B006,3,M03-trial03,single_agent,Single agent,M03-T02,M03-T02-C02,allocation,1,0
M03,M03-B006,3,M03-trial03,single_agent,Single agent,M03-T03,M03-T03-C01,allocation,1,0
M03,M03-B006,3,M03-trial03,single_agent,Single agent,M03-T03,M03-T03-C02,allocation,1,0
M03,M03-B006,3,M03-trial03,single_agent,Single agent,M03-T03,M03-T03-C03,allocation,1,0
M03,M03-B006,3,M03-trial03,single_agent,Single agent,M03-T03,M03-T03-C04,allocation,1,0
M03,M03-B006,3,M03-trial03,single_agent,Single agent,M03-T04,M03-T04-C01,implementation,1,0
M03,M03-B006,3,M03-trial03,single_agent,Single agent,M03-T04,M03-T04-C02,implementation,1,0
M03,M03-B006,3,M03-trial03,single_agent,Single agent,M03-T05,M03-T05-C01,distributional_rule,1,0
M03,M03-B006,3,M03-trial03,single_agent,Single agent,M03-T06,M03-T06-C01,allocation_and_governance,1,0
M03,M03-B006,3,M03-trial03,single_agent,Single agent,M03-T06,M03-T06-C02,allocation_and_governance,1,0
M03,M03-B006,3,M03-trial03,single_agent,Single agent,M03-T06,M03-T06-C03,allocation_and_governance,1,0
M03,M03-B006,3,M03-trial03,single_agent,Single agent,M03-T06,M03-T06-C04,allocation_and_governance,1,0
M03,M03-B006,3,M03-trial03,single_agent,Single agent,M03-T06,M03-T06-C05,allocation_and_governance,1,0
M03,M03-B006,3,M03-trial03,single_agent,Single agent,M03-T06,M03-T06-C06,allocation_and_governance,1,0
M03,M03-B006,3,M03-trial03,single_agent,Single agent,M03-T06,M03-T06-C07,allocation_and_governance,1,0
M03,M03-B006,3,M03-trial03,single_agent,Single agent,M03-T07,M03-T07-C01,intended_use,1,0
M03,M03-B006,3,M03-trial03,single_agent,Single agent,M03-T07,M03-T07-C02,intended_use,1,0
M03,M03-B006,3,M03-trial03,single_agent,Single agent,M03-T07,M03-T07-C03,intended_use,1,0
M03,M03-B006,3,M03-trial03,single_agent,Single agent,M03-T08,M03-T08-C01,intended_use,0,0
M03,M03-B006,3,M03-trial03,single_agent,Single agent,M03-T08,M03-T08-C02,intended_use,0,0
M03,M03-B006,3,M03-trial03,single_agent,Single agent,M03-T08,M03-T08-C03,intended_use,0,0
M03,M03-B006,3,M03-trial03,single_agent,Single agent,M03-T09,M03-T09-C01,intended_use,0,0
M03,M03-B006,3,M03-trial03,single_agent,Single agent,M03-T09,M03-T09-C02,intended_use,0,0
M03,M03-B006,3,M03-trial03,single_agent,Single agent,M03-T09,M03-T09-C03,intended_use,0,0
M03,M03-B006,3,M03-trial03,single_agent,Single agent,M03-T09,M03-T09-C04,intended_use,0,0
M03,M03-B006,3,M03-trial03,single_agent,Single agent,M03-T09,M03-T09-C05,intended_use,0,0
M03,M03-B006,3,M03-trial03,single_agent,Single agent,M03-T10,M03-T10-C01,state_local_cost_sharing,1,0
M03,M03-B006,3,M03-trial03,single_agent,Single agent,M03-T10,M03-T10-C02,state_local_cost_sharing,1,0
M03,M03-B006,3,M03-trial03,single_agent,Single agent,M03-T10,M03-T10-C03,state_local_cost_sharing,1,0
M03,M03-B006,3,M03-trial03,single_agent,Single agent,M03-T11,M03-T11-C01,distributional_rule,1,0
M03,M03-B006,3,M03-trial03,single_agent,Single agent,M03-T11,M03-T11-C02,distributional_rule,1,0
M03,M03-B006,3,M03-trial03,single_agent,Single agent,M03-T11,M03-T11-C03,distributional_rule,1,0
M03,M03-B006,3,M03-trial03,single_agent,Single agent,M03-T11,M03-T11-C04,distributional_rule,1,0
M03,M03-B006,3,M03-trial03,single_agent,Single agent,M03-T12,M03-T12-C01,eligibility_change,1,0
M03,M03-B006,3,M03-trial03,single_agent,Single agent,M03-T12,M03-T12-C02,eligibility_change,1,0
M03,M03-B006,3,M03-trial03,single_agent,Single agent,M03-T12,M03-T12-C03,eligibility_change,1,0
M03,M03-B006,3,M03-trial03,single_agent,Single agent,M03-T13,M03-T13-C01,accountability,1,0
M03,M03-B006,3,M03-trial03,single_agent,Single agent,M03-T13,M03-T13-C02,accountability,1,0
M03,M03-B006,3,M03-trial03,single_agent,Single agent,M03-T13,M03-T13-C03,accountability,1,0
M03,M03-B006,3,M03-trial03,single_agent,Single agent,M03-T14,M03-T14-C01,state_fiscal_cost,1,0
M03,M03-B006,3,M03-trial03,single_agent,Single agent,M03-T14,M03-T14-C02,state_fiscal_cost,1,0
M03,M03-B006,3,M03-trial03,single_agent,Single agent,M03-T14,M03-T14-C03,state_fiscal_cost,1,0
M03,M03-B006,3,M03-trial03,single_agent,Single agent,M03-T15,M03-T15-C01,fiscal_scale,1,0
M03,M03-B006,3,M03-trial03,single_agent,Single agent,M03-T15,M03-T15-C02,fiscal_scale,1,0
M03,M03-B006,3,M03-trial03,single_agent,Single agent,M03-T16,M03-T16-C01,borrowing_cost,1,0
M03,M03-B006,3,M03-trial03,single_agent,Single agent,M03-T16,M03-T16-C02,borrowing_cost,1,0
M03,M03-B006,3,M03-trial03,single_agent,Single agent,M03-T16,M03-T16-C03,borrowing_cost,1,0
M03,M03-B006,3,M03-trial03,single_agent,Single agent,M03-T16,M03-T16-C04,borrowing_cost,1,0
M03,M03-B006,3,M03-trial03,single_agent,Single agent,M03-T17,M03-T17-C01,local_fiscal_tradeoff_and_uncertainty,1,0
M03,M03-B006,3,M03-trial03,single_agent,Single agent,M03-T17,M03-T17-C02,local_fiscal_tradeoff_and_uncertainty,1,0
M03,M03-B006,3,M03-trial03,single_agent,Single agent,M03-T17,M03-T17-C03,local_fiscal_tradeoff_and_uncertainty,0,0
M03,M03-B006,3,M03-trial03,single_agent,Single agent,M03-T17,M03-T17-C04,local_fiscal_tradeoff_and_uncertainty,1,0
M03,M03-B006,3,M03-trial03,single_agent,Single agent,M03-T17,M03-T17-C05,local_fiscal_tradeoff_and_uncertainty,0,0
M03,M03-B006,3,M03-trial03,single_agent,Single agent,M03-T17,M03-T17-C06,local_fiscal_tradeoff_and_uncertainty,1,0
M03,M03-B007,4,M03-trial04,single_agent,Single agent,M03-T01,M03-T01-C01,policy_change,1,0
M03,M03-B007,4,M03-trial04,single_agent,Single agent,M03-T01,M03-T01-C02,policy_change,1,0
M03,M03-B007,4,M03-trial04,single_agent,Single agent,M03-T01,M03-T01-C03,policy_change,1,0
M03,M03-B007,4,M03-trial04,single_agent,Single agent,M03-T02,M03-T02-C01,allocation,1,0
M03,M03-B007,4,M03-trial04,single_agent,Single agent,M03-T02,M03-T02-C02,allocation,1,0
M03,M03-B007,4,M03-trial04,single_agent,Single agent,M03-T03,M03-T03-C01,allocation,1,0
M03,M03-B007,4,M03-trial04,single_agent,Single agent,M03-T03,M03-T03-C02,allocation,1,0
M03,M03-B007,4,M03-trial04,single_agent,Single agent,M03-T03,M03-T03-C03,allocation,1,0
M03,M03-B007,4,M03-trial04,single_agent,Single agent,M03-T03,M03-T03-C04,allocation,1,0
M03,M03-B007,4,M03-trial04,single_agent,Single agent,M03-T04,M03-T04-C01,implementation,1,0
M03,M03-B007,4,M03-trial04,single_agent,Single agent,M03-T04,M03-T04-C02,implementation,1,0
M03,M03-B007,4,M03-trial04,single_agent,Single agent,M03-T05,M03-T05-C01,distributional_rule,1,0
M03,M03-B007,4,M03-trial04,single_agent,Single agent,M03-T06,M03-T06-C01,allocation_and_governance,1,0
M03,M03-B007,4,M03-trial04,single_agent,Single agent,M03-T06,M03-T06-C02,allocation_and_governance,1,0
M03,M03-B007,4,M03-trial04,single_agent,Single agent,M03-T06,M03-T06-C03,allocation_and_governance,1,0
M03,M03-B007,4,M03-trial04,single_agent,Single agent,M03-T06,M03-T06-C04,allocation_and_governance,1,0
M03,M03-B007,4,M03-trial04,single_agent,Single agent,M03-T06,M03-T06-C05,allocation_and_governance,1,0
M03,M03-B007,4,M03-trial04,single_agent,Single agent,M03-T06,M03-T06-C06,allocation_and_governance,1,0
M03,M03-B007,4,M03-trial04,single_agent,Single agent,M03-T06,M03-T06-C07,allocation_and_governance,1,0
M03,M03-B007,4,M03-trial04,single_agent,Single agent,M03-T07,M03-T07-C01,intended_use,1,0
M03,M03-B007,4,M03-trial04,single_agent,Single agent,M03-T07,M03-T07-C02,intended_use,1,0
M03,M03-B007,4,M03-trial04,single_agent,Single agent,M03-T07,M03-T07-C03,intended_use,1,0
M03,M03-B007,4,M03-trial04,single_agent,Single agent,M03-T08,M03-T08-C01,intended_use,1,0
M03,M03-B007,4,M03-trial04,single_agent,Single agent,M03-T08,M03-T08-C02,intended_use,0,0
M03,M03-B007,4,M03-trial04,single_agent,Single agent,M03-T08,M03-T08-C03,intended_use,1,0
M03,M03-B007,4,M03-trial04,single_agent,Single agent,M03-T09,M03-T09-C01,intended_use,1,0
M03,M03-B007,4,M03-trial04,single_agent,Single agent,M03-T09,M03-T09-C02,intended_use,1,0
M03,M03-B007,4,M03-trial04,single_agent,Single agent,M03-T09,M03-T09-C03,intended_use,1,0
M03,M03-B007,4,M03-trial04,single_agent,Single agent,M03-T09,M03-T09-C04,intended_use,1,0
M03,M03-B007,4,M03-trial04,single_agent,Single agent,M03-T09,M03-T09-C05,intended_use,1,0
M03,M03-B007,4,M03-trial04,single_agent,Single agent,M03-T10,M03-T10-C01,state_local_cost_sharing,1,0
M03,M03-B007,4,M03-trial04,single_agent,Single agent,M03-T10,M03-T10-C02,state_local_cost_sharing,1,0
M03,M03-B007,4,M03-trial04,single_agent,Single agent,M03-T10,M03-T10-C03,state_local_cost_sharing,1,0
M03,M03-B007,4,M03-trial04,single_agent,Single agent,M03-T11,M03-T11-C01,distributional_rule,1,0
M03,M03-B007,4,M03-trial04,single_agent,Single agent,M03-T11,M03-T11-C02,distributional_rule,1,0
M03,M03-B007,4,M03-trial04,single_agent,Single agent,M03-T11,M03-T11-C03,distributional_rule,1,0
M03,M03-B007,4,M03-trial04,single_agent,Single agent,M03-T11,M03-T11-C04,distributional_rule,1,0
M03,M03-B007,4,M03-trial04,single_agent,Single agent,M03-T12,M03-T12-C01,eligibility_change,1,0
M03,M03-B007,4,M03-trial04,single_agent,Single agent,M03-T12,M03-T12-C02,eligibility_change,1,0
M03,M03-B007,4,M03-trial04,single_agent,Single agent,M03-T12,M03-T12-C03,eligibility_change,1,0
M03,M03-B007,4,M03-trial04,single_agent,Single agent,M03-T13,M03-T13-C01,accountability,1,0
M03,M03-B007,4,M03-trial04,single_agent,Single agent,M03-T13,M03-T13-C02,accountability,1,0
M03,M03-B007,4,M03-trial04,single_agent,Single agent,M03-T13,M03-T13-C03,accountability,1,0
M03,M03-B007,4,M03-trial04,single_agent,Single agent,M03-T14,M03-T14-C01,state_fiscal_cost,1,0
M03,M03-B007,4,M03-trial04,single_agent,Single agent,M03-T14,M03-T14-C02,state_fiscal_cost,1,0
M03,M03-B007,4,M03-trial04,single_agent,Single agent,M03-T14,M03-T14-C03,state_fiscal_cost,1,0
M03,M03-B007,4,M03-trial04,single_agent,Single agent,M03-T15,M03-T15-C01,fiscal_scale,1,0
M03,M03-B007,4,M03-trial04,single_agent,Single agent,M03-T15,M03-T15-C02,fiscal_scale,1,0
M03,M03-B007,4,M03-trial04,single_agent,Single agent,M03-T16,M03-T16-C01,borrowing_cost,1,0
M03,M03-B007,4,M03-trial04,single_agent,Single agent,M03-T16,M03-T16-C02,borrowing_cost,1,0
M03,M03-B007,4,M03-trial04,single_agent,Single agent,M03-T16,M03-T16-C03,borrowing_cost,1,0
M03,M03-B007,4,M03-trial04,single_agent,Single agent,M03-T16,M03-T16-C04,borrowing_cost,1,0
M03,M03-B007,4,M03-trial04,single_agent,Single agent,M03-T17,M03-T17-C01,local_fiscal_tradeoff_and_uncertainty,1,0
M03,M03-B007,4,M03-trial04,single_agent,Single agent,M03-T17,M03-T17-C02,local_fiscal_tradeoff_and_uncertainty,1,0
M03,M03-B007,4,M03-trial04,single_agent,Single agent,M03-T17,M03-T17-C03,local_fiscal_tradeoff_and_uncertainty,1,0
M03,M03-B007,4,M03-trial04,single_agent,Single agent,M03-T17,M03-T17-C04,local_fiscal_tradeoff_and_uncertainty,1,0
M03,M03-B007,4,M03-trial04,single_agent,Single agent,M03-T17,M03-T17-C05,local_fiscal_tradeoff_and_uncertainty,0,0
M03,M03-B007,4,M03-trial04,single_agent,Single agent,M03-T17,M03-T17-C06,local_fiscal_tradeoff_and_uncertainty,1,0
M03,M03-B008,2,M03-trial02,critic_debate,Critic debate,M03-T01,M03-T01-C01,policy_change,1,0
M03,M03-B008,2,M03-trial02,critic_debate,Critic debate,M03-T01,M03-T01-C02,policy_change,1,0
M03,M03-B008,2,M03-trial02,critic_debate,Critic debate,M03-T01,M03-T01-C03,policy_change,1,0
M03,M03-B008,2,M03-trial02,critic_debate,Critic debate,M03-T02,M03-T02-C01,allocation,1,0
M03,M03-B008,2,M03-trial02,critic_debate,Critic debate,M03-T02,M03-T02-C02,allocation,1,0
M03,M03-B008,2,M03-trial02,critic_debate,Critic debate,M03-T03,M03-T03-C01,allocation,1,0
M03,M03-B008,2,M03-trial02,critic_debate,Critic debate,M03-T03,M03-T03-C02,allocation,1,0
M03,M03-B008,2,M03-trial02,critic_debate,Critic debate,M03-T03,M03-T03-C03,allocation,1,0
M03,M03-B008,2,M03-trial02,critic_debate,Critic debate,M03-T03,M03-T03-C04,allocation,1,0
M03,M03-B008,2,M03-trial02,critic_debate,Critic debate,M03-T04,M03-T04-C01,implementation,1,0
M03,M03-B008,2,M03-trial02,critic_debate,Critic debate,M03-T04,M03-T04-C02,implementation,1,0
M03,M03-B008,2,M03-trial02,critic_debate,Critic debate,M03-T05,M03-T05-C01,distributional_rule,1,0
M03,M03-B008,2,M03-trial02,critic_debate,Critic debate,M03-T06,M03-T06-C01,allocation_and_governance,0,0
M03,M03-B008,2,M03-trial02,critic_debate,Critic debate,M03-T06,M03-T06-C02,allocation_and_governance,0,0
M03,M03-B008,2,M03-trial02,critic_debate,Critic debate,M03-T06,M03-T06-C03,allocation_and_governance,0,0
M03,M03-B008,2,M03-trial02,critic_debate,Critic debate,M03-T06,M03-T06-C04,allocation_and_governance,0,0
M03,M03-B008,2,M03-trial02,critic_debate,Critic debate,M03-T06,M03-T06-C05,allocation_and_governance,0,0
M03,M03-B008,2,M03-trial02,critic_debate,Critic debate,M03-T06,M03-T06-C06,allocation_and_governance,1,0
M03,M03-B008,2,M03-trial02,critic_debate,Critic debate,M03-T06,M03-T06-C07,allocation_and_governance,1,0
M03,M03-B008,2,M03-trial02,critic_debate,Critic debate,M03-T07,M03-T07-C01,intended_use,1,0
M03,M03-B008,2,M03-trial02,critic_debate,Critic debate,M03-T07,M03-T07-C02,intended_use,0,0
M03,M03-B008,2,M03-trial02,critic_debate,Critic debate,M03-T07,M03-T07-C03,intended_use,1,0
M03,M03-B008,2,M03-trial02,critic_debate,Critic debate,M03-T08,M03-T08-C01,intended_use,1,0
M03,M03-B008,2,M03-trial02,critic_debate,Critic debate,M03-T08,M03-T08-C02,intended_use,0,0
M03,M03-B008,2,M03-trial02,critic_debate,Critic debate,M03-T08,M03-T08-C03,intended_use,0,0
M03,M03-B008,2,M03-trial02,critic_debate,Critic debate,M03-T09,M03-T09-C01,intended_use,1,0
M03,M03-B008,2,M03-trial02,critic_debate,Critic debate,M03-T09,M03-T09-C02,intended_use,1,0
M03,M03-B008,2,M03-trial02,critic_debate,Critic debate,M03-T09,M03-T09-C03,intended_use,1,0
M03,M03-B008,2,M03-trial02,critic_debate,Critic debate,M03-T09,M03-T09-C04,intended_use,1,0
M03,M03-B008,2,M03-trial02,critic_debate,Critic debate,M03-T09,M03-T09-C05,intended_use,1,0
M03,M03-B008,2,M03-trial02,critic_debate,Critic debate,M03-T10,M03-T10-C01,state_local_cost_sharing,1,0
M03,M03-B008,2,M03-trial02,critic_debate,Critic debate,M03-T10,M03-T10-C02,state_local_cost_sharing,1,0
M03,M03-B008,2,M03-trial02,critic_debate,Critic debate,M03-T10,M03-T10-C03,state_local_cost_sharing,1,0
M03,M03-B008,2,M03-trial02,critic_debate,Critic debate,M03-T11,M03-T11-C01,distributional_rule,1,0
M03,M03-B008,2,M03-trial02,critic_debate,Critic debate,M03-T11,M03-T11-C02,distributional_rule,1,0
M03,M03-B008,2,M03-trial02,critic_debate,Critic debate,M03-T11,M03-T11-C03,distributional_rule,1,0
M03,M03-B008,2,M03-trial02,critic_debate,Critic debate,M03-T11,M03-T11-C04,distributional_rule,1,0
M03,M03-B008,2,M03-trial02,critic_debate,Critic debate,M03-T12,M03-T12-C01,eligibility_change,1,0
M03,M03-B008,2,M03-trial02,critic_debate,Critic debate,M03-T12,M03-T12-C02,eligibility_change,1,0
M03,M03-B008,2,M03-trial02,critic_debate,Critic debate,M03-T12,M03-T12-C03,eligibility_change,1,0
M03,M03-B008,2,M03-trial02,critic_debate,Critic debate,M03-T13,M03-T13-C01,accountability,1,0
M03,M03-B008,2,M03-trial02,critic_debate,Critic debate,M03-T13,M03-T13-C02,accountability,1,0
M03,M03-B008,2,M03-trial02,critic_debate,Critic debate,M03-T13,M03-T13-C03,accountability,1,0
M03,M03-B008,2,M03-trial02,critic_debate,Critic debate,M03-T14,M03-T14-C01,state_fiscal_cost,1,0
M03,M03-B008,2,M03-trial02,critic_debate,Critic debate,M03-T14,M03-T14-C02,state_fiscal_cost,1,0
M03,M03-B008,2,M03-trial02,critic_debate,Critic debate,M03-T14,M03-T14-C03,state_fiscal_cost,1,0
M03,M03-B008,2,M03-trial02,critic_debate,Critic debate,M03-T15,M03-T15-C01,fiscal_scale,1,0
M03,M03-B008,2,M03-trial02,critic_debate,Critic debate,M03-T15,M03-T15-C02,fiscal_scale,1,0
M03,M03-B008,2,M03-trial02,critic_debate,Critic debate,M03-T16,M03-T16-C01,borrowing_cost,0,0
M03,M03-B008,2,M03-trial02,critic_debate,Critic debate,M03-T16,M03-T16-C02,borrowing_cost,1,0
M03,M03-B008,2,M03-trial02,critic_debate,Critic debate,M03-T16,M03-T16-C03,borrowing_cost,1,0
M03,M03-B008,2,M03-trial02,critic_debate,Critic debate,M03-T16,M03-T16-C04,borrowing_cost,1,0
M03,M03-B008,2,M03-trial02,critic_debate,Critic debate,M03-T17,M03-T17-C01,local_fiscal_tradeoff_and_uncertainty,1,0
M03,M03-B008,2,M03-trial02,critic_debate,Critic debate,M03-T17,M03-T17-C02,local_fiscal_tradeoff_and_uncertainty,1,0
M03,M03-B008,2,M03-trial02,critic_debate,Critic debate,M03-T17,M03-T17-C03,local_fiscal_tradeoff_and_uncertainty,0,0
M03,M03-B008,2,M03-trial02,critic_debate,Critic debate,M03-T17,M03-T17-C04,local_fiscal_tradeoff_and_uncertainty,1,0
M03,M03-B008,2,M03-trial02,critic_debate,Critic debate,M03-T17,M03-T17-C05,local_fiscal_tradeoff_and_uncertainty,0,0
M03,M03-B008,2,M03-trial02,critic_debate,Critic debate,M03-T17,M03-T17-C06,local_fiscal_tradeoff_and_uncertainty,1,0
M03,M03-B009,2,M03-trial02,independent_ensemble,Independent ensemble,M03-T01,M03-T01-C01,policy_change,1,0
M03,M03-B009,2,M03-trial02,independent_ensemble,Independent ensemble,M03-T01,M03-T01-C02,policy_change,1,0
M03,M03-B009,2,M03-trial02,independent_ensemble,Independent ensemble,M03-T01,M03-T01-C03,policy_change,1,0
M03,M03-B009,2,M03-trial02,independent_ensemble,Independent ensemble,M03-T02,M03-T02-C01,allocation,1,0
M03,M03-B009,2,M03-trial02,independent_ensemble,Independent ensemble,M03-T02,M03-T02-C02,allocation,1,0
M03,M03-B009,2,M03-trial02,independent_ensemble,Independent ensemble,M03-T03,M03-T03-C01,allocation,1,0
M03,M03-B009,2,M03-trial02,independent_ensemble,Independent ensemble,M03-T03,M03-T03-C02,allocation,1,0
M03,M03-B009,2,M03-trial02,independent_ensemble,Independent ensemble,M03-T03,M03-T03-C03,allocation,1,0
M03,M03-B009,2,M03-trial02,independent_ensemble,Independent ensemble,M03-T03,M03-T03-C04,allocation,1,0
M03,M03-B009,2,M03-trial02,independent_ensemble,Independent ensemble,M03-T04,M03-T04-C01,implementation,1,0
M03,M03-B009,2,M03-trial02,independent_ensemble,Independent ensemble,M03-T04,M03-T04-C02,implementation,1,0
M03,M03-B009,2,M03-trial02,independent_ensemble,Independent ensemble,M03-T05,M03-T05-C01,distributional_rule,1,0
M03,M03-B009,2,M03-trial02,independent_ensemble,Independent ensemble,M03-T06,M03-T06-C01,allocation_and_governance,0,0
M03,M03-B009,2,M03-trial02,independent_ensemble,Independent ensemble,M03-T06,M03-T06-C02,allocation_and_governance,1,0
M03,M03-B009,2,M03-trial02,independent_ensemble,Independent ensemble,M03-T06,M03-T06-C03,allocation_and_governance,1,0
M03,M03-B009,2,M03-trial02,independent_ensemble,Independent ensemble,M03-T06,M03-T06-C04,allocation_and_governance,0,0
M03,M03-B009,2,M03-trial02,independent_ensemble,Independent ensemble,M03-T06,M03-T06-C05,allocation_and_governance,1,0
M03,M03-B009,2,M03-trial02,independent_ensemble,Independent ensemble,M03-T06,M03-T06-C06,allocation_and_governance,1,0
M03,M03-B009,2,M03-trial02,independent_ensemble,Independent ensemble,M03-T06,M03-T06-C07,allocation_and_governance,1,0
M03,M03-B009,2,M03-trial02,independent_ensemble,Independent ensemble,M03-T07,M03-T07-C01,intended_use,1,0
M03,M03-B009,2,M03-trial02,independent_ensemble,Independent ensemble,M03-T07,M03-T07-C02,intended_use,1,0
M03,M03-B009,2,M03-trial02,independent_ensemble,Independent ensemble,M03-T07,M03-T07-C03,intended_use,1,0
M03,M03-B009,2,M03-trial02,independent_ensemble,Independent ensemble,M03-T08,M03-T08-C01,intended_use,0,0
M03,M03-B009,2,M03-trial02,independent_ensemble,Independent ensemble,M03-T08,M03-T08-C02,intended_use,0,0
M03,M03-B009,2,M03-trial02,independent_ensemble,Independent ensemble,M03-T08,M03-T08-C03,intended_use,0,0
M03,M03-B009,2,M03-trial02,independent_ensemble,Independent ensemble,M03-T09,M03-T09-C01,intended_use,1,0
M03,M03-B009,2,M03-trial02,independent_ensemble,Independent ensemble,M03-T09,M03-T09-C02,intended_use,0,0
M03,M03-B009,2,M03-trial02,independent_ensemble,Independent ensemble,M03-T09,M03-T09-C03,intended_use,0,0
M03,M03-B009,2,M03-trial02,independent_ensemble,Independent ensemble,M03-T09,M03-T09-C04,intended_use,0,0
M03,M03-B009,2,M03-trial02,independent_ensemble,Independent ensemble,M03-T09,M03-T09-C05,intended_use,0,0
M03,M03-B009,2,M03-trial02,independent_ensemble,Independent ensemble,M03-T10,M03-T10-C01,state_local_cost_sharing,1,0
M03,M03-B009,2,M03-trial02,independent_ensemble,Independent ensemble,M03-T10,M03-T10-C02,state_local_cost_sharing,1,0
M03,M03-B009,2,M03-trial02,independent_ensemble,Independent ensemble,M03-T10,M03-T10-C03,state_local_cost_sharing,1,0
M03,M03-B009,2,M03-trial02,independent_ensemble,Independent ensemble,M03-T11,M03-T11-C01,distributional_rule,1,0
M03,M03-B009,2,M03-trial02,independent_ensemble,Independent ensemble,M03-T11,M03-T11-C02,distributional_rule,1,0
M03,M03-B009,2,M03-trial02,independent_ensemble,Independent ensemble,M03-T11,M03-T11-C03,distributional_rule,1,0
M03,M03-B009,2,M03-trial02,independent_ensemble,Independent ensemble,M03-T11,M03-T11-C04,distributional_rule,1,0
M03,M03-B009,2,M03-trial02,independent_ensemble,Independent ensemble,M03-T12,M03-T12-C01,eligibility_change,1,0
M03,M03-B009,2,M03-trial02,independent_ensemble,Independent ensemble,M03-T12,M03-T12-C02,eligibility_change,1,0
M03,M03-B009,2,M03-trial02,independent_ensemble,Independent ensemble,M03-T12,M03-T12-C03,eligibility_change,1,0
M03,M03-B009,2,M03-trial02,independent_ensemble,Independent ensemble,M03-T13,M03-T13-C01,accountability,0,0
M03,M03-B009,2,M03-trial02,independent_ensemble,Independent ensemble,M03-T13,M03-T13-C02,accountability,1,0
M03,M03-B009,2,M03-trial02,independent_ensemble,Independent ensemble,M03-T13,M03-T13-C03,accountability,1,0
M03,M03-B009,2,M03-trial02,independent_ensemble,Independent ensemble,M03-T14,M03-T14-C01,state_fiscal_cost,1,0
M03,M03-B009,2,M03-trial02,independent_ensemble,Independent ensemble,M03-T14,M03-T14-C02,state_fiscal_cost,1,0
M03,M03-B009,2,M03-trial02,independent_ensemble,Independent ensemble,M03-T14,M03-T14-C03,state_fiscal_cost,1,0
M03,M03-B009,2,M03-trial02,independent_ensemble,Independent ensemble,M03-T15,M03-T15-C01,fiscal_scale,1,0
M03,M03-B009,2,M03-trial02,independent_ensemble,Independent ensemble,M03-T15,M03-T15-C02,fiscal_scale,1,0
M03,M03-B009,2,M03-trial02,independent_ensemble,Independent ensemble,M03-T16,M03-T16-C01,borrowing_cost,1,0
M03,M03-B009,2,M03-trial02,independent_ensemble,Independent ensemble,M03-T16,M03-T16-C02,borrowing_cost,1,0
M03,M03-B009,2,M03-trial02,independent_ensemble,Independent ensemble,M03-T16,M03-T16-C03,borrowing_cost,1,0
M03,M03-B009,2,M03-trial02,independent_ensemble,Independent ensemble,M03-T16,M03-T16-C04,borrowing_cost,1,0
M03,M03-B009,2,M03-trial02,independent_ensemble,Independent ensemble,M03-T17,M03-T17-C01,local_fiscal_tradeoff_and_uncertainty,1,0
M03,M03-B009,2,M03-trial02,independent_ensemble,Independent ensemble,M03-T17,M03-T17-C02,local_fiscal_tradeoff_and_uncertainty,1,0
M03,M03-B009,2,M03-trial02,independent_ensemble,Independent ensemble,M03-T17,M03-T17-C03,local_fiscal_tradeoff_and_uncertainty,1,0
M03,M03-B009,2,M03-trial02,independent_ensemble,Independent ensemble,M03-T17,M03-T17-C04,local_fiscal_tradeoff_and_uncertainty,1,0
M03,M03-B009,2,M03-trial02,independent_ensemble,Independent ensemble,M03-T17,M03-T17-C05,local_fiscal_tradeoff_and_uncertainty,1,0
M03,M03-B009,2,M03-trial02,independent_ensemble,Independent ensemble,M03-T17,M03-T17-C06,local_fiscal_tradeoff_and_uncertainty,1,0
M03,M03-B010,4,M03-trial04,critic_debate,Critic debate,M03-T01,M03-T01-C01,policy_change,1,0
M03,M03-B010,4,M03-trial04,critic_debate,Critic debate,M03-T01,M03-T01-C02,policy_change,1,0
M03,M03-B010,4,M03-trial04,critic_debate,Critic debate,M03-T01,M03-T01-C03,policy_change,1,0
M03,M03-B010,4,M03-trial04,critic_debate,Critic debate,M03-T02,M03-T02-C01,allocation,1,0
M03,M03-B010,4,M03-trial04,critic_debate,Critic debate,M03-T02,M03-T02-C02,allocation,1,0
M03,M03-B010,4,M03-trial04,critic_debate,Critic debate,M03-T03,M03-T03-C01,allocation,1,0
M03,M03-B010,4,M03-trial04,critic_debate,Critic debate,M03-T03,M03-T03-C02,allocation,1,0
M03,M03-B010,4,M03-trial04,critic_debate,Critic debate,M03-T03,M03-T03-C03,allocation,1,0
M03,M03-B010,4,M03-trial04,critic_debate,Critic debate,M03-T03,M03-T03-C04,allocation,1,0
M03,M03-B010,4,M03-trial04,critic_debate,Critic debate,M03-T04,M03-T04-C01,implementation,1,0
M03,M03-B010,4,M03-trial04,critic_debate,Critic debate,M03-T04,M03-T04-C02,implementation,1,0
M03,M03-B010,4,M03-trial04,critic_debate,Critic debate,M03-T05,M03-T05-C01,distributional_rule,1,0
M03,M03-B010,4,M03-trial04,critic_debate,Critic debate,M03-T06,M03-T06-C01,allocation_and_governance,0,0
M03,M03-B010,4,M03-trial04,critic_debate,Critic debate,M03-T06,M03-T06-C02,allocation_and_governance,1,0
M03,M03-B010,4,M03-trial04,critic_debate,Critic debate,M03-T06,M03-T06-C03,allocation_and_governance,1,0
M03,M03-B010,4,M03-trial04,critic_debate,Critic debate,M03-T06,M03-T06-C04,allocation_and_governance,1,0
M03,M03-B010,4,M03-trial04,critic_debate,Critic debate,M03-T06,M03-T06-C05,allocation_and_governance,1,0
M03,M03-B010,4,M03-trial04,critic_debate,Critic debate,M03-T06,M03-T06-C06,allocation_and_governance,1,0
M03,M03-B010,4,M03-trial04,critic_debate,Critic debate,M03-T06,M03-T06-C07,allocation_and_governance,1,0
M03,M03-B010,4,M03-trial04,critic_debate,Critic debate,M03-T07,M03-T07-C01,intended_use,1,0
M03,M03-B010,4,M03-trial04,critic_debate,Critic debate,M03-T07,M03-T07-C02,intended_use,0,0
M03,M03-B010,4,M03-trial04,critic_debate,Critic debate,M03-T07,M03-T07-C03,intended_use,1,0
M03,M03-B010,4,M03-trial04,critic_debate,Critic debate,M03-T08,M03-T08-C01,intended_use,0,1
M03,M03-B010,4,M03-trial04,critic_debate,Critic debate,M03-T08,M03-T08-C02,intended_use,0,0
M03,M03-B010,4,M03-trial04,critic_debate,Critic debate,M03-T08,M03-T08-C03,intended_use,0,0
M03,M03-B010,4,M03-trial04,critic_debate,Critic debate,M03-T09,M03-T09-C01,intended_use,0,1
M03,M03-B010,4,M03-trial04,critic_debate,Critic debate,M03-T09,M03-T09-C02,intended_use,0,1
M03,M03-B010,4,M03-trial04,critic_debate,Critic debate,M03-T09,M03-T09-C03,intended_use,0,1
M03,M03-B010,4,M03-trial04,critic_debate,Critic debate,M03-T09,M03-T09-C04,intended_use,0,1
M03,M03-B010,4,M03-trial04,critic_debate,Critic debate,M03-T09,M03-T09-C05,intended_use,0,1
M03,M03-B010,4,M03-trial04,critic_debate,Critic debate,M03-T10,M03-T10-C01,state_local_cost_sharing,1,0
M03,M03-B010,4,M03-trial04,critic_debate,Critic debate,M03-T10,M03-T10-C02,state_local_cost_sharing,1,0
M03,M03-B010,4,M03-trial04,critic_debate,Critic debate,M03-T10,M03-T10-C03,state_local_cost_sharing,1,0
M03,M03-B010,4,M03-trial04,critic_debate,Critic debate,M03-T11,M03-T11-C01,distributional_rule,1,0
M03,M03-B010,4,M03-trial04,critic_debate,Critic debate,M03-T11,M03-T11-C02,distributional_rule,1,0
M03,M03-B010,4,M03-trial04,critic_debate,Critic debate,M03-T11,M03-T11-C03,distributional_rule,1,0
M03,M03-B010,4,M03-trial04,critic_debate,Critic debate,M03-T11,M03-T11-C04,distributional_rule,1,0
M03,M03-B010,4,M03-trial04,critic_debate,Critic debate,M03-T12,M03-T12-C01,eligibility_change,1,0
M03,M03-B010,4,M03-trial04,critic_debate,Critic debate,M03-T12,M03-T12-C02,eligibility_change,1,0
M03,M03-B010,4,M03-trial04,critic_debate,Critic debate,M03-T12,M03-T12-C03,eligibility_change,0,0
M03,M03-B010,4,M03-trial04,critic_debate,Critic debate,M03-T13,M03-T13-C01,accountability,0,1
M03,M03-B010,4,M03-trial04,critic_debate,Critic debate,M03-T13,M03-T13-C02,accountability,1,0
M03,M03-B010,4,M03-trial04,critic_debate,Critic debate,M03-T13,M03-T13-C03,accountability,1,0
M03,M03-B010,4,M03-trial04,critic_debate,Critic debate,M03-T14,M03-T14-C01,state_fiscal_cost,1,0
M03,M03-B010,4,M03-trial04,critic_debate,Critic debate,M03-T14,M03-T14-C02,state_fiscal_cost,1,0
M03,M03-B010,4,M03-trial04,critic_debate,Critic debate,M03-T14,M03-T14-C03,state_fiscal_cost,1,0
M03,M03-B010,4,M03-trial04,critic_debate,Critic debate,M03-T15,M03-T15-C01,fiscal_scale,1,0
M03,M03-B010,4,M03-trial04,critic_debate,Critic debate,M03-T15,M03-T15-C02,fiscal_scale,1,0
M03,M03-B010,4,M03-trial04,critic_debate,Critic debate,M03-T16,M03-T16-C01,borrowing_cost,0,0
M03,M03-B010,4,M03-trial04,critic_debate,Critic debate,M03-T16,M03-T16-C02,borrowing_cost,1,0
M03,M03-B010,4,M03-trial04,critic_debate,Critic debate,M03-T16,M03-T16-C03,borrowing_cost,1,0
M03,M03-B010,4,M03-trial04,critic_debate,Critic debate,M03-T16,M03-T16-C04,borrowing_cost,1,0
M03,M03-B010,4,M03-trial04,critic_debate,Critic debate,M03-T17,M03-T17-C01,local_fiscal_tradeoff_and_uncertainty,1,0
M03,M03-B010,4,M03-trial04,critic_debate,Critic debate,M03-T17,M03-T17-C02,local_fiscal_tradeoff_and_uncertainty,1,0
M03,M03-B010,4,M03-trial04,critic_debate,Critic debate,M03-T17,M03-T17-C03,local_fiscal_tradeoff_and_uncertainty,0,0
M03,M03-B010,4,M03-trial04,critic_debate,Critic debate,M03-T17,M03-T17-C04,local_fiscal_tradeoff_and_uncertainty,1,0
M03,M03-B010,4,M03-trial04,critic_debate,Critic debate,M03-T17,M03-T17-C05,local_fiscal_tradeoff_and_uncertainty,0,0
M03,M03-B010,4,M03-trial04,critic_debate,Critic debate,M03-T17,M03-T17-C06,local_fiscal_tradeoff_and_uncertainty,1,0
M03,M03-B011,1,M03-trial01,single_agent,Single agent,M03-T01,M03-T01-C01,policy_change,1,0
M03,M03-B011,1,M03-trial01,single_agent,Single agent,M03-T01,M03-T01-C02,policy_change,1,0
M03,M03-B011,1,M03-trial01,single_agent,Single agent,M03-T01,M03-T01-C03,policy_change,1,0
M03,M03-B011,1,M03-trial01,single_agent,Single agent,M03-T02,M03-T02-C01,allocation,1,0
M03,M03-B011,1,M03-trial01,single_agent,Single agent,M03-T02,M03-T02-C02,allocation,1,0
M03,M03-B011,1,M03-trial01,single_agent,Single agent,M03-T03,M03-T03-C01,allocation,1,0
M03,M03-B011,1,M03-trial01,single_agent,Single agent,M03-T03,M03-T03-C02,allocation,1,0
M03,M03-B011,1,M03-trial01,single_agent,Single agent,M03-T03,M03-T03-C03,allocation,1,0
M03,M03-B011,1,M03-trial01,single_agent,Single agent,M03-T03,M03-T03-C04,allocation,1,0
M03,M03-B011,1,M03-trial01,single_agent,Single agent,M03-T04,M03-T04-C01,implementation,1,0
M03,M03-B011,1,M03-trial01,single_agent,Single agent,M03-T04,M03-T04-C02,implementation,1,0
M03,M03-B011,1,M03-trial01,single_agent,Single agent,M03-T05,M03-T05-C01,distributional_rule,0,0
M03,M03-B011,1,M03-trial01,single_agent,Single agent,M03-T06,M03-T06-C01,allocation_and_governance,1,0
M03,M03-B011,1,M03-trial01,single_agent,Single agent,M03-T06,M03-T06-C02,allocation_and_governance,1,0
M03,M03-B011,1,M03-trial01,single_agent,Single agent,M03-T06,M03-T06-C03,allocation_and_governance,1,0
M03,M03-B011,1,M03-trial01,single_agent,Single agent,M03-T06,M03-T06-C04,allocation_and_governance,1,0
M03,M03-B011,1,M03-trial01,single_agent,Single agent,M03-T06,M03-T06-C05,allocation_and_governance,1,0
M03,M03-B011,1,M03-trial01,single_agent,Single agent,M03-T06,M03-T06-C06,allocation_and_governance,1,0
M03,M03-B011,1,M03-trial01,single_agent,Single agent,M03-T06,M03-T06-C07,allocation_and_governance,1,0
M03,M03-B011,1,M03-trial01,single_agent,Single agent,M03-T07,M03-T07-C01,intended_use,1,0
M03,M03-B011,1,M03-trial01,single_agent,Single agent,M03-T07,M03-T07-C02,intended_use,1,0
M03,M03-B011,1,M03-trial01,single_agent,Single agent,M03-T07,M03-T07-C03,intended_use,1,0
M03,M03-B011,1,M03-trial01,single_agent,Single agent,M03-T08,M03-T08-C01,intended_use,1,0
M03,M03-B011,1,M03-trial01,single_agent,Single agent,M03-T08,M03-T08-C02,intended_use,0,0
M03,M03-B011,1,M03-trial01,single_agent,Single agent,M03-T08,M03-T08-C03,intended_use,0,0
M03,M03-B011,1,M03-trial01,single_agent,Single agent,M03-T09,M03-T09-C01,intended_use,1,0
M03,M03-B011,1,M03-trial01,single_agent,Single agent,M03-T09,M03-T09-C02,intended_use,1,0
M03,M03-B011,1,M03-trial01,single_agent,Single agent,M03-T09,M03-T09-C03,intended_use,1,0
M03,M03-B011,1,M03-trial01,single_agent,Single agent,M03-T09,M03-T09-C04,intended_use,1,0
M03,M03-B011,1,M03-trial01,single_agent,Single agent,M03-T09,M03-T09-C05,intended_use,1,0
M03,M03-B011,1,M03-trial01,single_agent,Single agent,M03-T10,M03-T10-C01,state_local_cost_sharing,1,0
M03,M03-B011,1,M03-trial01,single_agent,Single agent,M03-T10,M03-T10-C02,state_local_cost_sharing,1,0
M03,M03-B011,1,M03-trial01,single_agent,Single agent,M03-T10,M03-T10-C03,state_local_cost_sharing,1,0
M03,M03-B011,1,M03-trial01,single_agent,Single agent,M03-T11,M03-T11-C01,distributional_rule,1,0
M03,M03-B011,1,M03-trial01,single_agent,Single agent,M03-T11,M03-T11-C02,distributional_rule,1,0
M03,M03-B011,1,M03-trial01,single_agent,Single agent,M03-T11,M03-T11-C03,distributional_rule,1,0
M03,M03-B011,1,M03-trial01,single_agent,Single agent,M03-T11,M03-T11-C04,distributional_rule,1,0
M03,M03-B011,1,M03-trial01,single_agent,Single agent,M03-T12,M03-T12-C01,eligibility_change,1,0
M03,M03-B011,1,M03-trial01,single_agent,Single agent,M03-T12,M03-T12-C02,eligibility_change,1,0
M03,M03-B011,1,M03-trial01,single_agent,Single agent,M03-T12,M03-T12-C03,eligibility_change,1,0
M03,M03-B011,1,M03-trial01,single_agent,Single agent,M03-T13,M03-T13-C01,accountability,1,0
M03,M03-B011,1,M03-trial01,single_agent,Single agent,M03-T13,M03-T13-C02,accountability,1,0
M03,M03-B011,1,M03-trial01,single_agent,Single agent,M03-T13,M03-T13-C03,accountability,1,0
M03,M03-B011,1,M03-trial01,single_agent,Single agent,M03-T14,M03-T14-C01,state_fiscal_cost,1,0
M03,M03-B011,1,M03-trial01,single_agent,Single agent,M03-T14,M03-T14-C02,state_fiscal_cost,1,0
M03,M03-B011,1,M03-trial01,single_agent,Single agent,M03-T14,M03-T14-C03,state_fiscal_cost,1,0
M03,M03-B011,1,M03-trial01,single_agent,Single agent,M03-T15,M03-T15-C01,fiscal_scale,1,0
M03,M03-B011,1,M03-trial01,single_agent,Single agent,M03-T15,M03-T15-C02,fiscal_scale,1,0
M03,M03-B011,1,M03-trial01,single_agent,Single agent,M03-T16,M03-T16-C01,borrowing_cost,0,0
M03,M03-B011,1,M03-trial01,single_agent,Single agent,M03-T16,M03-T16-C02,borrowing_cost,1,0
M03,M03-B011,1,M03-trial01,single_agent,Single agent,M03-T16,M03-T16-C03,borrowing_cost,1,0
M03,M03-B011,1,M03-trial01,single_agent,Single agent,M03-T16,M03-T16-C04,borrowing_cost,1,0
M03,M03-B011,1,M03-trial01,single_agent,Single agent,M03-T17,M03-T17-C01,local_fiscal_tradeoff_and_uncertainty,1,0
M03,M03-B011,1,M03-trial01,single_agent,Single agent,M03-T17,M03-T17-C02,local_fiscal_tradeoff_and_uncertainty,1,0
M03,M03-B011,1,M03-trial01,single_agent,Single agent,M03-T17,M03-T17-C03,local_fiscal_tradeoff_and_uncertainty,1,0
M03,M03-B011,1,M03-trial01,single_agent,Single agent,M03-T17,M03-T17-C04,local_fiscal_tradeoff_and_uncertainty,1,0
M03,M03-B011,1,M03-trial01,single_agent,Single agent,M03-T17,M03-T17-C05,local_fiscal_tradeoff_and_uncertainty,0,0
M03,M03-B011,1,M03-trial01,single_agent,Single agent,M03-T17,M03-T17-C06,local_fiscal_tradeoff_and_uncertainty,1,0
M03,M03-B012,2,M03-trial02,normal_debate,Normal debate,M03-T01,M03-T01-C01,policy_change,1,0
M03,M03-B012,2,M03-trial02,normal_debate,Normal debate,M03-T01,M03-T01-C02,policy_change,1,0
M03,M03-B012,2,M03-trial02,normal_debate,Normal debate,M03-T01,M03-T01-C03,policy_change,1,0
M03,M03-B012,2,M03-trial02,normal_debate,Normal debate,M03-T02,M03-T02-C01,allocation,1,0
M03,M03-B012,2,M03-trial02,normal_debate,Normal debate,M03-T02,M03-T02-C02,allocation,1,0
M03,M03-B012,2,M03-trial02,normal_debate,Normal debate,M03-T03,M03-T03-C01,allocation,1,0
M03,M03-B012,2,M03-trial02,normal_debate,Normal debate,M03-T03,M03-T03-C02,allocation,1,0
M03,M03-B012,2,M03-trial02,normal_debate,Normal debate,M03-T03,M03-T03-C03,allocation,1,0
M03,M03-B012,2,M03-trial02,normal_debate,Normal debate,M03-T03,M03-T03-C04,allocation,1,0
M03,M03-B012,2,M03-trial02,normal_debate,Normal debate,M03-T04,M03-T04-C01,implementation,1,0
M03,M03-B012,2,M03-trial02,normal_debate,Normal debate,M03-T04,M03-T04-C02,implementation,1,0
M03,M03-B012,2,M03-trial02,normal_debate,Normal debate,M03-T05,M03-T05-C01,distributional_rule,1,0
M03,M03-B012,2,M03-trial02,normal_debate,Normal debate,M03-T06,M03-T06-C01,allocation_and_governance,0,0
M03,M03-B012,2,M03-trial02,normal_debate,Normal debate,M03-T06,M03-T06-C02,allocation_and_governance,0,0
M03,M03-B012,2,M03-trial02,normal_debate,Normal debate,M03-T06,M03-T06-C03,allocation_and_governance,0,0
M03,M03-B012,2,M03-trial02,normal_debate,Normal debate,M03-T06,M03-T06-C04,allocation_and_governance,0,0
M03,M03-B012,2,M03-trial02,normal_debate,Normal debate,M03-T06,M03-T06-C05,allocation_and_governance,0,0
M03,M03-B012,2,M03-trial02,normal_debate,Normal debate,M03-T06,M03-T06-C06,allocation_and_governance,1,0
M03,M03-B012,2,M03-trial02,normal_debate,Normal debate,M03-T06,M03-T06-C07,allocation_and_governance,1,0
M03,M03-B012,2,M03-trial02,normal_debate,Normal debate,M03-T07,M03-T07-C01,intended_use,1,0
M03,M03-B012,2,M03-trial02,normal_debate,Normal debate,M03-T07,M03-T07-C02,intended_use,0,0
M03,M03-B012,2,M03-trial02,normal_debate,Normal debate,M03-T07,M03-T07-C03,intended_use,1,0
M03,M03-B012,2,M03-trial02,normal_debate,Normal debate,M03-T08,M03-T08-C01,intended_use,1,0
M03,M03-B012,2,M03-trial02,normal_debate,Normal debate,M03-T08,M03-T08-C02,intended_use,0,0
M03,M03-B012,2,M03-trial02,normal_debate,Normal debate,M03-T08,M03-T08-C03,intended_use,0,0
M03,M03-B012,2,M03-trial02,normal_debate,Normal debate,M03-T09,M03-T09-C01,intended_use,1,0
M03,M03-B012,2,M03-trial02,normal_debate,Normal debate,M03-T09,M03-T09-C02,intended_use,1,0
M03,M03-B012,2,M03-trial02,normal_debate,Normal debate,M03-T09,M03-T09-C03,intended_use,1,0
M03,M03-B012,2,M03-trial02,normal_debate,Normal debate,M03-T09,M03-T09-C04,intended_use,1,0
M03,M03-B012,2,M03-trial02,normal_debate,Normal debate,M03-T09,M03-T09-C05,intended_use,1,0
M03,M03-B012,2,M03-trial02,normal_debate,Normal debate,M03-T10,M03-T10-C01,state_local_cost_sharing,1,0
M03,M03-B012,2,M03-trial02,normal_debate,Normal debate,M03-T10,M03-T10-C02,state_local_cost_sharing,1,0
M03,M03-B012,2,M03-trial02,normal_debate,Normal debate,M03-T10,M03-T10-C03,state_local_cost_sharing,1,0
M03,M03-B012,2,M03-trial02,normal_debate,Normal debate,M03-T11,M03-T11-C01,distributional_rule,1,0
M03,M03-B012,2,M03-trial02,normal_debate,Normal debate,M03-T11,M03-T11-C02,distributional_rule,1,0
M03,M03-B012,2,M03-trial02,normal_debate,Normal debate,M03-T11,M03-T11-C03,distributional_rule,1,0
M03,M03-B012,2,M03-trial02,normal_debate,Normal debate,M03-T11,M03-T11-C04,distributional_rule,1,0
M03,M03-B012,2,M03-trial02,normal_debate,Normal debate,M03-T12,M03-T12-C01,eligibility_change,1,0
M03,M03-B012,2,M03-trial02,normal_debate,Normal debate,M03-T12,M03-T12-C02,eligibility_change,1,0
M03,M03-B012,2,M03-trial02,normal_debate,Normal debate,M03-T12,M03-T12-C03,eligibility_change,1,0
M03,M03-B012,2,M03-trial02,normal_debate,Normal debate,M03-T13,M03-T13-C01,accountability,1,0
M03,M03-B012,2,M03-trial02,normal_debate,Normal debate,M03-T13,M03-T13-C02,accountability,1,0
M03,M03-B012,2,M03-trial02,normal_debate,Normal debate,M03-T13,M03-T13-C03,accountability,1,0
M03,M03-B012,2,M03-trial02,normal_debate,Normal debate,M03-T14,M03-T14-C01,state_fiscal_cost,1,0
M03,M03-B012,2,M03-trial02,normal_debate,Normal debate,M03-T14,M03-T14-C02,state_fiscal_cost,1,0
M03,M03-B012,2,M03-trial02,normal_debate,Normal debate,M03-T14,M03-T14-C03,state_fiscal_cost,1,0
M03,M03-B012,2,M03-trial02,normal_debate,Normal debate,M03-T15,M03-T15-C01,fiscal_scale,1,0
M03,M03-B012,2,M03-trial02,normal_debate,Normal debate,M03-T15,M03-T15-C02,fiscal_scale,1,0
M03,M03-B012,2,M03-trial02,normal_debate,Normal debate,M03-T16,M03-T16-C01,borrowing_cost,1,0
M03,M03-B012,2,M03-trial02,normal_debate,Normal debate,M03-T16,M03-T16-C02,borrowing_cost,1,0
M03,M03-B012,2,M03-trial02,normal_debate,Normal debate,M03-T16,M03-T16-C03,borrowing_cost,1,0
M03,M03-B012,2,M03-trial02,normal_debate,Normal debate,M03-T16,M03-T16-C04,borrowing_cost,1,0
M03,M03-B012,2,M03-trial02,normal_debate,Normal debate,M03-T17,M03-T17-C01,local_fiscal_tradeoff_and_uncertainty,1,0
M03,M03-B012,2,M03-trial02,normal_debate,Normal debate,M03-T17,M03-T17-C02,local_fiscal_tradeoff_and_uncertainty,1,0
M03,M03-B012,2,M03-trial02,normal_debate,Normal debate,M03-T17,M03-T17-C03,local_fiscal_tradeoff_and_uncertainty,1,0
M03,M03-B012,2,M03-trial02,normal_debate,Normal debate,M03-T17,M03-T17-C04,local_fiscal_tradeoff_and_uncertainty,1,0
M03,M03-B012,2,M03-trial02,normal_debate,Normal debate,M03-T17,M03-T17-C05,local_fiscal_tradeoff_and_uncertainty,0,0
M03,M03-B012,2,M03-trial02,normal_debate,Normal debate,M03-T17,M03-T17-C06,local_fiscal_tradeoff_and_uncertainty,1,0
M03,M03-B013,1,M03-trial01,independent_ensemble,Independent ensemble,M03-T01,M03-T01-C01,policy_change,1,0
M03,M03-B013,1,M03-trial01,independent_ensemble,Independent ensemble,M03-T01,M03-T01-C02,policy_change,1,0
M03,M03-B013,1,M03-trial01,independent_ensemble,Independent ensemble,M03-T01,M03-T01-C03,policy_change,1,0
M03,M03-B013,1,M03-trial01,independent_ensemble,Independent ensemble,M03-T02,M03-T02-C01,allocation,1,0
M03,M03-B013,1,M03-trial01,independent_ensemble,Independent ensemble,M03-T02,M03-T02-C02,allocation,1,0
M03,M03-B013,1,M03-trial01,independent_ensemble,Independent ensemble,M03-T03,M03-T03-C01,allocation,1,0
M03,M03-B013,1,M03-trial01,independent_ensemble,Independent ensemble,M03-T03,M03-T03-C02,allocation,1,0
M03,M03-B013,1,M03-trial01,independent_ensemble,Independent ensemble,M03-T03,M03-T03-C03,allocation,1,0
M03,M03-B013,1,M03-trial01,independent_ensemble,Independent ensemble,M03-T03,M03-T03-C04,allocation,1,0
M03,M03-B013,1,M03-trial01,independent_ensemble,Independent ensemble,M03-T04,M03-T04-C01,implementation,1,0
M03,M03-B013,1,M03-trial01,independent_ensemble,Independent ensemble,M03-T04,M03-T04-C02,implementation,1,0
M03,M03-B013,1,M03-trial01,independent_ensemble,Independent ensemble,M03-T05,M03-T05-C01,distributional_rule,1,0
M03,M03-B013,1,M03-trial01,independent_ensemble,Independent ensemble,M03-T06,M03-T06-C01,allocation_and_governance,0,0
M03,M03-B013,1,M03-trial01,independent_ensemble,Independent ensemble,M03-T06,M03-T06-C02,allocation_and_governance,0,0
M03,M03-B013,1,M03-trial01,independent_ensemble,Independent ensemble,M03-T06,M03-T06-C03,allocation_and_governance,0,0
M03,M03-B013,1,M03-trial01,independent_ensemble,Independent ensemble,M03-T06,M03-T06-C04,allocation_and_governance,0,0
M03,M03-B013,1,M03-trial01,independent_ensemble,Independent ensemble,M03-T06,M03-T06-C05,allocation_and_governance,0,0
M03,M03-B013,1,M03-trial01,independent_ensemble,Independent ensemble,M03-T06,M03-T06-C06,allocation_and_governance,1,0
M03,M03-B013,1,M03-trial01,independent_ensemble,Independent ensemble,M03-T06,M03-T06-C07,allocation_and_governance,1,0
M03,M03-B013,1,M03-trial01,independent_ensemble,Independent ensemble,M03-T07,M03-T07-C01,intended_use,1,0
M03,M03-B013,1,M03-trial01,independent_ensemble,Independent ensemble,M03-T07,M03-T07-C02,intended_use,1,0
M03,M03-B013,1,M03-trial01,independent_ensemble,Independent ensemble,M03-T07,M03-T07-C03,intended_use,1,0
M03,M03-B013,1,M03-trial01,independent_ensemble,Independent ensemble,M03-T08,M03-T08-C01,intended_use,1,0
M03,M03-B013,1,M03-trial01,independent_ensemble,Independent ensemble,M03-T08,M03-T08-C02,intended_use,0,0
M03,M03-B013,1,M03-trial01,independent_ensemble,Independent ensemble,M03-T08,M03-T08-C03,intended_use,0,0
M03,M03-B013,1,M03-trial01,independent_ensemble,Independent ensemble,M03-T09,M03-T09-C01,intended_use,1,0
M03,M03-B013,1,M03-trial01,independent_ensemble,Independent ensemble,M03-T09,M03-T09-C02,intended_use,1,1
M03,M03-B013,1,M03-trial01,independent_ensemble,Independent ensemble,M03-T09,M03-T09-C03,intended_use,1,1
M03,M03-B013,1,M03-trial01,independent_ensemble,Independent ensemble,M03-T09,M03-T09-C04,intended_use,1,1
M03,M03-B013,1,M03-trial01,independent_ensemble,Independent ensemble,M03-T09,M03-T09-C05,intended_use,1,1
M03,M03-B013,1,M03-trial01,independent_ensemble,Independent ensemble,M03-T10,M03-T10-C01,state_local_cost_sharing,1,0
M03,M03-B013,1,M03-trial01,independent_ensemble,Independent ensemble,M03-T10,M03-T10-C02,state_local_cost_sharing,1,0
M03,M03-B013,1,M03-trial01,independent_ensemble,Independent ensemble,M03-T10,M03-T10-C03,state_local_cost_sharing,1,0
M03,M03-B013,1,M03-trial01,independent_ensemble,Independent ensemble,M03-T11,M03-T11-C01,distributional_rule,1,0
M03,M03-B013,1,M03-trial01,independent_ensemble,Independent ensemble,M03-T11,M03-T11-C02,distributional_rule,1,0
M03,M03-B013,1,M03-trial01,independent_ensemble,Independent ensemble,M03-T11,M03-T11-C03,distributional_rule,1,0
M03,M03-B013,1,M03-trial01,independent_ensemble,Independent ensemble,M03-T11,M03-T11-C04,distributional_rule,1,0
M03,M03-B013,1,M03-trial01,independent_ensemble,Independent ensemble,M03-T12,M03-T12-C01,eligibility_change,1,0
M03,M03-B013,1,M03-trial01,independent_ensemble,Independent ensemble,M03-T12,M03-T12-C02,eligibility_change,1,0
M03,M03-B013,1,M03-trial01,independent_ensemble,Independent ensemble,M03-T12,M03-T12-C03,eligibility_change,1,0
M03,M03-B013,1,M03-trial01,independent_ensemble,Independent ensemble,M03-T13,M03-T13-C01,accountability,1,0
M03,M03-B013,1,M03-trial01,independent_ensemble,Independent ensemble,M03-T13,M03-T13-C02,accountability,1,0
M03,M03-B013,1,M03-trial01,independent_ensemble,Independent ensemble,M03-T13,M03-T13-C03,accountability,1,0
M03,M03-B013,1,M03-trial01,independent_ensemble,Independent ensemble,M03-T14,M03-T14-C01,state_fiscal_cost,1,0
M03,M03-B013,1,M03-trial01,independent_ensemble,Independent ensemble,M03-T14,M03-T14-C02,state_fiscal_cost,1,0
M03,M03-B013,1,M03-trial01,independent_ensemble,Independent ensemble,M03-T14,M03-T14-C03,state_fiscal_cost,1,0
M03,M03-B013,1,M03-trial01,independent_ensemble,Independent ensemble,M03-T15,M03-T15-C01,fiscal_scale,1,0
M03,M03-B013,1,M03-trial01,independent_ensemble,Independent ensemble,M03-T15,M03-T15-C02,fiscal_scale,1,0
M03,M03-B013,1,M03-trial01,independent_ensemble,Independent ensemble,M03-T16,M03-T16-C01,borrowing_cost,0,0
M03,M03-B013,1,M03-trial01,independent_ensemble,Independent ensemble,M03-T16,M03-T16-C02,borrowing_cost,1,0
M03,M03-B013,1,M03-trial01,independent_ensemble,Independent ensemble,M03-T16,M03-T16-C03,borrowing_cost,1,0
M03,M03-B013,1,M03-trial01,independent_ensemble,Independent ensemble,M03-T16,M03-T16-C04,borrowing_cost,1,0
M03,M03-B013,1,M03-trial01,independent_ensemble,Independent ensemble,M03-T17,M03-T17-C01,local_fiscal_tradeoff_and_uncertainty,1,0
M03,M03-B013,1,M03-trial01,independent_ensemble,Independent ensemble,M03-T17,M03-T17-C02,local_fiscal_tradeoff_and_uncertainty,1,0
M03,M03-B013,1,M03-trial01,independent_ensemble,Independent ensemble,M03-T17,M03-T17-C03,local_fiscal_tradeoff_and_uncertainty,0,0
M03,M03-B013,1,M03-trial01,independent_ensemble,Independent ensemble,M03-T17,M03-T17-C04,local_fiscal_tradeoff_and_uncertainty,1,0
M03,M03-B013,1,M03-trial01,independent_ensemble,Independent ensemble,M03-T17,M03-T17-C05,local_fiscal_tradeoff_and_uncertainty,0,0
M03,M03-B013,1,M03-trial01,independent_ensemble,Independent ensemble,M03-T17,M03-T17-C06,local_fiscal_tradeoff_and_uncertainty,1,0
M03,M03-B014,3,M03-trial03,critic_debate,Critic debate,M03-T01,M03-T01-C01,policy_change,1,0
M03,M03-B014,3,M03-trial03,critic_debate,Critic debate,M03-T01,M03-T01-C02,policy_change,1,0
M03,M03-B014,3,M03-trial03,critic_debate,Critic debate,M03-T01,M03-T01-C03,policy_change,1,0
M03,M03-B014,3,M03-trial03,critic_debate,Critic debate,M03-T02,M03-T02-C01,allocation,1,0
M03,M03-B014,3,M03-trial03,critic_debate,Critic debate,M03-T02,M03-T02-C02,allocation,1,0
M03,M03-B014,3,M03-trial03,critic_debate,Critic debate,M03-T03,M03-T03-C01,allocation,1,0
M03,M03-B014,3,M03-trial03,critic_debate,Critic debate,M03-T03,M03-T03-C02,allocation,1,0
M03,M03-B014,3,M03-trial03,critic_debate,Critic debate,M03-T03,M03-T03-C03,allocation,1,0
M03,M03-B014,3,M03-trial03,critic_debate,Critic debate,M03-T03,M03-T03-C04,allocation,1,0
M03,M03-B014,3,M03-trial03,critic_debate,Critic debate,M03-T04,M03-T04-C01,implementation,1,0
M03,M03-B014,3,M03-trial03,critic_debate,Critic debate,M03-T04,M03-T04-C02,implementation,1,0
M03,M03-B014,3,M03-trial03,critic_debate,Critic debate,M03-T05,M03-T05-C01,distributional_rule,1,0
M03,M03-B014,3,M03-trial03,critic_debate,Critic debate,M03-T06,M03-T06-C01,allocation_and_governance,0,0
M03,M03-B014,3,M03-trial03,critic_debate,Critic debate,M03-T06,M03-T06-C02,allocation_and_governance,1,0
M03,M03-B014,3,M03-trial03,critic_debate,Critic debate,M03-T06,M03-T06-C03,allocation_and_governance,1,0
M03,M03-B014,3,M03-trial03,critic_debate,Critic debate,M03-T06,M03-T06-C04,allocation_and_governance,1,0
M03,M03-B014,3,M03-trial03,critic_debate,Critic debate,M03-T06,M03-T06-C05,allocation_and_governance,1,0
M03,M03-B014,3,M03-trial03,critic_debate,Critic debate,M03-T06,M03-T06-C06,allocation_and_governance,1,0
M03,M03-B014,3,M03-trial03,critic_debate,Critic debate,M03-T06,M03-T06-C07,allocation_and_governance,1,0
M03,M03-B014,3,M03-trial03,critic_debate,Critic debate,M03-T07,M03-T07-C01,intended_use,1,0
M03,M03-B014,3,M03-trial03,critic_debate,Critic debate,M03-T07,M03-T07-C02,intended_use,0,0
M03,M03-B014,3,M03-trial03,critic_debate,Critic debate,M03-T07,M03-T07-C03,intended_use,1,0
M03,M03-B014,3,M03-trial03,critic_debate,Critic debate,M03-T08,M03-T08-C01,intended_use,1,0
M03,M03-B014,3,M03-trial03,critic_debate,Critic debate,M03-T08,M03-T08-C02,intended_use,0,0
M03,M03-B014,3,M03-trial03,critic_debate,Critic debate,M03-T08,M03-T08-C03,intended_use,0,0
M03,M03-B014,3,M03-trial03,critic_debate,Critic debate,M03-T09,M03-T09-C01,intended_use,1,0
M03,M03-B014,3,M03-trial03,critic_debate,Critic debate,M03-T09,M03-T09-C02,intended_use,1,0
M03,M03-B014,3,M03-trial03,critic_debate,Critic debate,M03-T09,M03-T09-C03,intended_use,1,0
M03,M03-B014,3,M03-trial03,critic_debate,Critic debate,M03-T09,M03-T09-C04,intended_use,1,0
M03,M03-B014,3,M03-trial03,critic_debate,Critic debate,M03-T09,M03-T09-C05,intended_use,1,0
M03,M03-B014,3,M03-trial03,critic_debate,Critic debate,M03-T10,M03-T10-C01,state_local_cost_sharing,1,0
M03,M03-B014,3,M03-trial03,critic_debate,Critic debate,M03-T10,M03-T10-C02,state_local_cost_sharing,1,0
M03,M03-B014,3,M03-trial03,critic_debate,Critic debate,M03-T10,M03-T10-C03,state_local_cost_sharing,1,0
M03,M03-B014,3,M03-trial03,critic_debate,Critic debate,M03-T11,M03-T11-C01,distributional_rule,1,0
M03,M03-B014,3,M03-trial03,critic_debate,Critic debate,M03-T11,M03-T11-C02,distributional_rule,1,0
M03,M03-B014,3,M03-trial03,critic_debate,Critic debate,M03-T11,M03-T11-C03,distributional_rule,1,0
M03,M03-B014,3,M03-trial03,critic_debate,Critic debate,M03-T11,M03-T11-C04,distributional_rule,1,0
M03,M03-B014,3,M03-trial03,critic_debate,Critic debate,M03-T12,M03-T12-C01,eligibility_change,1,0
M03,M03-B014,3,M03-trial03,critic_debate,Critic debate,M03-T12,M03-T12-C02,eligibility_change,1,0
M03,M03-B014,3,M03-trial03,critic_debate,Critic debate,M03-T12,M03-T12-C03,eligibility_change,1,0
M03,M03-B014,3,M03-trial03,critic_debate,Critic debate,M03-T13,M03-T13-C01,accountability,1,0
M03,M03-B014,3,M03-trial03,critic_debate,Critic debate,M03-T13,M03-T13-C02,accountability,1,0
M03,M03-B014,3,M03-trial03,critic_debate,Critic debate,M03-T13,M03-T13-C03,accountability,1,0
M03,M03-B014,3,M03-trial03,critic_debate,Critic debate,M03-T14,M03-T14-C01,state_fiscal_cost,1,0
M03,M03-B014,3,M03-trial03,critic_debate,Critic debate,M03-T14,M03-T14-C02,state_fiscal_cost,1,0
M03,M03-B014,3,M03-trial03,critic_debate,Critic debate,M03-T14,M03-T14-C03,state_fiscal_cost,1,0
M03,M03-B014,3,M03-trial03,critic_debate,Critic debate,M03-T15,M03-T15-C01,fiscal_scale,1,0
M03,M03-B014,3,M03-trial03,critic_debate,Critic debate,M03-T15,M03-T15-C02,fiscal_scale,1,0
M03,M03-B014,3,M03-trial03,critic_debate,Critic debate,M03-T16,M03-T16-C01,borrowing_cost,1,0
M03,M03-B014,3,M03-trial03,critic_debate,Critic debate,M03-T16,M03-T16-C02,borrowing_cost,1,0
M03,M03-B014,3,M03-trial03,critic_debate,Critic debate,M03-T16,M03-T16-C03,borrowing_cost,1,0
M03,M03-B014,3,M03-trial03,critic_debate,Critic debate,M03-T16,M03-T16-C04,borrowing_cost,1,0
M03,M03-B014,3,M03-trial03,critic_debate,Critic debate,M03-T17,M03-T17-C01,local_fiscal_tradeoff_and_uncertainty,1,0
M03,M03-B014,3,M03-trial03,critic_debate,Critic debate,M03-T17,M03-T17-C02,local_fiscal_tradeoff_and_uncertainty,1,0
M03,M03-B014,3,M03-trial03,critic_debate,Critic debate,M03-T17,M03-T17-C03,local_fiscal_tradeoff_and_uncertainty,0,0
M03,M03-B014,3,M03-trial03,critic_debate,Critic debate,M03-T17,M03-T17-C04,local_fiscal_tradeoff_and_uncertainty,1,0
M03,M03-B014,3,M03-trial03,critic_debate,Critic debate,M03-T17,M03-T17-C05,local_fiscal_tradeoff_and_uncertainty,0,0
M03,M03-B014,3,M03-trial03,critic_debate,Critic debate,M03-T17,M03-T17-C06,local_fiscal_tradeoff_and_uncertainty,1,0
M03,M03-B015,1,M03-trial01,normal_debate,Normal debate,M03-T01,M03-T01-C01,policy_change,1,0
M03,M03-B015,1,M03-trial01,normal_debate,Normal debate,M03-T01,M03-T01-C02,policy_change,1,0
M03,M03-B015,1,M03-trial01,normal_debate,Normal debate,M03-T01,M03-T01-C03,policy_change,1,0
M03,M03-B015,1,M03-trial01,normal_debate,Normal debate,M03-T02,M03-T02-C01,allocation,1,0
M03,M03-B015,1,M03-trial01,normal_debate,Normal debate,M03-T02,M03-T02-C02,allocation,1,0
M03,M03-B015,1,M03-trial01,normal_debate,Normal debate,M03-T03,M03-T03-C01,allocation,1,0
M03,M03-B015,1,M03-trial01,normal_debate,Normal debate,M03-T03,M03-T03-C02,allocation,1,0
M03,M03-B015,1,M03-trial01,normal_debate,Normal debate,M03-T03,M03-T03-C03,allocation,1,0
M03,M03-B015,1,M03-trial01,normal_debate,Normal debate,M03-T03,M03-T03-C04,allocation,1,0
M03,M03-B015,1,M03-trial01,normal_debate,Normal debate,M03-T04,M03-T04-C01,implementation,1,0
M03,M03-B015,1,M03-trial01,normal_debate,Normal debate,M03-T04,M03-T04-C02,implementation,1,0
M03,M03-B015,1,M03-trial01,normal_debate,Normal debate,M03-T05,M03-T05-C01,distributional_rule,1,0
M03,M03-B015,1,M03-trial01,normal_debate,Normal debate,M03-T06,M03-T06-C01,allocation_and_governance,0,0
M03,M03-B015,1,M03-trial01,normal_debate,Normal debate,M03-T06,M03-T06-C02,allocation_and_governance,1,0
M03,M03-B015,1,M03-trial01,normal_debate,Normal debate,M03-T06,M03-T06-C03,allocation_and_governance,1,0
M03,M03-B015,1,M03-trial01,normal_debate,Normal debate,M03-T06,M03-T06-C04,allocation_and_governance,1,0
M03,M03-B015,1,M03-trial01,normal_debate,Normal debate,M03-T06,M03-T06-C05,allocation_and_governance,1,0
M03,M03-B015,1,M03-trial01,normal_debate,Normal debate,M03-T06,M03-T06-C06,allocation_and_governance,1,0
M03,M03-B015,1,M03-trial01,normal_debate,Normal debate,M03-T06,M03-T06-C07,allocation_and_governance,1,0
M03,M03-B015,1,M03-trial01,normal_debate,Normal debate,M03-T07,M03-T07-C01,intended_use,1,0
M03,M03-B015,1,M03-trial01,normal_debate,Normal debate,M03-T07,M03-T07-C02,intended_use,1,0
M03,M03-B015,1,M03-trial01,normal_debate,Normal debate,M03-T07,M03-T07-C03,intended_use,1,0
M03,M03-B015,1,M03-trial01,normal_debate,Normal debate,M03-T08,M03-T08-C01,intended_use,0,1
M03,M03-B015,1,M03-trial01,normal_debate,Normal debate,M03-T08,M03-T08-C02,intended_use,0,0
M03,M03-B015,1,M03-trial01,normal_debate,Normal debate,M03-T08,M03-T08-C03,intended_use,0,0
M03,M03-B015,1,M03-trial01,normal_debate,Normal debate,M03-T09,M03-T09-C01,intended_use,0,1
M03,M03-B015,1,M03-trial01,normal_debate,Normal debate,M03-T09,M03-T09-C02,intended_use,0,1
M03,M03-B015,1,M03-trial01,normal_debate,Normal debate,M03-T09,M03-T09-C03,intended_use,0,1
M03,M03-B015,1,M03-trial01,normal_debate,Normal debate,M03-T09,M03-T09-C04,intended_use,0,1
M03,M03-B015,1,M03-trial01,normal_debate,Normal debate,M03-T09,M03-T09-C05,intended_use,0,1
M03,M03-B015,1,M03-trial01,normal_debate,Normal debate,M03-T10,M03-T10-C01,state_local_cost_sharing,1,0
M03,M03-B015,1,M03-trial01,normal_debate,Normal debate,M03-T10,M03-T10-C02,state_local_cost_sharing,1,0
M03,M03-B015,1,M03-trial01,normal_debate,Normal debate,M03-T10,M03-T10-C03,state_local_cost_sharing,1,0
M03,M03-B015,1,M03-trial01,normal_debate,Normal debate,M03-T11,M03-T11-C01,distributional_rule,1,0
M03,M03-B015,1,M03-trial01,normal_debate,Normal debate,M03-T11,M03-T11-C02,distributional_rule,1,0
M03,M03-B015,1,M03-trial01,normal_debate,Normal debate,M03-T11,M03-T11-C03,distributional_rule,1,0
M03,M03-B015,1,M03-trial01,normal_debate,Normal debate,M03-T11,M03-T11-C04,distributional_rule,1,0
M03,M03-B015,1,M03-trial01,normal_debate,Normal debate,M03-T12,M03-T12-C01,eligibility_change,1,0
M03,M03-B015,1,M03-trial01,normal_debate,Normal debate,M03-T12,M03-T12-C02,eligibility_change,1,0
M03,M03-B015,1,M03-trial01,normal_debate,Normal debate,M03-T12,M03-T12-C03,eligibility_change,1,0
M03,M03-B015,1,M03-trial01,normal_debate,Normal debate,M03-T13,M03-T13-C01,accountability,1,0
M03,M03-B015,1,M03-trial01,normal_debate,Normal debate,M03-T13,M03-T13-C02,accountability,1,0
M03,M03-B015,1,M03-trial01,normal_debate,Normal debate,M03-T13,M03-T13-C03,accountability,1,0
M03,M03-B015,1,M03-trial01,normal_debate,Normal debate,M03-T14,M03-T14-C01,state_fiscal_cost,1,0
M03,M03-B015,1,M03-trial01,normal_debate,Normal debate,M03-T14,M03-T14-C02,state_fiscal_cost,1,0
M03,M03-B015,1,M03-trial01,normal_debate,Normal debate,M03-T14,M03-T14-C03,state_fiscal_cost,1,0
M03,M03-B015,1,M03-trial01,normal_debate,Normal debate,M03-T15,M03-T15-C01,fiscal_scale,1,0
M03,M03-B015,1,M03-trial01,normal_debate,Normal debate,M03-T15,M03-T15-C02,fiscal_scale,1,0
M03,M03-B015,1,M03-trial01,normal_debate,Normal debate,M03-T16,M03-T16-C01,borrowing_cost,1,0
M03,M03-B015,1,M03-trial01,normal_debate,Normal debate,M03-T16,M03-T16-C02,borrowing_cost,1,0
M03,M03-B015,1,M03-trial01,normal_debate,Normal debate,M03-T16,M03-T16-C03,borrowing_cost,1,0
M03,M03-B015,1,M03-trial01,normal_debate,Normal debate,M03-T16,M03-T16-C04,borrowing_cost,1,0
M03,M03-B015,1,M03-trial01,normal_debate,Normal debate,M03-T17,M03-T17-C01,local_fiscal_tradeoff_and_uncertainty,1,0
M03,M03-B015,1,M03-trial01,normal_debate,Normal debate,M03-T17,M03-T17-C02,local_fiscal_tradeoff_and_uncertainty,1,0
M03,M03-B015,1,M03-trial01,normal_debate,Normal debate,M03-T17,M03-T17-C03,local_fiscal_tradeoff_and_uncertainty,1,0
M03,M03-B015,1,M03-trial01,normal_debate,Normal debate,M03-T17,M03-T17-C04,local_fiscal_tradeoff_and_uncertainty,1,0
M03,M03-B015,1,M03-trial01,normal_debate,Normal debate,M03-T17,M03-T17-C05,local_fiscal_tradeoff_and_uncertainty,0,0
M03,M03-B015,1,M03-trial01,normal_debate,Normal debate,M03-T17,M03-T17-C06,local_fiscal_tradeoff_and_uncertainty,1,0
M03,M03-B016,1,M03-trial01,critic_debate,Critic debate,M03-T01,M03-T01-C01,policy_change,1,0
M03,M03-B016,1,M03-trial01,critic_debate,Critic debate,M03-T01,M03-T01-C02,policy_change,1,0
M03,M03-B016,1,M03-trial01,critic_debate,Critic debate,M03-T01,M03-T01-C03,policy_change,1,0
M03,M03-B016,1,M03-trial01,critic_debate,Critic debate,M03-T02,M03-T02-C01,allocation,1,0
M03,M03-B016,1,M03-trial01,critic_debate,Critic debate,M03-T02,M03-T02-C02,allocation,1,0
M03,M03-B016,1,M03-trial01,critic_debate,Critic debate,M03-T03,M03-T03-C01,allocation,1,0
M03,M03-B016,1,M03-trial01,critic_debate,Critic debate,M03-T03,M03-T03-C02,allocation,1,0
M03,M03-B016,1,M03-trial01,critic_debate,Critic debate,M03-T03,M03-T03-C03,allocation,1,0
M03,M03-B016,1,M03-trial01,critic_debate,Critic debate,M03-T03,M03-T03-C04,allocation,1,0
M03,M03-B016,1,M03-trial01,critic_debate,Critic debate,M03-T04,M03-T04-C01,implementation,1,0
M03,M03-B016,1,M03-trial01,critic_debate,Critic debate,M03-T04,M03-T04-C02,implementation,1,0
M03,M03-B016,1,M03-trial01,critic_debate,Critic debate,M03-T05,M03-T05-C01,distributional_rule,0,1
M03,M03-B016,1,M03-trial01,critic_debate,Critic debate,M03-T06,M03-T06-C01,allocation_and_governance,0,0
M03,M03-B016,1,M03-trial01,critic_debate,Critic debate,M03-T06,M03-T06-C02,allocation_and_governance,1,0
M03,M03-B016,1,M03-trial01,critic_debate,Critic debate,M03-T06,M03-T06-C03,allocation_and_governance,1,0
M03,M03-B016,1,M03-trial01,critic_debate,Critic debate,M03-T06,M03-T06-C04,allocation_and_governance,1,0
M03,M03-B016,1,M03-trial01,critic_debate,Critic debate,M03-T06,M03-T06-C05,allocation_and_governance,1,0
M03,M03-B016,1,M03-trial01,critic_debate,Critic debate,M03-T06,M03-T06-C06,allocation_and_governance,1,0
M03,M03-B016,1,M03-trial01,critic_debate,Critic debate,M03-T06,M03-T06-C07,allocation_and_governance,1,0
M03,M03-B016,1,M03-trial01,critic_debate,Critic debate,M03-T07,M03-T07-C01,intended_use,1,0
M03,M03-B016,1,M03-trial01,critic_debate,Critic debate,M03-T07,M03-T07-C02,intended_use,1,0
M03,M03-B016,1,M03-trial01,critic_debate,Critic debate,M03-T07,M03-T07-C03,intended_use,1,0
M03,M03-B016,1,M03-trial01,critic_debate,Critic debate,M03-T08,M03-T08-C01,intended_use,1,0
M03,M03-B016,1,M03-trial01,critic_debate,Critic debate,M03-T08,M03-T08-C02,intended_use,0,0
M03,M03-B016,1,M03-trial01,critic_debate,Critic debate,M03-T08,M03-T08-C03,intended_use,0,1
M03,M03-B016,1,M03-trial01,critic_debate,Critic debate,M03-T09,M03-T09-C01,intended_use,1,0
M03,M03-B016,1,M03-trial01,critic_debate,Critic debate,M03-T09,M03-T09-C02,intended_use,1,0
M03,M03-B016,1,M03-trial01,critic_debate,Critic debate,M03-T09,M03-T09-C03,intended_use,1,0
M03,M03-B016,1,M03-trial01,critic_debate,Critic debate,M03-T09,M03-T09-C04,intended_use,1,0
M03,M03-B016,1,M03-trial01,critic_debate,Critic debate,M03-T09,M03-T09-C05,intended_use,1,0
M03,M03-B016,1,M03-trial01,critic_debate,Critic debate,M03-T10,M03-T10-C01,state_local_cost_sharing,1,0
M03,M03-B016,1,M03-trial01,critic_debate,Critic debate,M03-T10,M03-T10-C02,state_local_cost_sharing,1,0
M03,M03-B016,1,M03-trial01,critic_debate,Critic debate,M03-T10,M03-T10-C03,state_local_cost_sharing,1,0
M03,M03-B016,1,M03-trial01,critic_debate,Critic debate,M03-T11,M03-T11-C01,distributional_rule,1,0
M03,M03-B016,1,M03-trial01,critic_debate,Critic debate,M03-T11,M03-T11-C02,distributional_rule,1,0
M03,M03-B016,1,M03-trial01,critic_debate,Critic debate,M03-T11,M03-T11-C03,distributional_rule,1,0
M03,M03-B016,1,M03-trial01,critic_debate,Critic debate,M03-T11,M03-T11-C04,distributional_rule,1,0
M03,M03-B016,1,M03-trial01,critic_debate,Critic debate,M03-T12,M03-T12-C01,eligibility_change,1,0
M03,M03-B016,1,M03-trial01,critic_debate,Critic debate,M03-T12,M03-T12-C02,eligibility_change,1,0
M03,M03-B016,1,M03-trial01,critic_debate,Critic debate,M03-T12,M03-T12-C03,eligibility_change,1,0
M03,M03-B016,1,M03-trial01,critic_debate,Critic debate,M03-T13,M03-T13-C01,accountability,1,0
M03,M03-B016,1,M03-trial01,critic_debate,Critic debate,M03-T13,M03-T13-C02,accountability,1,0
M03,M03-B016,1,M03-trial01,critic_debate,Critic debate,M03-T13,M03-T13-C03,accountability,1,0
M03,M03-B016,1,M03-trial01,critic_debate,Critic debate,M03-T14,M03-T14-C01,state_fiscal_cost,1,0
M03,M03-B016,1,M03-trial01,critic_debate,Critic debate,M03-T14,M03-T14-C02,state_fiscal_cost,1,0
M03,M03-B016,1,M03-trial01,critic_debate,Critic debate,M03-T14,M03-T14-C03,state_fiscal_cost,1,0
M03,M03-B016,1,M03-trial01,critic_debate,Critic debate,M03-T15,M03-T15-C01,fiscal_scale,1,0
M03,M03-B016,1,M03-trial01,critic_debate,Critic debate,M03-T15,M03-T15-C02,fiscal_scale,1,0
M03,M03-B016,1,M03-trial01,critic_debate,Critic debate,M03-T16,M03-T16-C01,borrowing_cost,0,0
M03,M03-B016,1,M03-trial01,critic_debate,Critic debate,M03-T16,M03-T16-C02,borrowing_cost,1,0
M03,M03-B016,1,M03-trial01,critic_debate,Critic debate,M03-T16,M03-T16-C03,borrowing_cost,1,0
M03,M03-B016,1,M03-trial01,critic_debate,Critic debate,M03-T16,M03-T16-C04,borrowing_cost,1,0
M03,M03-B016,1,M03-trial01,critic_debate,Critic debate,M03-T17,M03-T17-C01,local_fiscal_tradeoff_and_uncertainty,1,0
M03,M03-B016,1,M03-trial01,critic_debate,Critic debate,M03-T17,M03-T17-C02,local_fiscal_tradeoff_and_uncertainty,1,0
M03,M03-B016,1,M03-trial01,critic_debate,Critic debate,M03-T17,M03-T17-C03,local_fiscal_tradeoff_and_uncertainty,0,0
M03,M03-B016,1,M03-trial01,critic_debate,Critic debate,M03-T17,M03-T17-C04,local_fiscal_tradeoff_and_uncertainty,1,0
M03,M03-B016,1,M03-trial01,critic_debate,Critic debate,M03-T17,M03-T17-C05,local_fiscal_tradeoff_and_uncertainty,0,0
M03,M03-B016,1,M03-trial01,critic_debate,Critic debate,M03-T17,M03-T17-C06,local_fiscal_tradeoff_and_uncertainty,1,0
M04,M04-B001,4,M04-trial04,single_agent,Single agent,M04-T01,M04-T01-C01,legal_background,1,0
M04,M04-B001,4,M04-trial04,single_agent,Single agent,M04-T01,M04-T01-C02,legal_background,1,0
M04,M04-B001,4,M04-trial04,single_agent,Single agent,M04-T02,M04-T02-C01,constitutional_right,1,0
M04,M04-B001,4,M04-trial04,single_agent,Single agent,M04-T02,M04-T02-C02,constitutional_right,1,0
M04,M04-B001,4,M04-trial04,single_agent,Single agent,M04-T02,M04-T02-C03,constitutional_right,1,0
M04,M04-B001,4,M04-trial04,single_agent,Single agent,M04-T03,M04-T03-C01,constitutional_alignment,1,0
M04,M04-B001,4,M04-trial04,single_agent,Single agent,M04-T03,M04-T03-C02,constitutional_alignment,1,0
M04,M04-B001,4,M04-trial04,single_agent,Single agent,M04-T04,M04-T04-C01,current_legal_effect,1,0
M04,M04-B001,4,M04-trial04,single_agent,Single agent,M04-T05,M04-T05-C01,fiscal_effect,1,0
M04,M04-B001,4,M04-trial04,single_agent,Single agent,M04-T05,M04-T05-C02,fiscal_effect,1,0
M04,M04-B001,4,M04-trial04,single_agent,Single agent,M04-T05,M04-T05-C03,fiscal_effect,1,0
M04,M04-B001,4,M04-trial04,single_agent,Single agent,M04-T05,M04-T05-C04,fiscal_effect,1,0
M04,M04-B002,3,M04-trial03,normal_debate,Normal debate,M04-T01,M04-T01-C01,legal_background,1,0
M04,M04-B002,3,M04-trial03,normal_debate,Normal debate,M04-T01,M04-T01-C02,legal_background,1,0
M04,M04-B002,3,M04-trial03,normal_debate,Normal debate,M04-T02,M04-T02-C01,constitutional_right,1,0
M04,M04-B002,3,M04-trial03,normal_debate,Normal debate,M04-T02,M04-T02-C02,constitutional_right,1,0
M04,M04-B002,3,M04-trial03,normal_debate,Normal debate,M04-T02,M04-T02-C03,constitutional_right,1,0
M04,M04-B002,3,M04-trial03,normal_debate,Normal debate,M04-T03,M04-T03-C01,constitutional_alignment,1,0
M04,M04-B002,3,M04-trial03,normal_debate,Normal debate,M04-T03,M04-T03-C02,constitutional_alignment,1,0
M04,M04-B002,3,M04-trial03,normal_debate,Normal debate,M04-T04,M04-T04-C01,current_legal_effect,1,0
M04,M04-B002,3,M04-trial03,normal_debate,Normal debate,M04-T05,M04-T05-C01,fiscal_effect,1,0
M04,M04-B002,3,M04-trial03,normal_debate,Normal debate,M04-T05,M04-T05-C02,fiscal_effect,1,0
M04,M04-B002,3,M04-trial03,normal_debate,Normal debate,M04-T05,M04-T05-C03,fiscal_effect,1,0
M04,M04-B002,3,M04-trial03,normal_debate,Normal debate,M04-T05,M04-T05-C04,fiscal_effect,1,0
M04,M04-B003,1,M04-trial01,independent_ensemble,Independent ensemble,M04-T01,M04-T01-C01,legal_background,1,0
M04,M04-B003,1,M04-trial01,independent_ensemble,Independent ensemble,M04-T01,M04-T01-C02,legal_background,1,0
M04,M04-B003,1,M04-trial01,independent_ensemble,Independent ensemble,M04-T02,M04-T02-C01,constitutional_right,1,0
M04,M04-B003,1,M04-trial01,independent_ensemble,Independent ensemble,M04-T02,M04-T02-C02,constitutional_right,1,0
M04,M04-B003,1,M04-trial01,independent_ensemble,Independent ensemble,M04-T02,M04-T02-C03,constitutional_right,1,0
M04,M04-B003,1,M04-trial01,independent_ensemble,Independent ensemble,M04-T03,M04-T03-C01,constitutional_alignment,1,0
M04,M04-B003,1,M04-trial01,independent_ensemble,Independent ensemble,M04-T03,M04-T03-C02,constitutional_alignment,1,0
M04,M04-B003,1,M04-trial01,independent_ensemble,Independent ensemble,M04-T04,M04-T04-C01,current_legal_effect,1,0
M04,M04-B003,1,M04-trial01,independent_ensemble,Independent ensemble,M04-T05,M04-T05-C01,fiscal_effect,1,0
M04,M04-B003,1,M04-trial01,independent_ensemble,Independent ensemble,M04-T05,M04-T05-C02,fiscal_effect,1,0
M04,M04-B003,1,M04-trial01,independent_ensemble,Independent ensemble,M04-T05,M04-T05-C03,fiscal_effect,1,0
M04,M04-B003,1,M04-trial01,independent_ensemble,Independent ensemble,M04-T05,M04-T05-C04,fiscal_effect,1,0
M04,M04-B004,4,M04-trial04,critic_debate,Critic debate,M04-T01,M04-T01-C01,legal_background,1,0
M04,M04-B004,4,M04-trial04,critic_debate,Critic debate,M04-T01,M04-T01-C02,legal_background,1,0
M04,M04-B004,4,M04-trial04,critic_debate,Critic debate,M04-T02,M04-T02-C01,constitutional_right,1,0
M04,M04-B004,4,M04-trial04,critic_debate,Critic debate,M04-T02,M04-T02-C02,constitutional_right,1,0
M04,M04-B004,4,M04-trial04,critic_debate,Critic debate,M04-T02,M04-T02-C03,constitutional_right,1,0
M04,M04-B004,4,M04-trial04,critic_debate,Critic debate,M04-T03,M04-T03-C01,constitutional_alignment,1,0
M04,M04-B004,4,M04-trial04,critic_debate,Critic debate,M04-T03,M04-T03-C02,constitutional_alignment,1,0
M04,M04-B004,4,M04-trial04,critic_debate,Critic debate,M04-T04,M04-T04-C01,current_legal_effect,1,0
M04,M04-B004,4,M04-trial04,critic_debate,Critic debate,M04-T05,M04-T05-C01,fiscal_effect,1,0
M04,M04-B004,4,M04-trial04,critic_debate,Critic debate,M04-T05,M04-T05-C02,fiscal_effect,1,0
M04,M04-B004,4,M04-trial04,critic_debate,Critic debate,M04-T05,M04-T05-C03,fiscal_effect,1,0
M04,M04-B004,4,M04-trial04,critic_debate,Critic debate,M04-T05,M04-T05-C04,fiscal_effect,1,0
M04,M04-B005,4,M04-trial04,independent_ensemble,Independent ensemble,M04-T01,M04-T01-C01,legal_background,1,0
M04,M04-B005,4,M04-trial04,independent_ensemble,Independent ensemble,M04-T01,M04-T01-C02,legal_background,1,0
M04,M04-B005,4,M04-trial04,independent_ensemble,Independent ensemble,M04-T02,M04-T02-C01,constitutional_right,1,0
M04,M04-B005,4,M04-trial04,independent_ensemble,Independent ensemble,M04-T02,M04-T02-C02,constitutional_right,1,0
M04,M04-B005,4,M04-trial04,independent_ensemble,Independent ensemble,M04-T02,M04-T02-C03,constitutional_right,1,0
M04,M04-B005,4,M04-trial04,independent_ensemble,Independent ensemble,M04-T03,M04-T03-C01,constitutional_alignment,1,0
M04,M04-B005,4,M04-trial04,independent_ensemble,Independent ensemble,M04-T03,M04-T03-C02,constitutional_alignment,1,0
M04,M04-B005,4,M04-trial04,independent_ensemble,Independent ensemble,M04-T04,M04-T04-C01,current_legal_effect,1,0
M04,M04-B005,4,M04-trial04,independent_ensemble,Independent ensemble,M04-T05,M04-T05-C01,fiscal_effect,1,0
M04,M04-B005,4,M04-trial04,independent_ensemble,Independent ensemble,M04-T05,M04-T05-C02,fiscal_effect,1,0
M04,M04-B005,4,M04-trial04,independent_ensemble,Independent ensemble,M04-T05,M04-T05-C03,fiscal_effect,1,0
M04,M04-B005,4,M04-trial04,independent_ensemble,Independent ensemble,M04-T05,M04-T05-C04,fiscal_effect,1,0
M04,M04-B006,4,M04-trial04,normal_debate,Normal debate,M04-T01,M04-T01-C01,legal_background,1,0
M04,M04-B006,4,M04-trial04,normal_debate,Normal debate,M04-T01,M04-T01-C02,legal_background,1,0
M04,M04-B006,4,M04-trial04,normal_debate,Normal debate,M04-T02,M04-T02-C01,constitutional_right,1,0
M04,M04-B006,4,M04-trial04,normal_debate,Normal debate,M04-T02,M04-T02-C02,constitutional_right,1,0
M04,M04-B006,4,M04-trial04,normal_debate,Normal debate,M04-T02,M04-T02-C03,constitutional_right,1,0
M04,M04-B006,4,M04-trial04,normal_debate,Normal debate,M04-T03,M04-T03-C01,constitutional_alignment,1,0
M04,M04-B006,4,M04-trial04,normal_debate,Normal debate,M04-T03,M04-T03-C02,constitutional_alignment,1,0
M04,M04-B006,4,M04-trial04,normal_debate,Normal debate,M04-T04,M04-T04-C01,current_legal_effect,1,0
M04,M04-B006,4,M04-trial04,normal_debate,Normal debate,M04-T05,M04-T05-C01,fiscal_effect,1,0
M04,M04-B006,4,M04-trial04,normal_debate,Normal debate,M04-T05,M04-T05-C02,fiscal_effect,1,0
M04,M04-B006,4,M04-trial04,normal_debate,Normal debate,M04-T05,M04-T05-C03,fiscal_effect,1,0
M04,M04-B006,4,M04-trial04,normal_debate,Normal debate,M04-T05,M04-T05-C04,fiscal_effect,1,0
M04,M04-B007,2,M04-trial02,critic_debate,Critic debate,M04-T01,M04-T01-C01,legal_background,1,0
M04,M04-B007,2,M04-trial02,critic_debate,Critic debate,M04-T01,M04-T01-C02,legal_background,1,0
M04,M04-B007,2,M04-trial02,critic_debate,Critic debate,M04-T02,M04-T02-C01,constitutional_right,1,0
M04,M04-B007,2,M04-trial02,critic_debate,Critic debate,M04-T02,M04-T02-C02,constitutional_right,1,0
M04,M04-B007,2,M04-trial02,critic_debate,Critic debate,M04-T02,M04-T02-C03,constitutional_right,1,0
M04,M04-B007,2,M04-trial02,critic_debate,Critic debate,M04-T03,M04-T03-C01,constitutional_alignment,1,0
M04,M04-B007,2,M04-trial02,critic_debate,Critic debate,M04-T03,M04-T03-C02,constitutional_alignment,1,0
M04,M04-B007,2,M04-trial02,critic_debate,Critic debate,M04-T04,M04-T04-C01,current_legal_effect,1,0
M04,M04-B007,2,M04-trial02,critic_debate,Critic debate,M04-T05,M04-T05-C01,fiscal_effect,1,0
M04,M04-B007,2,M04-trial02,critic_debate,Critic debate,M04-T05,M04-T05-C02,fiscal_effect,1,0
M04,M04-B007,2,M04-trial02,critic_debate,Critic debate,M04-T05,M04-T05-C03,fiscal_effect,1,0
M04,M04-B007,2,M04-trial02,critic_debate,Critic debate,M04-T05,M04-T05-C04,fiscal_effect,1,0
M04,M04-B008,3,M04-trial03,single_agent,Single agent,M04-T01,M04-T01-C01,legal_background,1,0
M04,M04-B008,3,M04-trial03,single_agent,Single agent,M04-T01,M04-T01-C02,legal_background,1,0
M04,M04-B008,3,M04-trial03,single_agent,Single agent,M04-T02,M04-T02-C01,constitutional_right,1,0
M04,M04-B008,3,M04-trial03,single_agent,Single agent,M04-T02,M04-T02-C02,constitutional_right,1,0
M04,M04-B008,3,M04-trial03,single_agent,Single agent,M04-T02,M04-T02-C03,constitutional_right,1,0
M04,M04-B008,3,M04-trial03,single_agent,Single agent,M04-T03,M04-T03-C01,constitutional_alignment,1,0
M04,M04-B008,3,M04-trial03,single_agent,Single agent,M04-T03,M04-T03-C02,constitutional_alignment,1,0
M04,M04-B008,3,M04-trial03,single_agent,Single agent,M04-T04,M04-T04-C01,current_legal_effect,1,0
M04,M04-B008,3,M04-trial03,single_agent,Single agent,M04-T05,M04-T05-C01,fiscal_effect,1,0
M04,M04-B008,3,M04-trial03,single_agent,Single agent,M04-T05,M04-T05-C02,fiscal_effect,1,0
M04,M04-B008,3,M04-trial03,single_agent,Single agent,M04-T05,M04-T05-C03,fiscal_effect,1,0
M04,M04-B008,3,M04-trial03,single_agent,Single agent,M04-T05,M04-T05-C04,fiscal_effect,1,0
M04,M04-B009,2,M04-trial02,independent_ensemble,Independent ensemble,M04-T01,M04-T01-C01,legal_background,1,0
M04,M04-B009,2,M04-trial02,independent_ensemble,Independent ensemble,M04-T01,M04-T01-C02,legal_background,1,0
M04,M04-B009,2,M04-trial02,independent_ensemble,Independent ensemble,M04-T02,M04-T02-C01,constitutional_right,1,0
M04,M04-B009,2,M04-trial02,independent_ensemble,Independent ensemble,M04-T02,M04-T02-C02,constitutional_right,1,0
M04,M04-B009,2,M04-trial02,independent_ensemble,Independent ensemble,M04-T02,M04-T02-C03,constitutional_right,1,0
M04,M04-B009,2,M04-trial02,independent_ensemble,Independent ensemble,M04-T03,M04-T03-C01,constitutional_alignment,1,0
M04,M04-B009,2,M04-trial02,independent_ensemble,Independent ensemble,M04-T03,M04-T03-C02,constitutional_alignment,1,0
M04,M04-B009,2,M04-trial02,independent_ensemble,Independent ensemble,M04-T04,M04-T04-C01,current_legal_effect,1,0
M04,M04-B009,2,M04-trial02,independent_ensemble,Independent ensemble,M04-T05,M04-T05-C01,fiscal_effect,1,0
M04,M04-B009,2,M04-trial02,independent_ensemble,Independent ensemble,M04-T05,M04-T05-C02,fiscal_effect,1,0
M04,M04-B009,2,M04-trial02,independent_ensemble,Independent ensemble,M04-T05,M04-T05-C03,fiscal_effect,1,0
M04,M04-B009,2,M04-trial02,independent_ensemble,Independent ensemble,M04-T05,M04-T05-C04,fiscal_effect,1,0
M04,M04-B010,3,M04-trial03,independent_ensemble,Independent ensemble,M04-T01,M04-T01-C01,legal_background,1,0
M04,M04-B010,3,M04-trial03,independent_ensemble,Independent ensemble,M04-T01,M04-T01-C02,legal_background,1,0
M04,M04-B010,3,M04-trial03,independent_ensemble,Independent ensemble,M04-T02,M04-T02-C01,constitutional_right,1,0
M04,M04-B010,3,M04-trial03,independent_ensemble,Independent ensemble,M04-T02,M04-T02-C02,constitutional_right,1,0
M04,M04-B010,3,M04-trial03,independent_ensemble,Independent ensemble,M04-T02,M04-T02-C03,constitutional_right,1,0
M04,M04-B010,3,M04-trial03,independent_ensemble,Independent ensemble,M04-T03,M04-T03-C01,constitutional_alignment,1,0
M04,M04-B010,3,M04-trial03,independent_ensemble,Independent ensemble,M04-T03,M04-T03-C02,constitutional_alignment,1,0
M04,M04-B010,3,M04-trial03,independent_ensemble,Independent ensemble,M04-T04,M04-T04-C01,current_legal_effect,1,0
M04,M04-B010,3,M04-trial03,independent_ensemble,Independent ensemble,M04-T05,M04-T05-C01,fiscal_effect,1,0
M04,M04-B010,3,M04-trial03,independent_ensemble,Independent ensemble,M04-T05,M04-T05-C02,fiscal_effect,1,0
M04,M04-B010,3,M04-trial03,independent_ensemble,Independent ensemble,M04-T05,M04-T05-C03,fiscal_effect,1,0
M04,M04-B010,3,M04-trial03,independent_ensemble,Independent ensemble,M04-T05,M04-T05-C04,fiscal_effect,1,0
M04,M04-B011,3,M04-trial03,critic_debate,Critic debate,M04-T01,M04-T01-C01,legal_background,1,0
M04,M04-B011,3,M04-trial03,critic_debate,Critic debate,M04-T01,M04-T01-C02,legal_background,1,0
M04,M04-B011,3,M04-trial03,critic_debate,Critic debate,M04-T02,M04-T02-C01,constitutional_right,1,0
M04,M04-B011,3,M04-trial03,critic_debate,Critic debate,M04-T02,M04-T02-C02,constitutional_right,1,0
M04,M04-B011,3,M04-trial03,critic_debate,Critic debate,M04-T02,M04-T02-C03,constitutional_right,1,0
M04,M04-B011,3,M04-trial03,critic_debate,Critic debate,M04-T03,M04-T03-C01,constitutional_alignment,1,0
M04,M04-B011,3,M04-trial03,critic_debate,Critic debate,M04-T03,M04-T03-C02,constitutional_alignment,1,0
M04,M04-B011,3,M04-trial03,critic_debate,Critic debate,M04-T04,M04-T04-C01,current_legal_effect,1,0
M04,M04-B011,3,M04-trial03,critic_debate,Critic debate,M04-T05,M04-T05-C01,fiscal_effect,1,0
M04,M04-B011,3,M04-trial03,critic_debate,Critic debate,M04-T05,M04-T05-C02,fiscal_effect,1,0
M04,M04-B011,3,M04-trial03,critic_debate,Critic debate,M04-T05,M04-T05-C03,fiscal_effect,1,0
M04,M04-B011,3,M04-trial03,critic_debate,Critic debate,M04-T05,M04-T05-C04,fiscal_effect,1,0
M04,M04-B012,1,M04-trial01,normal_debate,Normal debate,M04-T01,M04-T01-C01,legal_background,1,0
M04,M04-B012,1,M04-trial01,normal_debate,Normal debate,M04-T01,M04-T01-C02,legal_background,1,0
M04,M04-B012,1,M04-trial01,normal_debate,Normal debate,M04-T02,M04-T02-C01,constitutional_right,1,0
M04,M04-B012,1,M04-trial01,normal_debate,Normal debate,M04-T02,M04-T02-C02,constitutional_right,1,0
M04,M04-B012,1,M04-trial01,normal_debate,Normal debate,M04-T02,M04-T02-C03,constitutional_right,1,0
M04,M04-B012,1,M04-trial01,normal_debate,Normal debate,M04-T03,M04-T03-C01,constitutional_alignment,1,0
M04,M04-B012,1,M04-trial01,normal_debate,Normal debate,M04-T03,M04-T03-C02,constitutional_alignment,1,0
M04,M04-B012,1,M04-trial01,normal_debate,Normal debate,M04-T04,M04-T04-C01,current_legal_effect,1,0
M04,M04-B012,1,M04-trial01,normal_debate,Normal debate,M04-T05,M04-T05-C01,fiscal_effect,1,0
M04,M04-B012,1,M04-trial01,normal_debate,Normal debate,M04-T05,M04-T05-C02,fiscal_effect,1,0
M04,M04-B012,1,M04-trial01,normal_debate,Normal debate,M04-T05,M04-T05-C03,fiscal_effect,1,0
M04,M04-B012,1,M04-trial01,normal_debate,Normal debate,M04-T05,M04-T05-C04,fiscal_effect,1,0
M04,M04-B013,1,M04-trial01,single_agent,Single agent,M04-T01,M04-T01-C01,legal_background,1,0
M04,M04-B013,1,M04-trial01,single_agent,Single agent,M04-T01,M04-T01-C02,legal_background,1,0
M04,M04-B013,1,M04-trial01,single_agent,Single agent,M04-T02,M04-T02-C01,constitutional_right,1,0
M04,M04-B013,1,M04-trial01,single_agent,Single agent,M04-T02,M04-T02-C02,constitutional_right,1,0
M04,M04-B013,1,M04-trial01,single_agent,Single agent,M04-T02,M04-T02-C03,constitutional_right,1,0
M04,M04-B013,1,M04-trial01,single_agent,Single agent,M04-T03,M04-T03-C01,constitutional_alignment,1,0
M04,M04-B013,1,M04-trial01,single_agent,Single agent,M04-T03,M04-T03-C02,constitutional_alignment,1,0
M04,M04-B013,1,M04-trial01,single_agent,Single agent,M04-T04,M04-T04-C01,current_legal_effect,1,0
M04,M04-B013,1,M04-trial01,single_agent,Single agent,M04-T05,M04-T05-C01,fiscal_effect,1,0
M04,M04-B013,1,M04-trial01,single_agent,Single agent,M04-T05,M04-T05-C02,fiscal_effect,1,0
M04,M04-B013,1,M04-trial01,single_agent,Single agent,M04-T05,M04-T05-C03,fiscal_effect,1,0
M04,M04-B013,1,M04-trial01,single_agent,Single agent,M04-T05,M04-T05-C04,fiscal_effect,1,0
M04,M04-B014,2,M04-trial02,single_agent,Single agent,M04-T01,M04-T01-C01,legal_background,1,0
M04,M04-B014,2,M04-trial02,single_agent,Single agent,M04-T01,M04-T01-C02,legal_background,1,0
M04,M04-B014,2,M04-trial02,single_agent,Single agent,M04-T02,M04-T02-C01,constitutional_right,1,0
M04,M04-B014,2,M04-trial02,single_agent,Single agent,M04-T02,M04-T02-C02,constitutional_right,1,0
M04,M04-B014,2,M04-trial02,single_agent,Single agent,M04-T02,M04-T02-C03,constitutional_right,1,0
M04,M04-B014,2,M04-trial02,single_agent,Single agent,M04-T03,M04-T03-C01,constitutional_alignment,1,0
M04,M04-B014,2,M04-trial02,single_agent,Single agent,M04-T03,M04-T03-C02,constitutional_alignment,1,0
M04,M04-B014,2,M04-trial02,single_agent,Single agent,M04-T04,M04-T04-C01,current_legal_effect,1,0
M04,M04-B014,2,M04-trial02,single_agent,Single agent,M04-T05,M04-T05-C01,fiscal_effect,1,0
M04,M04-B014,2,M04-trial02,single_agent,Single agent,M04-T05,M04-T05-C02,fiscal_effect,1,0
M04,M04-B014,2,M04-trial02,single_agent,Single agent,M04-T05,M04-T05-C03,fiscal_effect,1,0
M04,M04-B014,2,M04-trial02,single_agent,Single agent,M04-T05,M04-T05-C04,fiscal_effect,1,0
M04,M04-B015,2,M04-trial02,normal_debate,Normal debate,M04-T01,M04-T01-C01,legal_background,1,0
M04,M04-B015,2,M04-trial02,normal_debate,Normal debate,M04-T01,M04-T01-C02,legal_background,1,0
M04,M04-B015,2,M04-trial02,normal_debate,Normal debate,M04-T02,M04-T02-C01,constitutional_right,1,0
M04,M04-B015,2,M04-trial02,normal_debate,Normal debate,M04-T02,M04-T02-C02,constitutional_right,1,0
M04,M04-B015,2,M04-trial02,normal_debate,Normal debate,M04-T02,M04-T02-C03,constitutional_right,1,0
M04,M04-B015,2,M04-trial02,normal_debate,Normal debate,M04-T03,M04-T03-C01,constitutional_alignment,1,0
M04,M04-B015,2,M04-trial02,normal_debate,Normal debate,M04-T03,M04-T03-C02,constitutional_alignment,1,0
M04,M04-B015,2,M04-trial02,normal_debate,Normal debate,M04-T04,M04-T04-C01,current_legal_effect,1,0
M04,M04-B015,2,M04-trial02,normal_debate,Normal debate,M04-T05,M04-T05-C01,fiscal_effect,1,0
M04,M04-B015,2,M04-trial02,normal_debate,Normal debate,M04-T05,M04-T05-C02,fiscal_effect,1,0
M04,M04-B015,2,M04-trial02,normal_debate,Normal debate,M04-T05,M04-T05-C03,fiscal_effect,1,0
M04,M04-B015,2,M04-trial02,normal_debate,Normal debate,M04-T05,M04-T05-C04,fiscal_effect,1,0
M04,M04-B016,1,M04-trial01,critic_debate,Critic debate,M04-T01,M04-T01-C01,legal_background,1,0
M04,M04-B016,1,M04-trial01,critic_debate,Critic debate,M04-T01,M04-T01-C02,legal_background,1,0
M04,M04-B016,1,M04-trial01,critic_debate,Critic debate,M04-T02,M04-T02-C01,constitutional_right,1,0
M04,M04-B016,1,M04-trial01,critic_debate,Critic debate,M04-T02,M04-T02-C02,constitutional_right,1,0
M04,M04-B016,1,M04-trial01,critic_debate,Critic debate,M04-T02,M04-T02-C03,constitutional_right,1,0
M04,M04-B016,1,M04-trial01,critic_debate,Critic debate,M04-T03,M04-T03-C01,constitutional_alignment,1,0
M04,M04-B016,1,M04-trial01,critic_debate,Critic debate,M04-T03,M04-T03-C02,constitutional_alignment,1,0
M04,M04-B016,1,M04-trial01,critic_debate,Critic debate,M04-T04,M04-T04-C01,current_legal_effect,1,0
M04,M04-B016,1,M04-trial01,critic_debate,Critic debate,M04-T05,M04-T05-C01,fiscal_effect,1,0
M04,M04-B016,1,M04-trial01,critic_debate,Critic debate,M04-T05,M04-T05-C02,fiscal_effect,1,0
M04,M04-B016,1,M04-trial01,critic_debate,Critic debate,M04-T05,M04-T05-C03,fiscal_effect,1,0
M04,M04-B016,1,M04-trial01,critic_debate,Critic debate,M04-T05,M04-T05-C04,fiscal_effect,1,0
M05,M05-B001,3,M05-trial03,normal_debate,Normal debate,M05-T01,M05-T01-C01,policy_change,1,0
M05,M05-B001,3,M05-trial03,normal_debate,Normal debate,M05-T01,M05-T01-C02,policy_change,1,0
M05,M05-B001,3,M05-trial03,normal_debate,Normal debate,M05-T01,M05-T01-C03,policy_change,1,0
M05,M05-B001,3,M05-trial03,normal_debate,Normal debate,M05-T02,M05-T02-C01,funding_delivery,1,0
M05,M05-B001,3,M05-trial03,normal_debate,Normal debate,M05-T02,M05-T02-C02,funding_delivery,1,0
M05,M05-B001,3,M05-trial03,normal_debate,Normal debate,M05-T02,M05-T02-C03,funding_delivery,1,0
M05,M05-B001,3,M05-trial03,normal_debate,Normal debate,M05-T02,M05-T02-C04,funding_delivery,1,0
M05,M05-B001,3,M05-trial03,normal_debate,Normal debate,M05-T03,M05-T03-C01,allocation,1,0
M05,M05-B001,3,M05-trial03,normal_debate,Normal debate,M05-T03,M05-T03-C02,allocation,1,0
M05,M05-B001,3,M05-trial03,normal_debate,Normal debate,M05-T03,M05-T03-C03,allocation,1,0
M05,M05-B001,3,M05-trial03,normal_debate,Normal debate,M05-T03,M05-T03-C04,allocation,1,0
M05,M05-B001,3,M05-trial03,normal_debate,Normal debate,M05-T03,M05-T03-C05,allocation,1,0
M05,M05-B001,3,M05-trial03,normal_debate,Normal debate,M05-T03,M05-T03-C06,allocation,1,0
M05,M05-B001,3,M05-trial03,normal_debate,Normal debate,M05-T03,M05-T03-C07,allocation,1,0
M05,M05-B001,3,M05-trial03,normal_debate,Normal debate,M05-T03,M05-T03-C08,allocation,1,0
M05,M05-B001,3,M05-trial03,normal_debate,Normal debate,M05-T04,M05-T04-C01,water_allocation,0,0
M05,M05-B001,3,M05-trial03,normal_debate,Normal debate,M05-T04,M05-T04-C02,water_allocation,0,0
M05,M05-B001,3,M05-trial03,normal_debate,Normal debate,M05-T04,M05-T04-C03,water_allocation,0,0
M05,M05-B001,3,M05-trial03,normal_debate,Normal debate,M05-T04,M05-T04-C04,water_allocation,0,0
M05,M05-B001,3,M05-trial03,normal_debate,Normal debate,M05-T05,M05-T05-C01,wildfire_allocation,1,0
M05,M05-B001,3,M05-trial03,normal_debate,Normal debate,M05-T05,M05-T05-C02,wildfire_allocation,1,0
M05,M05-B001,3,M05-trial03,normal_debate,Normal debate,M05-T05,M05-T05-C03,wildfire_allocation,1,0
M05,M05-B001,3,M05-trial03,normal_debate,Normal debate,M05-T06,M05-T06-C01,coastal_allocation,1,0
M05,M05-B001,3,M05-trial03,normal_debate,Normal debate,M05-T06,M05-T06-C02,coastal_allocation,0,0
M05,M05-B001,3,M05-trial03,normal_debate,Normal debate,M05-T06,M05-T06-C03,coastal_allocation,1,1
M05,M05-B001,3,M05-trial03,normal_debate,Normal debate,M05-T06,M05-T06-C04,coastal_allocation,0,0
M05,M05-B001,3,M05-trial03,normal_debate,Normal debate,M05-T07,M05-T07-C01,conservation_allocation,0,0
M05,M05-B001,3,M05-trial03,normal_debate,Normal debate,M05-T07,M05-T07-C02,conservation_allocation,1,0
M05,M05-B001,3,M05-trial03,normal_debate,Normal debate,M05-T08,M05-T08-C01,energy_allocation,1,0
M05,M05-B001,3,M05-trial03,normal_debate,Normal debate,M05-T08,M05-T08-C02,energy_allocation,0,0
M05,M05-B001,3,M05-trial03,normal_debate,Normal debate,M05-T08,M05-T08-C03,energy_allocation,0,0
M05,M05-B001,3,M05-trial03,normal_debate,Normal debate,M05-T08,M05-T08-C04,energy_allocation,0,0
M05,M05-B001,3,M05-trial03,normal_debate,Normal debate,M05-T09,M05-T09-C01,parks_allocation,1,0
M05,M05-B001,3,M05-trial03,normal_debate,Normal debate,M05-T09,M05-T09-C02,parks_allocation,0,0
M05,M05-B001,3,M05-trial03,normal_debate,Normal debate,M05-T09,M05-T09-C03,parks_allocation,0,0
M05,M05-B001,3,M05-trial03,normal_debate,Normal debate,M05-T09,M05-T09-C04,parks_allocation,0,0
M05,M05-B001,3,M05-trial03,normal_debate,Normal debate,M05-T10,M05-T10-C01,extreme_heat_allocation,1,0
M05,M05-B001,3,M05-trial03,normal_debate,Normal debate,M05-T10,M05-T10-C02,extreme_heat_allocation,0,0
M05,M05-B001,3,M05-trial03,normal_debate,Normal debate,M05-T10,M05-T10-C03,extreme_heat_allocation,0,0
M05,M05-B001,3,M05-trial03,normal_debate,Normal debate,M05-T10,M05-T10-C04,extreme_heat_allocation,0,0
M05,M05-B001,3,M05-trial03,normal_debate,Normal debate,M05-T11,M05-T11-C01,agriculture_allocation,1,0
M05,M05-B001,3,M05-trial03,normal_debate,Normal debate,M05-T11,M05-T11-C02,agriculture_allocation,0,0
M05,M05-B001,3,M05-trial03,normal_debate,Normal debate,M05-T11,M05-T11-C03,agriculture_allocation,0,0
M05,M05-B001,3,M05-trial03,normal_debate,Normal debate,M05-T11,M05-T11-C04,agriculture_allocation,1,0
M05,M05-B001,3,M05-trial03,normal_debate,Normal debate,M05-T12,M05-T12-C01,distributional_requirement,1,0
M05,M05-B001,3,M05-trial03,normal_debate,Normal debate,M05-T12,M05-T12-C02,distributional_requirement,1,0
M05,M05-B001,3,M05-trial03,normal_debate,Normal debate,M05-T12,M05-T12-C03,distributional_requirement,1,0
M05,M05-B001,3,M05-trial03,normal_debate,Normal debate,M05-T13,M05-T13-C01,accountability,1,0
M05,M05-B001,3,M05-trial03,normal_debate,Normal debate,M05-T13,M05-T13-C02,accountability,1,0
M05,M05-B001,3,M05-trial03,normal_debate,Normal debate,M05-T14,M05-T14-C01,state_fiscal_cost,1,0
M05,M05-B001,3,M05-trial03,normal_debate,Normal debate,M05-T14,M05-T14-C02,state_fiscal_cost,1,0
M05,M05-B001,3,M05-trial03,normal_debate,Normal debate,M05-T14,M05-T14-C03,state_fiscal_cost,1,0
M05,M05-B001,3,M05-trial03,normal_debate,Normal debate,M05-T15,M05-T15-C01,borrowing_cost_and_scale,1,0
M05,M05-B001,3,M05-trial03,normal_debate,Normal debate,M05-T15,M05-T15-C02,borrowing_cost_and_scale,1,0
M05,M05-B001,3,M05-trial03,normal_debate,Normal debate,M05-T15,M05-T15-C03,borrowing_cost_and_scale,1,0
M05,M05-B001,3,M05-trial03,normal_debate,Normal debate,M05-T15,M05-T15-C04,borrowing_cost_and_scale,1,0
M05,M05-B001,3,M05-trial03,normal_debate,Normal debate,M05-T16,M05-T16-C01,local_fiscal_tradeoff,1,0
M05,M05-B001,3,M05-trial03,normal_debate,Normal debate,M05-T16,M05-T16-C02,local_fiscal_tradeoff,1,0
M05,M05-B001,3,M05-trial03,normal_debate,Normal debate,M05-T16,M05-T16-C03,local_fiscal_tradeoff,1,0
M05,M05-B001,3,M05-trial03,normal_debate,Normal debate,M05-T16,M05-T16-C04,local_fiscal_tradeoff,1,0
M05,M05-B001,3,M05-trial03,normal_debate,Normal debate,M05-T16,M05-T16-C05,local_fiscal_tradeoff,1,0
M05,M05-B001,3,M05-trial03,normal_debate,Normal debate,M05-T17,M05-T17-C01,conditional_savings_and_uncertainty,1,0
M05,M05-B001,3,M05-trial03,normal_debate,Normal debate,M05-T17,M05-T17-C02,conditional_savings_and_uncertainty,0,0
M05,M05-B001,3,M05-trial03,normal_debate,Normal debate,M05-T17,M05-T17-C03,conditional_savings_and_uncertainty,1,0
M05,M05-B002,2,M05-trial02,independent_ensemble,Independent ensemble,M05-T01,M05-T01-C01,policy_change,1,0
M05,M05-B002,2,M05-trial02,independent_ensemble,Independent ensemble,M05-T01,M05-T01-C02,policy_change,1,0
M05,M05-B002,2,M05-trial02,independent_ensemble,Independent ensemble,M05-T01,M05-T01-C03,policy_change,1,0
M05,M05-B002,2,M05-trial02,independent_ensemble,Independent ensemble,M05-T02,M05-T02-C01,funding_delivery,1,0
M05,M05-B002,2,M05-trial02,independent_ensemble,Independent ensemble,M05-T02,M05-T02-C02,funding_delivery,1,0
M05,M05-B002,2,M05-trial02,independent_ensemble,Independent ensemble,M05-T02,M05-T02-C03,funding_delivery,1,0
M05,M05-B002,2,M05-trial02,independent_ensemble,Independent ensemble,M05-T02,M05-T02-C04,funding_delivery,1,0
M05,M05-B002,2,M05-trial02,independent_ensemble,Independent ensemble,M05-T03,M05-T03-C01,allocation,1,0
M05,M05-B002,2,M05-trial02,independent_ensemble,Independent ensemble,M05-T03,M05-T03-C02,allocation,1,0
M05,M05-B002,2,M05-trial02,independent_ensemble,Independent ensemble,M05-T03,M05-T03-C03,allocation,1,0
M05,M05-B002,2,M05-trial02,independent_ensemble,Independent ensemble,M05-T03,M05-T03-C04,allocation,1,0
M05,M05-B002,2,M05-trial02,independent_ensemble,Independent ensemble,M05-T03,M05-T03-C05,allocation,1,0
M05,M05-B002,2,M05-trial02,independent_ensemble,Independent ensemble,M05-T03,M05-T03-C06,allocation,1,0
M05,M05-B002,2,M05-trial02,independent_ensemble,Independent ensemble,M05-T03,M05-T03-C07,allocation,1,0
M05,M05-B002,2,M05-trial02,independent_ensemble,Independent ensemble,M05-T03,M05-T03-C08,allocation,1,0
M05,M05-B002,2,M05-trial02,independent_ensemble,Independent ensemble,M05-T04,M05-T04-C01,water_allocation,0,0
M05,M05-B002,2,M05-trial02,independent_ensemble,Independent ensemble,M05-T04,M05-T04-C02,water_allocation,0,0
M05,M05-B002,2,M05-trial02,independent_ensemble,Independent ensemble,M05-T04,M05-T04-C03,water_allocation,0,0
M05,M05-B002,2,M05-trial02,independent_ensemble,Independent ensemble,M05-T04,M05-T04-C04,water_allocation,1,0
M05,M05-B002,2,M05-trial02,independent_ensemble,Independent ensemble,M05-T05,M05-T05-C01,wildfire_allocation,1,0
M05,M05-B002,2,M05-trial02,independent_ensemble,Independent ensemble,M05-T05,M05-T05-C02,wildfire_allocation,1,0
M05,M05-B002,2,M05-trial02,independent_ensemble,Independent ensemble,M05-T05,M05-T05-C03,wildfire_allocation,1,0
M05,M05-B002,2,M05-trial02,independent_ensemble,Independent ensemble,M05-T06,M05-T06-C01,coastal_allocation,1,0
M05,M05-B002,2,M05-trial02,independent_ensemble,Independent ensemble,M05-T06,M05-T06-C02,coastal_allocation,0,0
M05,M05-B002,2,M05-trial02,independent_ensemble,Independent ensemble,M05-T06,M05-T06-C03,coastal_allocation,0,0
M05,M05-B002,2,M05-trial02,independent_ensemble,Independent ensemble,M05-T06,M05-T06-C04,coastal_allocation,0,0
M05,M05-B002,2,M05-trial02,independent_ensemble,Independent ensemble,M05-T07,M05-T07-C01,conservation_allocation,0,0
M05,M05-B002,2,M05-trial02,independent_ensemble,Independent ensemble,M05-T07,M05-T07-C02,conservation_allocation,1,0
M05,M05-B002,2,M05-trial02,independent_ensemble,Independent ensemble,M05-T08,M05-T08-C01,energy_allocation,1,0
M05,M05-B002,2,M05-trial02,independent_ensemble,Independent ensemble,M05-T08,M05-T08-C02,energy_allocation,0,0
M05,M05-B002,2,M05-trial02,independent_ensemble,Independent ensemble,M05-T08,M05-T08-C03,energy_allocation,0,0
M05,M05-B002,2,M05-trial02,independent_ensemble,Independent ensemble,M05-T08,M05-T08-C04,energy_allocation,0,0
M05,M05-B002,2,M05-trial02,independent_ensemble,Independent ensemble,M05-T09,M05-T09-C01,parks_allocation,1,0
M05,M05-B002,2,M05-trial02,independent_ensemble,Independent ensemble,M05-T09,M05-T09-C02,parks_allocation,0,0
M05,M05-B002,2,M05-trial02,independent_ensemble,Independent ensemble,M05-T09,M05-T09-C03,parks_allocation,0,0
M05,M05-B002,2,M05-trial02,independent_ensemble,Independent ensemble,M05-T09,M05-T09-C04,parks_allocation,0,0
M05,M05-B002,2,M05-trial02,independent_ensemble,Independent ensemble,M05-T10,M05-T10-C01,extreme_heat_allocation,1,0
M05,M05-B002,2,M05-trial02,independent_ensemble,Independent ensemble,M05-T10,M05-T10-C02,extreme_heat_allocation,0,0
M05,M05-B002,2,M05-trial02,independent_ensemble,Independent ensemble,M05-T10,M05-T10-C03,extreme_heat_allocation,0,0
M05,M05-B002,2,M05-trial02,independent_ensemble,Independent ensemble,M05-T10,M05-T10-C04,extreme_heat_allocation,0,0
M05,M05-B002,2,M05-trial02,independent_ensemble,Independent ensemble,M05-T11,M05-T11-C01,agriculture_allocation,1,0
M05,M05-B002,2,M05-trial02,independent_ensemble,Independent ensemble,M05-T11,M05-T11-C02,agriculture_allocation,0,0
M05,M05-B002,2,M05-trial02,independent_ensemble,Independent ensemble,M05-T11,M05-T11-C03,agriculture_allocation,0,0
M05,M05-B002,2,M05-trial02,independent_ensemble,Independent ensemble,M05-T11,M05-T11-C04,agriculture_allocation,1,0
M05,M05-B002,2,M05-trial02,independent_ensemble,Independent ensemble,M05-T12,M05-T12-C01,distributional_requirement,1,0
M05,M05-B002,2,M05-trial02,independent_ensemble,Independent ensemble,M05-T12,M05-T12-C02,distributional_requirement,1,0
M05,M05-B002,2,M05-trial02,independent_ensemble,Independent ensemble,M05-T12,M05-T12-C03,distributional_requirement,1,0
M05,M05-B002,2,M05-trial02,independent_ensemble,Independent ensemble,M05-T13,M05-T13-C01,accountability,1,0
M05,M05-B002,2,M05-trial02,independent_ensemble,Independent ensemble,M05-T13,M05-T13-C02,accountability,1,0
M05,M05-B002,2,M05-trial02,independent_ensemble,Independent ensemble,M05-T14,M05-T14-C01,state_fiscal_cost,1,0
M05,M05-B002,2,M05-trial02,independent_ensemble,Independent ensemble,M05-T14,M05-T14-C02,state_fiscal_cost,1,0
M05,M05-B002,2,M05-trial02,independent_ensemble,Independent ensemble,M05-T14,M05-T14-C03,state_fiscal_cost,1,0
M05,M05-B002,2,M05-trial02,independent_ensemble,Independent ensemble,M05-T15,M05-T15-C01,borrowing_cost_and_scale,1,0
M05,M05-B002,2,M05-trial02,independent_ensemble,Independent ensemble,M05-T15,M05-T15-C02,borrowing_cost_and_scale,1,0
M05,M05-B002,2,M05-trial02,independent_ensemble,Independent ensemble,M05-T15,M05-T15-C03,borrowing_cost_and_scale,1,0
M05,M05-B002,2,M05-trial02,independent_ensemble,Independent ensemble,M05-T15,M05-T15-C04,borrowing_cost_and_scale,1,0
M05,M05-B002,2,M05-trial02,independent_ensemble,Independent ensemble,M05-T16,M05-T16-C01,local_fiscal_tradeoff,1,0
M05,M05-B002,2,M05-trial02,independent_ensemble,Independent ensemble,M05-T16,M05-T16-C02,local_fiscal_tradeoff,1,0
M05,M05-B002,2,M05-trial02,independent_ensemble,Independent ensemble,M05-T16,M05-T16-C03,local_fiscal_tradeoff,1,0
M05,M05-B002,2,M05-trial02,independent_ensemble,Independent ensemble,M05-T16,M05-T16-C04,local_fiscal_tradeoff,1,0
M05,M05-B002,2,M05-trial02,independent_ensemble,Independent ensemble,M05-T16,M05-T16-C05,local_fiscal_tradeoff,1,0
M05,M05-B002,2,M05-trial02,independent_ensemble,Independent ensemble,M05-T17,M05-T17-C01,conditional_savings_and_uncertainty,1,0
M05,M05-B002,2,M05-trial02,independent_ensemble,Independent ensemble,M05-T17,M05-T17-C02,conditional_savings_and_uncertainty,0,0
M05,M05-B002,2,M05-trial02,independent_ensemble,Independent ensemble,M05-T17,M05-T17-C03,conditional_savings_and_uncertainty,1,0
M05,M05-B003,4,M05-trial04,independent_ensemble,Independent ensemble,M05-T01,M05-T01-C01,policy_change,1,0
M05,M05-B003,4,M05-trial04,independent_ensemble,Independent ensemble,M05-T01,M05-T01-C02,policy_change,1,0
M05,M05-B003,4,M05-trial04,independent_ensemble,Independent ensemble,M05-T01,M05-T01-C03,policy_change,1,0
M05,M05-B003,4,M05-trial04,independent_ensemble,Independent ensemble,M05-T02,M05-T02-C01,funding_delivery,1,0
M05,M05-B003,4,M05-trial04,independent_ensemble,Independent ensemble,M05-T02,M05-T02-C02,funding_delivery,1,0
M05,M05-B003,4,M05-trial04,independent_ensemble,Independent ensemble,M05-T02,M05-T02-C03,funding_delivery,1,0
M05,M05-B003,4,M05-trial04,independent_ensemble,Independent ensemble,M05-T02,M05-T02-C04,funding_delivery,1,0
M05,M05-B003,4,M05-trial04,independent_ensemble,Independent ensemble,M05-T03,M05-T03-C01,allocation,1,0
M05,M05-B003,4,M05-trial04,independent_ensemble,Independent ensemble,M05-T03,M05-T03-C02,allocation,1,0
M05,M05-B003,4,M05-trial04,independent_ensemble,Independent ensemble,M05-T03,M05-T03-C03,allocation,1,0
M05,M05-B003,4,M05-trial04,independent_ensemble,Independent ensemble,M05-T03,M05-T03-C04,allocation,1,0
M05,M05-B003,4,M05-trial04,independent_ensemble,Independent ensemble,M05-T03,M05-T03-C05,allocation,1,0
M05,M05-B003,4,M05-trial04,independent_ensemble,Independent ensemble,M05-T03,M05-T03-C06,allocation,1,0
M05,M05-B003,4,M05-trial04,independent_ensemble,Independent ensemble,M05-T03,M05-T03-C07,allocation,1,0
M05,M05-B003,4,M05-trial04,independent_ensemble,Independent ensemble,M05-T03,M05-T03-C08,allocation,1,0
M05,M05-B003,4,M05-trial04,independent_ensemble,Independent ensemble,M05-T04,M05-T04-C01,water_allocation,0,0
M05,M05-B003,4,M05-trial04,independent_ensemble,Independent ensemble,M05-T04,M05-T04-C02,water_allocation,0,0
M05,M05-B003,4,M05-trial04,independent_ensemble,Independent ensemble,M05-T04,M05-T04-C03,water_allocation,0,0
M05,M05-B003,4,M05-trial04,independent_ensemble,Independent ensemble,M05-T04,M05-T04-C04,water_allocation,0,0
M05,M05-B003,4,M05-trial04,independent_ensemble,Independent ensemble,M05-T05,M05-T05-C01,wildfire_allocation,1,0
M05,M05-B003,4,M05-trial04,independent_ensemble,Independent ensemble,M05-T05,M05-T05-C02,wildfire_allocation,1,0
M05,M05-B003,4,M05-trial04,independent_ensemble,Independent ensemble,M05-T05,M05-T05-C03,wildfire_allocation,0,0
M05,M05-B003,4,M05-trial04,independent_ensemble,Independent ensemble,M05-T06,M05-T06-C01,coastal_allocation,1,0
M05,M05-B003,4,M05-trial04,independent_ensemble,Independent ensemble,M05-T06,M05-T06-C02,coastal_allocation,0,0
M05,M05-B003,4,M05-trial04,independent_ensemble,Independent ensemble,M05-T06,M05-T06-C03,coastal_allocation,0,0
M05,M05-B003,4,M05-trial04,independent_ensemble,Independent ensemble,M05-T06,M05-T06-C04,coastal_allocation,0,0
M05,M05-B003,4,M05-trial04,independent_ensemble,Independent ensemble,M05-T07,M05-T07-C01,conservation_allocation,0,0
M05,M05-B003,4,M05-trial04,independent_ensemble,Independent ensemble,M05-T07,M05-T07-C02,conservation_allocation,1,0
M05,M05-B003,4,M05-trial04,independent_ensemble,Independent ensemble,M05-T08,M05-T08-C01,energy_allocation,1,0
M05,M05-B003,4,M05-trial04,independent_ensemble,Independent ensemble,M05-T08,M05-T08-C02,energy_allocation,0,0
M05,M05-B003,4,M05-trial04,independent_ensemble,Independent ensemble,M05-T08,M05-T08-C03,energy_allocation,0,0
M05,M05-B003,4,M05-trial04,independent_ensemble,Independent ensemble,M05-T08,M05-T08-C04,energy_allocation,0,0
M05,M05-B003,4,M05-trial04,independent_ensemble,Independent ensemble,M05-T09,M05-T09-C01,parks_allocation,1,0
M05,M05-B003,4,M05-trial04,independent_ensemble,Independent ensemble,M05-T09,M05-T09-C02,parks_allocation,0,0
M05,M05-B003,4,M05-trial04,independent_ensemble,Independent ensemble,M05-T09,M05-T09-C03,parks_allocation,0,0
M05,M05-B003,4,M05-trial04,independent_ensemble,Independent ensemble,M05-T09,M05-T09-C04,parks_allocation,0,0
M05,M05-B003,4,M05-trial04,independent_ensemble,Independent ensemble,M05-T10,M05-T10-C01,extreme_heat_allocation,1,0
M05,M05-B003,4,M05-trial04,independent_ensemble,Independent ensemble,M05-T10,M05-T10-C02,extreme_heat_allocation,0,0
M05,M05-B003,4,M05-trial04,independent_ensemble,Independent ensemble,M05-T10,M05-T10-C03,extreme_heat_allocation,0,0
M05,M05-B003,4,M05-trial04,independent_ensemble,Independent ensemble,M05-T10,M05-T10-C04,extreme_heat_allocation,0,0
M05,M05-B003,4,M05-trial04,independent_ensemble,Independent ensemble,M05-T11,M05-T11-C01,agriculture_allocation,1,0
M05,M05-B003,4,M05-trial04,independent_ensemble,Independent ensemble,M05-T11,M05-T11-C02,agriculture_allocation,0,0
M05,M05-B003,4,M05-trial04,independent_ensemble,Independent ensemble,M05-T11,M05-T11-C03,agriculture_allocation,0,0
M05,M05-B003,4,M05-trial04,independent_ensemble,Independent ensemble,M05-T11,M05-T11-C04,agriculture_allocation,1,0
M05,M05-B003,4,M05-trial04,independent_ensemble,Independent ensemble,M05-T12,M05-T12-C01,distributional_requirement,1,0
M05,M05-B003,4,M05-trial04,independent_ensemble,Independent ensemble,M05-T12,M05-T12-C02,distributional_requirement,1,0
M05,M05-B003,4,M05-trial04,independent_ensemble,Independent ensemble,M05-T12,M05-T12-C03,distributional_requirement,1,0
M05,M05-B003,4,M05-trial04,independent_ensemble,Independent ensemble,M05-T13,M05-T13-C01,accountability,1,0
M05,M05-B003,4,M05-trial04,independent_ensemble,Independent ensemble,M05-T13,M05-T13-C02,accountability,1,0
M05,M05-B003,4,M05-trial04,independent_ensemble,Independent ensemble,M05-T14,M05-T14-C01,state_fiscal_cost,1,0
M05,M05-B003,4,M05-trial04,independent_ensemble,Independent ensemble,M05-T14,M05-T14-C02,state_fiscal_cost,1,0
M05,M05-B003,4,M05-trial04,independent_ensemble,Independent ensemble,M05-T14,M05-T14-C03,state_fiscal_cost,1,0
M05,M05-B003,4,M05-trial04,independent_ensemble,Independent ensemble,M05-T15,M05-T15-C01,borrowing_cost_and_scale,1,0
M05,M05-B003,4,M05-trial04,independent_ensemble,Independent ensemble,M05-T15,M05-T15-C02,borrowing_cost_and_scale,1,0
M05,M05-B003,4,M05-trial04,independent_ensemble,Independent ensemble,M05-T15,M05-T15-C03,borrowing_cost_and_scale,1,0
M05,M05-B003,4,M05-trial04,independent_ensemble,Independent ensemble,M05-T15,M05-T15-C04,borrowing_cost_and_scale,1,0
M05,M05-B003,4,M05-trial04,independent_ensemble,Independent ensemble,M05-T16,M05-T16-C01,local_fiscal_tradeoff,1,0
M05,M05-B003,4,M05-trial04,independent_ensemble,Independent ensemble,M05-T16,M05-T16-C02,local_fiscal_tradeoff,1,0
M05,M05-B003,4,M05-trial04,independent_ensemble,Independent ensemble,M05-T16,M05-T16-C03,local_fiscal_tradeoff,1,0
M05,M05-B003,4,M05-trial04,independent_ensemble,Independent ensemble,M05-T16,M05-T16-C04,local_fiscal_tradeoff,1,0
M05,M05-B003,4,M05-trial04,independent_ensemble,Independent ensemble,M05-T16,M05-T16-C05,local_fiscal_tradeoff,1,0
M05,M05-B003,4,M05-trial04,independent_ensemble,Independent ensemble,M05-T17,M05-T17-C01,conditional_savings_and_uncertainty,1,0
M05,M05-B003,4,M05-trial04,independent_ensemble,Independent ensemble,M05-T17,M05-T17-C02,conditional_savings_and_uncertainty,0,0
M05,M05-B003,4,M05-trial04,independent_ensemble,Independent ensemble,M05-T17,M05-T17-C03,conditional_savings_and_uncertainty,1,0
M05,M05-B004,4,M05-trial04,single_agent,Single agent,M05-T01,M05-T01-C01,policy_change,1,0
M05,M05-B004,4,M05-trial04,single_agent,Single agent,M05-T01,M05-T01-C02,policy_change,1,0
M05,M05-B004,4,M05-trial04,single_agent,Single agent,M05-T01,M05-T01-C03,policy_change,1,0
M05,M05-B004,4,M05-trial04,single_agent,Single agent,M05-T02,M05-T02-C01,funding_delivery,1,0
M05,M05-B004,4,M05-trial04,single_agent,Single agent,M05-T02,M05-T02-C02,funding_delivery,1,0
M05,M05-B004,4,M05-trial04,single_agent,Single agent,M05-T02,M05-T02-C03,funding_delivery,1,0
M05,M05-B004,4,M05-trial04,single_agent,Single agent,M05-T02,M05-T02-C04,funding_delivery,1,0
M05,M05-B004,4,M05-trial04,single_agent,Single agent,M05-T03,M05-T03-C01,allocation,1,0
M05,M05-B004,4,M05-trial04,single_agent,Single agent,M05-T03,M05-T03-C02,allocation,1,0
M05,M05-B004,4,M05-trial04,single_agent,Single agent,M05-T03,M05-T03-C03,allocation,1,0
M05,M05-B004,4,M05-trial04,single_agent,Single agent,M05-T03,M05-T03-C04,allocation,1,0
M05,M05-B004,4,M05-trial04,single_agent,Single agent,M05-T03,M05-T03-C05,allocation,1,0
M05,M05-B004,4,M05-trial04,single_agent,Single agent,M05-T03,M05-T03-C06,allocation,1,0
M05,M05-B004,4,M05-trial04,single_agent,Single agent,M05-T03,M05-T03-C07,allocation,1,0
M05,M05-B004,4,M05-trial04,single_agent,Single agent,M05-T03,M05-T03-C08,allocation,1,0
M05,M05-B004,4,M05-trial04,single_agent,Single agent,M05-T04,M05-T04-C01,water_allocation,0,0
M05,M05-B004,4,M05-trial04,single_agent,Single agent,M05-T04,M05-T04-C02,water_allocation,0,0
M05,M05-B004,4,M05-trial04,single_agent,Single agent,M05-T04,M05-T04-C03,water_allocation,0,0
M05,M05-B004,4,M05-trial04,single_agent,Single agent,M05-T04,M05-T04-C04,water_allocation,0,0
M05,M05-B004,4,M05-trial04,single_agent,Single agent,M05-T05,M05-T05-C01,wildfire_allocation,1,0
M05,M05-B004,4,M05-trial04,single_agent,Single agent,M05-T05,M05-T05-C02,wildfire_allocation,1,0
M05,M05-B004,4,M05-trial04,single_agent,Single agent,M05-T05,M05-T05-C03,wildfire_allocation,0,0
M05,M05-B004,4,M05-trial04,single_agent,Single agent,M05-T06,M05-T06-C01,coastal_allocation,1,0
M05,M05-B004,4,M05-trial04,single_agent,Single agent,M05-T06,M05-T06-C02,coastal_allocation,0,0
M05,M05-B004,4,M05-trial04,single_agent,Single agent,M05-T06,M05-T06-C03,coastal_allocation,0,0
M05,M05-B004,4,M05-trial04,single_agent,Single agent,M05-T06,M05-T06-C04,coastal_allocation,0,0
M05,M05-B004,4,M05-trial04,single_agent,Single agent,M05-T07,M05-T07-C01,conservation_allocation,0,0
M05,M05-B004,4,M05-trial04,single_agent,Single agent,M05-T07,M05-T07-C02,conservation_allocation,1,0
M05,M05-B004,4,M05-trial04,single_agent,Single agent,M05-T08,M05-T08-C01,energy_allocation,1,0
M05,M05-B004,4,M05-trial04,single_agent,Single agent,M05-T08,M05-T08-C02,energy_allocation,0,0
M05,M05-B004,4,M05-trial04,single_agent,Single agent,M05-T08,M05-T08-C03,energy_allocation,0,0
M05,M05-B004,4,M05-trial04,single_agent,Single agent,M05-T08,M05-T08-C04,energy_allocation,0,0
M05,M05-B004,4,M05-trial04,single_agent,Single agent,M05-T09,M05-T09-C01,parks_allocation,1,0
M05,M05-B004,4,M05-trial04,single_agent,Single agent,M05-T09,M05-T09-C02,parks_allocation,0,0
M05,M05-B004,4,M05-trial04,single_agent,Single agent,M05-T09,M05-T09-C03,parks_allocation,0,0
M05,M05-B004,4,M05-trial04,single_agent,Single agent,M05-T09,M05-T09-C04,parks_allocation,0,0
M05,M05-B004,4,M05-trial04,single_agent,Single agent,M05-T10,M05-T10-C01,extreme_heat_allocation,1,0
M05,M05-B004,4,M05-trial04,single_agent,Single agent,M05-T10,M05-T10-C02,extreme_heat_allocation,0,0
M05,M05-B004,4,M05-trial04,single_agent,Single agent,M05-T10,M05-T10-C03,extreme_heat_allocation,0,0
M05,M05-B004,4,M05-trial04,single_agent,Single agent,M05-T10,M05-T10-C04,extreme_heat_allocation,0,0
M05,M05-B004,4,M05-trial04,single_agent,Single agent,M05-T11,M05-T11-C01,agriculture_allocation,1,0
M05,M05-B004,4,M05-trial04,single_agent,Single agent,M05-T11,M05-T11-C02,agriculture_allocation,0,0
M05,M05-B004,4,M05-trial04,single_agent,Single agent,M05-T11,M05-T11-C03,agriculture_allocation,0,0
M05,M05-B004,4,M05-trial04,single_agent,Single agent,M05-T11,M05-T11-C04,agriculture_allocation,1,0
M05,M05-B004,4,M05-trial04,single_agent,Single agent,M05-T12,M05-T12-C01,distributional_requirement,1,0
M05,M05-B004,4,M05-trial04,single_agent,Single agent,M05-T12,M05-T12-C02,distributional_requirement,1,0
M05,M05-B004,4,M05-trial04,single_agent,Single agent,M05-T12,M05-T12-C03,distributional_requirement,1,0
M05,M05-B004,4,M05-trial04,single_agent,Single agent,M05-T13,M05-T13-C01,accountability,1,0
M05,M05-B004,4,M05-trial04,single_agent,Single agent,M05-T13,M05-T13-C02,accountability,1,0
M05,M05-B004,4,M05-trial04,single_agent,Single agent,M05-T14,M05-T14-C01,state_fiscal_cost,1,0
M05,M05-B004,4,M05-trial04,single_agent,Single agent,M05-T14,M05-T14-C02,state_fiscal_cost,1,0
M05,M05-B004,4,M05-trial04,single_agent,Single agent,M05-T14,M05-T14-C03,state_fiscal_cost,1,0
M05,M05-B004,4,M05-trial04,single_agent,Single agent,M05-T15,M05-T15-C01,borrowing_cost_and_scale,1,0
M05,M05-B004,4,M05-trial04,single_agent,Single agent,M05-T15,M05-T15-C02,borrowing_cost_and_scale,1,0
M05,M05-B004,4,M05-trial04,single_agent,Single agent,M05-T15,M05-T15-C03,borrowing_cost_and_scale,1,0
M05,M05-B004,4,M05-trial04,single_agent,Single agent,M05-T15,M05-T15-C04,borrowing_cost_and_scale,1,0
M05,M05-B004,4,M05-trial04,single_agent,Single agent,M05-T16,M05-T16-C01,local_fiscal_tradeoff,1,0
M05,M05-B004,4,M05-trial04,single_agent,Single agent,M05-T16,M05-T16-C02,local_fiscal_tradeoff,1,0
M05,M05-B004,4,M05-trial04,single_agent,Single agent,M05-T16,M05-T16-C03,local_fiscal_tradeoff,1,0
M05,M05-B004,4,M05-trial04,single_agent,Single agent,M05-T16,M05-T16-C04,local_fiscal_tradeoff,1,0
M05,M05-B004,4,M05-trial04,single_agent,Single agent,M05-T16,M05-T16-C05,local_fiscal_tradeoff,0,0
M05,M05-B004,4,M05-trial04,single_agent,Single agent,M05-T17,M05-T17-C01,conditional_savings_and_uncertainty,1,0
M05,M05-B004,4,M05-trial04,single_agent,Single agent,M05-T17,M05-T17-C02,conditional_savings_and_uncertainty,0,0
M05,M05-B004,4,M05-trial04,single_agent,Single agent,M05-T17,M05-T17-C03,conditional_savings_and_uncertainty,1,0
M05,M05-B005,1,M05-trial01,independent_ensemble,Independent ensemble,M05-T01,M05-T01-C01,policy_change,1,0
M05,M05-B005,1,M05-trial01,independent_ensemble,Independent ensemble,M05-T01,M05-T01-C02,policy_change,1,0
M05,M05-B005,1,M05-trial01,independent_ensemble,Independent ensemble,M05-T01,M05-T01-C03,policy_change,1,0
M05,M05-B005,1,M05-trial01,independent_ensemble,Independent ensemble,M05-T02,M05-T02-C01,funding_delivery,1,0
M05,M05-B005,1,M05-trial01,independent_ensemble,Independent ensemble,M05-T02,M05-T02-C02,funding_delivery,1,0
M05,M05-B005,1,M05-trial01,independent_ensemble,Independent ensemble,M05-T02,M05-T02-C03,funding_delivery,1,0
M05,M05-B005,1,M05-trial01,independent_ensemble,Independent ensemble,M05-T02,M05-T02-C04,funding_delivery,1,0
M05,M05-B005,1,M05-trial01,independent_ensemble,Independent ensemble,M05-T03,M05-T03-C01,allocation,1,0
M05,M05-B005,1,M05-trial01,independent_ensemble,Independent ensemble,M05-T03,M05-T03-C02,allocation,1,0
M05,M05-B005,1,M05-trial01,independent_ensemble,Independent ensemble,M05-T03,M05-T03-C03,allocation,1,0
M05,M05-B005,1,M05-trial01,independent_ensemble,Independent ensemble,M05-T03,M05-T03-C04,allocation,1,0
M05,M05-B005,1,M05-trial01,independent_ensemble,Independent ensemble,M05-T03,M05-T03-C05,allocation,1,0
M05,M05-B005,1,M05-trial01,independent_ensemble,Independent ensemble,M05-T03,M05-T03-C06,allocation,1,0
M05,M05-B005,1,M05-trial01,independent_ensemble,Independent ensemble,M05-T03,M05-T03-C07,allocation,1,0
M05,M05-B005,1,M05-trial01,independent_ensemble,Independent ensemble,M05-T03,M05-T03-C08,allocation,1,0
M05,M05-B005,1,M05-trial01,independent_ensemble,Independent ensemble,M05-T04,M05-T04-C01,water_allocation,0,0
M05,M05-B005,1,M05-trial01,independent_ensemble,Independent ensemble,M05-T04,M05-T04-C02,water_allocation,0,0
M05,M05-B005,1,M05-trial01,independent_ensemble,Independent ensemble,M05-T04,M05-T04-C03,water_allocation,0,0
M05,M05-B005,1,M05-trial01,independent_ensemble,Independent ensemble,M05-T04,M05-T04-C04,water_allocation,0,0
M05,M05-B005,1,M05-trial01,independent_ensemble,Independent ensemble,M05-T05,M05-T05-C01,wildfire_allocation,1,0
M05,M05-B005,1,M05-trial01,independent_ensemble,Independent ensemble,M05-T05,M05-T05-C02,wildfire_allocation,1,0
M05,M05-B005,1,M05-trial01,independent_ensemble,Independent ensemble,M05-T05,M05-T05-C03,wildfire_allocation,0,0
M05,M05-B005,1,M05-trial01,independent_ensemble,Independent ensemble,M05-T06,M05-T06-C01,coastal_allocation,1,0
M05,M05-B005,1,M05-trial01,independent_ensemble,Independent ensemble,M05-T06,M05-T06-C02,coastal_allocation,0,0
M05,M05-B005,1,M05-trial01,independent_ensemble,Independent ensemble,M05-T06,M05-T06-C03,coastal_allocation,1,0
M05,M05-B005,1,M05-trial01,independent_ensemble,Independent ensemble,M05-T06,M05-T06-C04,coastal_allocation,0,0
M05,M05-B005,1,M05-trial01,independent_ensemble,Independent ensemble,M05-T07,M05-T07-C01,conservation_allocation,0,0
M05,M05-B005,1,M05-trial01,independent_ensemble,Independent ensemble,M05-T07,M05-T07-C02,conservation_allocation,1,0
M05,M05-B005,1,M05-trial01,independent_ensemble,Independent ensemble,M05-T08,M05-T08-C01,energy_allocation,1,0
M05,M05-B005,1,M05-trial01,independent_ensemble,Independent ensemble,M05-T08,M05-T08-C02,energy_allocation,0,0
M05,M05-B005,1,M05-trial01,independent_ensemble,Independent ensemble,M05-T08,M05-T08-C03,energy_allocation,0,0
M05,M05-B005,1,M05-trial01,independent_ensemble,Independent ensemble,M05-T08,M05-T08-C04,energy_allocation,0,0
M05,M05-B005,1,M05-trial01,independent_ensemble,Independent ensemble,M05-T09,M05-T09-C01,parks_allocation,1,0
M05,M05-B005,1,M05-trial01,independent_ensemble,Independent ensemble,M05-T09,M05-T09-C02,parks_allocation,0,0
M05,M05-B005,1,M05-trial01,independent_ensemble,Independent ensemble,M05-T09,M05-T09-C03,parks_allocation,0,0
M05,M05-B005,1,M05-trial01,independent_ensemble,Independent ensemble,M05-T09,M05-T09-C04,parks_allocation,0,0
M05,M05-B005,1,M05-trial01,independent_ensemble,Independent ensemble,M05-T10,M05-T10-C01,extreme_heat_allocation,1,0
M05,M05-B005,1,M05-trial01,independent_ensemble,Independent ensemble,M05-T10,M05-T10-C02,extreme_heat_allocation,0,0
M05,M05-B005,1,M05-trial01,independent_ensemble,Independent ensemble,M05-T10,M05-T10-C03,extreme_heat_allocation,0,0
M05,M05-B005,1,M05-trial01,independent_ensemble,Independent ensemble,M05-T10,M05-T10-C04,extreme_heat_allocation,0,0
M05,M05-B005,1,M05-trial01,independent_ensemble,Independent ensemble,M05-T11,M05-T11-C01,agriculture_allocation,1,0
M05,M05-B005,1,M05-trial01,independent_ensemble,Independent ensemble,M05-T11,M05-T11-C02,agriculture_allocation,0,0
M05,M05-B005,1,M05-trial01,independent_ensemble,Independent ensemble,M05-T11,M05-T11-C03,agriculture_allocation,0,0
M05,M05-B005,1,M05-trial01,independent_ensemble,Independent ensemble,M05-T11,M05-T11-C04,agriculture_allocation,1,0
M05,M05-B005,1,M05-trial01,independent_ensemble,Independent ensemble,M05-T12,M05-T12-C01,distributional_requirement,1,0
M05,M05-B005,1,M05-trial01,independent_ensemble,Independent ensemble,M05-T12,M05-T12-C02,distributional_requirement,1,0
M05,M05-B005,1,M05-trial01,independent_ensemble,Independent ensemble,M05-T12,M05-T12-C03,distributional_requirement,1,0
M05,M05-B005,1,M05-trial01,independent_ensemble,Independent ensemble,M05-T13,M05-T13-C01,accountability,1,0
M05,M05-B005,1,M05-trial01,independent_ensemble,Independent ensemble,M05-T13,M05-T13-C02,accountability,1,0
M05,M05-B005,1,M05-trial01,independent_ensemble,Independent ensemble,M05-T14,M05-T14-C01,state_fiscal_cost,0,0
M05,M05-B005,1,M05-trial01,independent_ensemble,Independent ensemble,M05-T14,M05-T14-C02,state_fiscal_cost,0,0
M05,M05-B005,1,M05-trial01,independent_ensemble,Independent ensemble,M05-T14,M05-T14-C03,state_fiscal_cost,1,0
M05,M05-B005,1,M05-trial01,independent_ensemble,Independent ensemble,M05-T15,M05-T15-C01,borrowing_cost_and_scale,1,0
M05,M05-B005,1,M05-trial01,independent_ensemble,Independent ensemble,M05-T15,M05-T15-C02,borrowing_cost_and_scale,1,0
M05,M05-B005,1,M05-trial01,independent_ensemble,Independent ensemble,M05-T15,M05-T15-C03,borrowing_cost_and_scale,1,0
M05,M05-B005,1,M05-trial01,independent_ensemble,Independent ensemble,M05-T15,M05-T15-C04,borrowing_cost_and_scale,1,0
M05,M05-B005,1,M05-trial01,independent_ensemble,Independent ensemble,M05-T16,M05-T16-C01,local_fiscal_tradeoff,1,0
M05,M05-B005,1,M05-trial01,independent_ensemble,Independent ensemble,M05-T16,M05-T16-C02,local_fiscal_tradeoff,1,0
M05,M05-B005,1,M05-trial01,independent_ensemble,Independent ensemble,M05-T16,M05-T16-C03,local_fiscal_tradeoff,1,0
M05,M05-B005,1,M05-trial01,independent_ensemble,Independent ensemble,M05-T16,M05-T16-C04,local_fiscal_tradeoff,1,0
M05,M05-B005,1,M05-trial01,independent_ensemble,Independent ensemble,M05-T16,M05-T16-C05,local_fiscal_tradeoff,1,0
M05,M05-B005,1,M05-trial01,independent_ensemble,Independent ensemble,M05-T17,M05-T17-C01,conditional_savings_and_uncertainty,1,0
M05,M05-B005,1,M05-trial01,independent_ensemble,Independent ensemble,M05-T17,M05-T17-C02,conditional_savings_and_uncertainty,0,0
M05,M05-B005,1,M05-trial01,independent_ensemble,Independent ensemble,M05-T17,M05-T17-C03,conditional_savings_and_uncertainty,1,0
M05,M05-B006,1,M05-trial01,critic_debate,Critic debate,M05-T01,M05-T01-C01,policy_change,1,0
M05,M05-B006,1,M05-trial01,critic_debate,Critic debate,M05-T01,M05-T01-C02,policy_change,1,0
M05,M05-B006,1,M05-trial01,critic_debate,Critic debate,M05-T01,M05-T01-C03,policy_change,1,0
M05,M05-B006,1,M05-trial01,critic_debate,Critic debate,M05-T02,M05-T02-C01,funding_delivery,1,0
M05,M05-B006,1,M05-trial01,critic_debate,Critic debate,M05-T02,M05-T02-C02,funding_delivery,1,0
M05,M05-B006,1,M05-trial01,critic_debate,Critic debate,M05-T02,M05-T02-C03,funding_delivery,1,0
M05,M05-B006,1,M05-trial01,critic_debate,Critic debate,M05-T02,M05-T02-C04,funding_delivery,1,0
M05,M05-B006,1,M05-trial01,critic_debate,Critic debate,M05-T03,M05-T03-C01,allocation,1,0
M05,M05-B006,1,M05-trial01,critic_debate,Critic debate,M05-T03,M05-T03-C02,allocation,1,0
M05,M05-B006,1,M05-trial01,critic_debate,Critic debate,M05-T03,M05-T03-C03,allocation,1,0
M05,M05-B006,1,M05-trial01,critic_debate,Critic debate,M05-T03,M05-T03-C04,allocation,1,0
M05,M05-B006,1,M05-trial01,critic_debate,Critic debate,M05-T03,M05-T03-C05,allocation,1,0
M05,M05-B006,1,M05-trial01,critic_debate,Critic debate,M05-T03,M05-T03-C06,allocation,1,0
M05,M05-B006,1,M05-trial01,critic_debate,Critic debate,M05-T03,M05-T03-C07,allocation,1,0
M05,M05-B006,1,M05-trial01,critic_debate,Critic debate,M05-T03,M05-T03-C08,allocation,1,0
M05,M05-B006,1,M05-trial01,critic_debate,Critic debate,M05-T04,M05-T04-C01,water_allocation,1,0
M05,M05-B006,1,M05-trial01,critic_debate,Critic debate,M05-T04,M05-T04-C02,water_allocation,0,1
M05,M05-B006,1,M05-trial01,critic_debate,Critic debate,M05-T04,M05-T04-C03,water_allocation,1,0
M05,M05-B006,1,M05-trial01,critic_debate,Critic debate,M05-T04,M05-T04-C04,water_allocation,1,0
M05,M05-B006,1,M05-trial01,critic_debate,Critic debate,M05-T05,M05-T05-C01,wildfire_allocation,1,0
M05,M05-B006,1,M05-trial01,critic_debate,Critic debate,M05-T05,M05-T05-C02,wildfire_allocation,1,0
M05,M05-B006,1,M05-trial01,critic_debate,Critic debate,M05-T05,M05-T05-C03,wildfire_allocation,1,0
M05,M05-B006,1,M05-trial01,critic_debate,Critic debate,M05-T06,M05-T06-C01,coastal_allocation,1,0
M05,M05-B006,1,M05-trial01,critic_debate,Critic debate,M05-T06,M05-T06-C02,coastal_allocation,1,0
M05,M05-B006,1,M05-trial01,critic_debate,Critic debate,M05-T06,M05-T06-C03,coastal_allocation,0,0
M05,M05-B006,1,M05-trial01,critic_debate,Critic debate,M05-T06,M05-T06-C04,coastal_allocation,1,0
M05,M05-B006,1,M05-trial01,critic_debate,Critic debate,M05-T07,M05-T07-C01,conservation_allocation,0,1
M05,M05-B006,1,M05-trial01,critic_debate,Critic debate,M05-T07,M05-T07-C02,conservation_allocation,1,0
M05,M05-B006,1,M05-trial01,critic_debate,Critic debate,M05-T08,M05-T08-C01,energy_allocation,1,0
M05,M05-B006,1,M05-trial01,critic_debate,Critic debate,M05-T08,M05-T08-C02,energy_allocation,1,0
M05,M05-B006,1,M05-trial01,critic_debate,Critic debate,M05-T08,M05-T08-C03,energy_allocation,1,0
M05,M05-B006,1,M05-trial01,critic_debate,Critic debate,M05-T08,M05-T08-C04,energy_allocation,1,0
M05,M05-B006,1,M05-trial01,critic_debate,Critic debate,M05-T09,M05-T09-C01,parks_allocation,1,0
M05,M05-B006,1,M05-trial01,critic_debate,Critic debate,M05-T09,M05-T09-C02,parks_allocation,0,1
M05,M05-B006,1,M05-trial01,critic_debate,Critic debate,M05-T09,M05-T09-C03,parks_allocation,0,1
M05,M05-B006,1,M05-trial01,critic_debate,Critic debate,M05-T09,M05-T09-C04,parks_allocation,0,1
M05,M05-B006,1,M05-trial01,critic_debate,Critic debate,M05-T10,M05-T10-C01,extreme_heat_allocation,1,0
M05,M05-B006,1,M05-trial01,critic_debate,Critic debate,M05-T10,M05-T10-C02,extreme_heat_allocation,1,0
M05,M05-B006,1,M05-trial01,critic_debate,Critic debate,M05-T10,M05-T10-C03,extreme_heat_allocation,1,0
M05,M05-B006,1,M05-trial01,critic_debate,Critic debate,M05-T10,M05-T10-C04,extreme_heat_allocation,0,1
M05,M05-B006,1,M05-trial01,critic_debate,Critic debate,M05-T11,M05-T11-C01,agriculture_allocation,1,0
M05,M05-B006,1,M05-trial01,critic_debate,Critic debate,M05-T11,M05-T11-C02,agriculture_allocation,0,1
M05,M05-B006,1,M05-trial01,critic_debate,Critic debate,M05-T11,M05-T11-C03,agriculture_allocation,0,1
M05,M05-B006,1,M05-trial01,critic_debate,Critic debate,M05-T11,M05-T11-C04,agriculture_allocation,1,0
M05,M05-B006,1,M05-trial01,critic_debate,Critic debate,M05-T12,M05-T12-C01,distributional_requirement,1,0
M05,M05-B006,1,M05-trial01,critic_debate,Critic debate,M05-T12,M05-T12-C02,distributional_requirement,1,0
M05,M05-B006,1,M05-trial01,critic_debate,Critic debate,M05-T12,M05-T12-C03,distributional_requirement,1,0
M05,M05-B006,1,M05-trial01,critic_debate,Critic debate,M05-T13,M05-T13-C01,accountability,1,0
M05,M05-B006,1,M05-trial01,critic_debate,Critic debate,M05-T13,M05-T13-C02,accountability,1,0
M05,M05-B006,1,M05-trial01,critic_debate,Critic debate,M05-T14,M05-T14-C01,state_fiscal_cost,1,0
M05,M05-B006,1,M05-trial01,critic_debate,Critic debate,M05-T14,M05-T14-C02,state_fiscal_cost,1,0
M05,M05-B006,1,M05-trial01,critic_debate,Critic debate,M05-T14,M05-T14-C03,state_fiscal_cost,1,0
M05,M05-B006,1,M05-trial01,critic_debate,Critic debate,M05-T15,M05-T15-C01,borrowing_cost_and_scale,1,0
M05,M05-B006,1,M05-trial01,critic_debate,Critic debate,M05-T15,M05-T15-C02,borrowing_cost_and_scale,1,0
M05,M05-B006,1,M05-trial01,critic_debate,Critic debate,M05-T15,M05-T15-C03,borrowing_cost_and_scale,1,0
M05,M05-B006,1,M05-trial01,critic_debate,Critic debate,M05-T15,M05-T15-C04,borrowing_cost_and_scale,1,0
M05,M05-B006,1,M05-trial01,critic_debate,Critic debate,M05-T16,M05-T16-C01,local_fiscal_tradeoff,1,0
M05,M05-B006,1,M05-trial01,critic_debate,Critic debate,M05-T16,M05-T16-C02,local_fiscal_tradeoff,1,0
M05,M05-B006,1,M05-trial01,critic_debate,Critic debate,M05-T16,M05-T16-C03,local_fiscal_tradeoff,1,0
M05,M05-B006,1,M05-trial01,critic_debate,Critic debate,M05-T16,M05-T16-C04,local_fiscal_tradeoff,1,0
M05,M05-B006,1,M05-trial01,critic_debate,Critic debate,M05-T16,M05-T16-C05,local_fiscal_tradeoff,0,1
M05,M05-B006,1,M05-trial01,critic_debate,Critic debate,M05-T17,M05-T17-C01,conditional_savings_and_uncertainty,1,0
M05,M05-B006,1,M05-trial01,critic_debate,Critic debate,M05-T17,M05-T17-C02,conditional_savings_and_uncertainty,0,1
M05,M05-B006,1,M05-trial01,critic_debate,Critic debate,M05-T17,M05-T17-C03,conditional_savings_and_uncertainty,1,0
M05,M05-B007,2,M05-trial02,normal_debate,Normal debate,M05-T01,M05-T01-C01,policy_change,1,0
M05,M05-B007,2,M05-trial02,normal_debate,Normal debate,M05-T01,M05-T01-C02,policy_change,1,0
M05,M05-B007,2,M05-trial02,normal_debate,Normal debate,M05-T01,M05-T01-C03,policy_change,1,0
M05,M05-B007,2,M05-trial02,normal_debate,Normal debate,M05-T02,M05-T02-C01,funding_delivery,1,0
M05,M05-B007,2,M05-trial02,normal_debate,Normal debate,M05-T02,M05-T02-C02,funding_delivery,1,0
M05,M05-B007,2,M05-trial02,normal_debate,Normal debate,M05-T02,M05-T02-C03,funding_delivery,1,0
M05,M05-B007,2,M05-trial02,normal_debate,Normal debate,M05-T02,M05-T02-C04,funding_delivery,1,0
M05,M05-B007,2,M05-trial02,normal_debate,Normal debate,M05-T03,M05-T03-C01,allocation,1,0
M05,M05-B007,2,M05-trial02,normal_debate,Normal debate,M05-T03,M05-T03-C02,allocation,1,0
M05,M05-B007,2,M05-trial02,normal_debate,Normal debate,M05-T03,M05-T03-C03,allocation,1,0
M05,M05-B007,2,M05-trial02,normal_debate,Normal debate,M05-T03,M05-T03-C04,allocation,1,0
M05,M05-B007,2,M05-trial02,normal_debate,Normal debate,M05-T03,M05-T03-C05,allocation,1,0
M05,M05-B007,2,M05-trial02,normal_debate,Normal debate,M05-T03,M05-T03-C06,allocation,1,0
M05,M05-B007,2,M05-trial02,normal_debate,Normal debate,M05-T03,M05-T03-C07,allocation,1,0
M05,M05-B007,2,M05-trial02,normal_debate,Normal debate,M05-T03,M05-T03-C08,allocation,1,0
M05,M05-B007,2,M05-trial02,normal_debate,Normal debate,M05-T04,M05-T04-C01,water_allocation,0,0
M05,M05-B007,2,M05-trial02,normal_debate,Normal debate,M05-T04,M05-T04-C02,water_allocation,0,0
M05,M05-B007,2,M05-trial02,normal_debate,Normal debate,M05-T04,M05-T04-C03,water_allocation,0,0
M05,M05-B007,2,M05-trial02,normal_debate,Normal debate,M05-T04,M05-T04-C04,water_allocation,0,0
M05,M05-B007,2,M05-trial02,normal_debate,Normal debate,M05-T05,M05-T05-C01,wildfire_allocation,1,0
M05,M05-B007,2,M05-trial02,normal_debate,Normal debate,M05-T05,M05-T05-C02,wildfire_allocation,0,0
M05,M05-B007,2,M05-trial02,normal_debate,Normal debate,M05-T05,M05-T05-C03,wildfire_allocation,0,0
M05,M05-B007,2,M05-trial02,normal_debate,Normal debate,M05-T06,M05-T06-C01,coastal_allocation,1,0
M05,M05-B007,2,M05-trial02,normal_debate,Normal debate,M05-T06,M05-T06-C02,coastal_allocation,0,0
M05,M05-B007,2,M05-trial02,normal_debate,Normal debate,M05-T06,M05-T06-C03,coastal_allocation,0,0
M05,M05-B007,2,M05-trial02,normal_debate,Normal debate,M05-T06,M05-T06-C04,coastal_allocation,0,0
M05,M05-B007,2,M05-trial02,normal_debate,Normal debate,M05-T07,M05-T07-C01,conservation_allocation,0,0
M05,M05-B007,2,M05-trial02,normal_debate,Normal debate,M05-T07,M05-T07-C02,conservation_allocation,1,0
M05,M05-B007,2,M05-trial02,normal_debate,Normal debate,M05-T08,M05-T08-C01,energy_allocation,1,0
M05,M05-B007,2,M05-trial02,normal_debate,Normal debate,M05-T08,M05-T08-C02,energy_allocation,0,0
M05,M05-B007,2,M05-trial02,normal_debate,Normal debate,M05-T08,M05-T08-C03,energy_allocation,0,0
M05,M05-B007,2,M05-trial02,normal_debate,Normal debate,M05-T08,M05-T08-C04,energy_allocation,0,0
M05,M05-B007,2,M05-trial02,normal_debate,Normal debate,M05-T09,M05-T09-C01,parks_allocation,1,0
M05,M05-B007,2,M05-trial02,normal_debate,Normal debate,M05-T09,M05-T09-C02,parks_allocation,0,0
M05,M05-B007,2,M05-trial02,normal_debate,Normal debate,M05-T09,M05-T09-C03,parks_allocation,0,0
M05,M05-B007,2,M05-trial02,normal_debate,Normal debate,M05-T09,M05-T09-C04,parks_allocation,0,0
M05,M05-B007,2,M05-trial02,normal_debate,Normal debate,M05-T10,M05-T10-C01,extreme_heat_allocation,1,0
M05,M05-B007,2,M05-trial02,normal_debate,Normal debate,M05-T10,M05-T10-C02,extreme_heat_allocation,0,0
M05,M05-B007,2,M05-trial02,normal_debate,Normal debate,M05-T10,M05-T10-C03,extreme_heat_allocation,0,0
M05,M05-B007,2,M05-trial02,normal_debate,Normal debate,M05-T10,M05-T10-C04,extreme_heat_allocation,0,0
M05,M05-B007,2,M05-trial02,normal_debate,Normal debate,M05-T11,M05-T11-C01,agriculture_allocation,1,0
M05,M05-B007,2,M05-trial02,normal_debate,Normal debate,M05-T11,M05-T11-C02,agriculture_allocation,0,0
M05,M05-B007,2,M05-trial02,normal_debate,Normal debate,M05-T11,M05-T11-C03,agriculture_allocation,0,0
M05,M05-B007,2,M05-trial02,normal_debate,Normal debate,M05-T11,M05-T11-C04,agriculture_allocation,1,0
M05,M05-B007,2,M05-trial02,normal_debate,Normal debate,M05-T12,M05-T12-C01,distributional_requirement,1,0
M05,M05-B007,2,M05-trial02,normal_debate,Normal debate,M05-T12,M05-T12-C02,distributional_requirement,1,0
M05,M05-B007,2,M05-trial02,normal_debate,Normal debate,M05-T12,M05-T12-C03,distributional_requirement,1,0
M05,M05-B007,2,M05-trial02,normal_debate,Normal debate,M05-T13,M05-T13-C01,accountability,1,0
M05,M05-B007,2,M05-trial02,normal_debate,Normal debate,M05-T13,M05-T13-C02,accountability,1,0
M05,M05-B007,2,M05-trial02,normal_debate,Normal debate,M05-T14,M05-T14-C01,state_fiscal_cost,1,0
M05,M05-B007,2,M05-trial02,normal_debate,Normal debate,M05-T14,M05-T14-C02,state_fiscal_cost,1,0
M05,M05-B007,2,M05-trial02,normal_debate,Normal debate,M05-T14,M05-T14-C03,state_fiscal_cost,1,0
M05,M05-B007,2,M05-trial02,normal_debate,Normal debate,M05-T15,M05-T15-C01,borrowing_cost_and_scale,1,0
M05,M05-B007,2,M05-trial02,normal_debate,Normal debate,M05-T15,M05-T15-C02,borrowing_cost_and_scale,1,0
M05,M05-B007,2,M05-trial02,normal_debate,Normal debate,M05-T15,M05-T15-C03,borrowing_cost_and_scale,1,0
M05,M05-B007,2,M05-trial02,normal_debate,Normal debate,M05-T15,M05-T15-C04,borrowing_cost_and_scale,1,0
M05,M05-B007,2,M05-trial02,normal_debate,Normal debate,M05-T16,M05-T16-C01,local_fiscal_tradeoff,1,0
M05,M05-B007,2,M05-trial02,normal_debate,Normal debate,M05-T16,M05-T16-C02,local_fiscal_tradeoff,1,0
M05,M05-B007,2,M05-trial02,normal_debate,Normal debate,M05-T16,M05-T16-C03,local_fiscal_tradeoff,1,0
M05,M05-B007,2,M05-trial02,normal_debate,Normal debate,M05-T16,M05-T16-C04,local_fiscal_tradeoff,1,0
M05,M05-B007,2,M05-trial02,normal_debate,Normal debate,M05-T16,M05-T16-C05,local_fiscal_tradeoff,1,0
M05,M05-B007,2,M05-trial02,normal_debate,Normal debate,M05-T17,M05-T17-C01,conditional_savings_and_uncertainty,1,0
M05,M05-B007,2,M05-trial02,normal_debate,Normal debate,M05-T17,M05-T17-C02,conditional_savings_and_uncertainty,0,0
M05,M05-B007,2,M05-trial02,normal_debate,Normal debate,M05-T17,M05-T17-C03,conditional_savings_and_uncertainty,1,0
M05,M05-B008,3,M05-trial03,single_agent,Single agent,M05-T01,M05-T01-C01,policy_change,1,0
M05,M05-B008,3,M05-trial03,single_agent,Single agent,M05-T01,M05-T01-C02,policy_change,1,0
M05,M05-B008,3,M05-trial03,single_agent,Single agent,M05-T01,M05-T01-C03,policy_change,1,0
M05,M05-B008,3,M05-trial03,single_agent,Single agent,M05-T02,M05-T02-C01,funding_delivery,1,0
M05,M05-B008,3,M05-trial03,single_agent,Single agent,M05-T02,M05-T02-C02,funding_delivery,1,0
M05,M05-B008,3,M05-trial03,single_agent,Single agent,M05-T02,M05-T02-C03,funding_delivery,1,0
M05,M05-B008,3,M05-trial03,single_agent,Single agent,M05-T02,M05-T02-C04,funding_delivery,1,0
M05,M05-B008,3,M05-trial03,single_agent,Single agent,M05-T03,M05-T03-C01,allocation,1,0
M05,M05-B008,3,M05-trial03,single_agent,Single agent,M05-T03,M05-T03-C02,allocation,1,0
M05,M05-B008,3,M05-trial03,single_agent,Single agent,M05-T03,M05-T03-C03,allocation,1,0
M05,M05-B008,3,M05-trial03,single_agent,Single agent,M05-T03,M05-T03-C04,allocation,1,0
M05,M05-B008,3,M05-trial03,single_agent,Single agent,M05-T03,M05-T03-C05,allocation,1,0
M05,M05-B008,3,M05-trial03,single_agent,Single agent,M05-T03,M05-T03-C06,allocation,1,0
M05,M05-B008,3,M05-trial03,single_agent,Single agent,M05-T03,M05-T03-C07,allocation,1,0
M05,M05-B008,3,M05-trial03,single_agent,Single agent,M05-T03,M05-T03-C08,allocation,1,0
M05,M05-B008,3,M05-trial03,single_agent,Single agent,M05-T04,M05-T04-C01,water_allocation,0,0
M05,M05-B008,3,M05-trial03,single_agent,Single agent,M05-T04,M05-T04-C02,water_allocation,0,0
M05,M05-B008,3,M05-trial03,single_agent,Single agent,M05-T04,M05-T04-C03,water_allocation,0,0
M05,M05-B008,3,M05-trial03,single_agent,Single agent,M05-T04,M05-T04-C04,water_allocation,0,0
M05,M05-B008,3,M05-trial03,single_agent,Single agent,M05-T05,M05-T05-C01,wildfire_allocation,1,0
M05,M05-B008,3,M05-trial03,single_agent,Single agent,M05-T05,M05-T05-C02,wildfire_allocation,1,0
M05,M05-B008,3,M05-trial03,single_agent,Single agent,M05-T05,M05-T05-C03,wildfire_allocation,1,0
M05,M05-B008,3,M05-trial03,single_agent,Single agent,M05-T06,M05-T06-C01,coastal_allocation,1,0
M05,M05-B008,3,M05-trial03,single_agent,Single agent,M05-T06,M05-T06-C02,coastal_allocation,0,0
M05,M05-B008,3,M05-trial03,single_agent,Single agent,M05-T06,M05-T06-C03,coastal_allocation,0,0
M05,M05-B008,3,M05-trial03,single_agent,Single agent,M05-T06,M05-T06-C04,coastal_allocation,0,0
M05,M05-B008,3,M05-trial03,single_agent,Single agent,M05-T07,M05-T07-C01,conservation_allocation,0,0
M05,M05-B008,3,M05-trial03,single_agent,Single agent,M05-T07,M05-T07-C02,conservation_allocation,0,0
M05,M05-B008,3,M05-trial03,single_agent,Single agent,M05-T08,M05-T08-C01,energy_allocation,1,0
M05,M05-B008,3,M05-trial03,single_agent,Single agent,M05-T08,M05-T08-C02,energy_allocation,1,0
M05,M05-B008,3,M05-trial03,single_agent,Single agent,M05-T08,M05-T08-C03,energy_allocation,1,0
M05,M05-B008,3,M05-trial03,single_agent,Single agent,M05-T08,M05-T08-C04,energy_allocation,1,0
M05,M05-B008,3,M05-trial03,single_agent,Single agent,M05-T09,M05-T09-C01,parks_allocation,1,0
M05,M05-B008,3,M05-trial03,single_agent,Single agent,M05-T09,M05-T09-C02,parks_allocation,0,0
M05,M05-B008,3,M05-trial03,single_agent,Single agent,M05-T09,M05-T09-C03,parks_allocation,0,0
M05,M05-B008,3,M05-trial03,single_agent,Single agent,M05-T09,M05-T09-C04,parks_allocation,0,0
M05,M05-B008,3,M05-trial03,single_agent,Single agent,M05-T10,M05-T10-C01,extreme_heat_allocation,1,0
M05,M05-B008,3,M05-trial03,single_agent,Single agent,M05-T10,M05-T10-C02,extreme_heat_allocation,0,0
M05,M05-B008,3,M05-trial03,single_agent,Single agent,M05-T10,M05-T10-C03,extreme_heat_allocation,0,0
M05,M05-B008,3,M05-trial03,single_agent,Single agent,M05-T10,M05-T10-C04,extreme_heat_allocation,0,0
M05,M05-B008,3,M05-trial03,single_agent,Single agent,M05-T11,M05-T11-C01,agriculture_allocation,1,0
M05,M05-B008,3,M05-trial03,single_agent,Single agent,M05-T11,M05-T11-C02,agriculture_allocation,0,0
M05,M05-B008,3,M05-trial03,single_agent,Single agent,M05-T11,M05-T11-C03,agriculture_allocation,0,0
M05,M05-B008,3,M05-trial03,single_agent,Single agent,M05-T11,M05-T11-C04,agriculture_allocation,1,0
M05,M05-B008,3,M05-trial03,single_agent,Single agent,M05-T12,M05-T12-C01,distributional_requirement,1,0
M05,M05-B008,3,M05-trial03,single_agent,Single agent,M05-T12,M05-T12-C02,distributional_requirement,1,0
M05,M05-B008,3,M05-trial03,single_agent,Single agent,M05-T12,M05-T12-C03,distributional_requirement,1,0
M05,M05-B008,3,M05-trial03,single_agent,Single agent,M05-T13,M05-T13-C01,accountability,1,0
M05,M05-B008,3,M05-trial03,single_agent,Single agent,M05-T13,M05-T13-C02,accountability,1,0
M05,M05-B008,3,M05-trial03,single_agent,Single agent,M05-T14,M05-T14-C01,state_fiscal_cost,1,0
M05,M05-B008,3,M05-trial03,single_agent,Single agent,M05-T14,M05-T14-C02,state_fiscal_cost,1,0
M05,M05-B008,3,M05-trial03,single_agent,Single agent,M05-T14,M05-T14-C03,state_fiscal_cost,1,0
M05,M05-B008,3,M05-trial03,single_agent,Single agent,M05-T15,M05-T15-C01,borrowing_cost_and_scale,1,0
M05,M05-B008,3,M05-trial03,single_agent,Single agent,M05-T15,M05-T15-C02,borrowing_cost_and_scale,1,0
M05,M05-B008,3,M05-trial03,single_agent,Single agent,M05-T15,M05-T15-C03,borrowing_cost_and_scale,1,0
M05,M05-B008,3,M05-trial03,single_agent,Single agent,M05-T15,M05-T15-C04,borrowing_cost_and_scale,1,0
M05,M05-B008,3,M05-trial03,single_agent,Single agent,M05-T16,M05-T16-C01,local_fiscal_tradeoff,1,0
M05,M05-B008,3,M05-trial03,single_agent,Single agent,M05-T16,M05-T16-C02,local_fiscal_tradeoff,1,0
M05,M05-B008,3,M05-trial03,single_agent,Single agent,M05-T16,M05-T16-C03,local_fiscal_tradeoff,1,0
M05,M05-B008,3,M05-trial03,single_agent,Single agent,M05-T16,M05-T16-C04,local_fiscal_tradeoff,1,0
M05,M05-B008,3,M05-trial03,single_agent,Single agent,M05-T16,M05-T16-C05,local_fiscal_tradeoff,1,0
M05,M05-B008,3,M05-trial03,single_agent,Single agent,M05-T17,M05-T17-C01,conditional_savings_and_uncertainty,1,0
M05,M05-B008,3,M05-trial03,single_agent,Single agent,M05-T17,M05-T17-C02,conditional_savings_and_uncertainty,0,0
M05,M05-B008,3,M05-trial03,single_agent,Single agent,M05-T17,M05-T17-C03,conditional_savings_and_uncertainty,1,0
M05,M05-B009,4,M05-trial04,critic_debate,Critic debate,M05-T01,M05-T01-C01,policy_change,1,0
M05,M05-B009,4,M05-trial04,critic_debate,Critic debate,M05-T01,M05-T01-C02,policy_change,1,0
M05,M05-B009,4,M05-trial04,critic_debate,Critic debate,M05-T01,M05-T01-C03,policy_change,1,0
M05,M05-B009,4,M05-trial04,critic_debate,Critic debate,M05-T02,M05-T02-C01,funding_delivery,1,0
M05,M05-B009,4,M05-trial04,critic_debate,Critic debate,M05-T02,M05-T02-C02,funding_delivery,1,0
M05,M05-B009,4,M05-trial04,critic_debate,Critic debate,M05-T02,M05-T02-C03,funding_delivery,1,0
M05,M05-B009,4,M05-trial04,critic_debate,Critic debate,M05-T02,M05-T02-C04,funding_delivery,1,0
M05,M05-B009,4,M05-trial04,critic_debate,Critic debate,M05-T03,M05-T03-C01,allocation,1,0
M05,M05-B009,4,M05-trial04,critic_debate,Critic debate,M05-T03,M05-T03-C02,allocation,1,0
M05,M05-B009,4,M05-trial04,critic_debate,Critic debate,M05-T03,M05-T03-C03,allocation,1,0
M05,M05-B009,4,M05-trial04,critic_debate,Critic debate,M05-T03,M05-T03-C04,allocation,1,0
M05,M05-B009,4,M05-trial04,critic_debate,Critic debate,M05-T03,M05-T03-C05,allocation,1,0
M05,M05-B009,4,M05-trial04,critic_debate,Critic debate,M05-T03,M05-T03-C06,allocation,1,0
M05,M05-B009,4,M05-trial04,critic_debate,Critic debate,M05-T03,M05-T03-C07,allocation,1,0
M05,M05-B009,4,M05-trial04,critic_debate,Critic debate,M05-T03,M05-T03-C08,allocation,1,0
M05,M05-B009,4,M05-trial04,critic_debate,Critic debate,M05-T04,M05-T04-C01,water_allocation,1,0
M05,M05-B009,4,M05-trial04,critic_debate,Critic debate,M05-T04,M05-T04-C02,water_allocation,0,0
M05,M05-B009,4,M05-trial04,critic_debate,Critic debate,M05-T04,M05-T04-C03,water_allocation,1,0
M05,M05-B009,4,M05-trial04,critic_debate,Critic debate,M05-T04,M05-T04-C04,water_allocation,1,0
M05,M05-B009,4,M05-trial04,critic_debate,Critic debate,M05-T05,M05-T05-C01,wildfire_allocation,1,0
M05,M05-B009,4,M05-trial04,critic_debate,Critic debate,M05-T05,M05-T05-C02,wildfire_allocation,1,0
M05,M05-B009,4,M05-trial04,critic_debate,Critic debate,M05-T05,M05-T05-C03,wildfire_allocation,0,0
M05,M05-B009,4,M05-trial04,critic_debate,Critic debate,M05-T06,M05-T06-C01,coastal_allocation,1,0
M05,M05-B009,4,M05-trial04,critic_debate,Critic debate,M05-T06,M05-T06-C02,coastal_allocation,1,0
M05,M05-B009,4,M05-trial04,critic_debate,Critic debate,M05-T06,M05-T06-C03,coastal_allocation,1,0
M05,M05-B009,4,M05-trial04,critic_debate,Critic debate,M05-T06,M05-T06-C04,coastal_allocation,1,0
M05,M05-B009,4,M05-trial04,critic_debate,Critic debate,M05-T07,M05-T07-C01,conservation_allocation,0,0
M05,M05-B009,4,M05-trial04,critic_debate,Critic debate,M05-T07,M05-T07-C02,conservation_allocation,1,0
M05,M05-B009,4,M05-trial04,critic_debate,Critic debate,M05-T08,M05-T08-C01,energy_allocation,1,0
M05,M05-B009,4,M05-trial04,critic_debate,Critic debate,M05-T08,M05-T08-C02,energy_allocation,1,0
M05,M05-B009,4,M05-trial04,critic_debate,Critic debate,M05-T08,M05-T08-C03,energy_allocation,1,0
M05,M05-B009,4,M05-trial04,critic_debate,Critic debate,M05-T08,M05-T08-C04,energy_allocation,1,0
M05,M05-B009,4,M05-trial04,critic_debate,Critic debate,M05-T09,M05-T09-C01,parks_allocation,1,0
M05,M05-B009,4,M05-trial04,critic_debate,Critic debate,M05-T09,M05-T09-C02,parks_allocation,0,0
M05,M05-B009,4,M05-trial04,critic_debate,Critic debate,M05-T09,M05-T09-C03,parks_allocation,0,0
M05,M05-B009,4,M05-trial04,critic_debate,Critic debate,M05-T09,M05-T09-C04,parks_allocation,0,0
M05,M05-B009,4,M05-trial04,critic_debate,Critic debate,M05-T10,M05-T10-C01,extreme_heat_allocation,1,0
M05,M05-B009,4,M05-trial04,critic_debate,Critic debate,M05-T10,M05-T10-C02,extreme_heat_allocation,0,0
M05,M05-B009,4,M05-trial04,critic_debate,Critic debate,M05-T10,M05-T10-C03,extreme_heat_allocation,0,0
M05,M05-B009,4,M05-trial04,critic_debate,Critic debate,M05-T10,M05-T10-C04,extreme_heat_allocation,0,0
M05,M05-B009,4,M05-trial04,critic_debate,Critic debate,M05-T11,M05-T11-C01,agriculture_allocation,1,0
M05,M05-B009,4,M05-trial04,critic_debate,Critic debate,M05-T11,M05-T11-C02,agriculture_allocation,0,0
M05,M05-B009,4,M05-trial04,critic_debate,Critic debate,M05-T11,M05-T11-C03,agriculture_allocation,0,0
M05,M05-B009,4,M05-trial04,critic_debate,Critic debate,M05-T11,M05-T11-C04,agriculture_allocation,1,0
M05,M05-B009,4,M05-trial04,critic_debate,Critic debate,M05-T12,M05-T12-C01,distributional_requirement,1,0
M05,M05-B009,4,M05-trial04,critic_debate,Critic debate,M05-T12,M05-T12-C02,distributional_requirement,1,0
M05,M05-B009,4,M05-trial04,critic_debate,Critic debate,M05-T12,M05-T12-C03,distributional_requirement,1,0
M05,M05-B009,4,M05-trial04,critic_debate,Critic debate,M05-T13,M05-T13-C01,accountability,1,0
M05,M05-B009,4,M05-trial04,critic_debate,Critic debate,M05-T13,M05-T13-C02,accountability,1,0
M05,M05-B009,4,M05-trial04,critic_debate,Critic debate,M05-T14,M05-T14-C01,state_fiscal_cost,1,0
M05,M05-B009,4,M05-trial04,critic_debate,Critic debate,M05-T14,M05-T14-C02,state_fiscal_cost,1,0
M05,M05-B009,4,M05-trial04,critic_debate,Critic debate,M05-T14,M05-T14-C03,state_fiscal_cost,1,0
M05,M05-B009,4,M05-trial04,critic_debate,Critic debate,M05-T15,M05-T15-C01,borrowing_cost_and_scale,1,0
M05,M05-B009,4,M05-trial04,critic_debate,Critic debate,M05-T15,M05-T15-C02,borrowing_cost_and_scale,1,0
M05,M05-B009,4,M05-trial04,critic_debate,Critic debate,M05-T15,M05-T15-C03,borrowing_cost_and_scale,1,0
M05,M05-B009,4,M05-trial04,critic_debate,Critic debate,M05-T15,M05-T15-C04,borrowing_cost_and_scale,1,0
M05,M05-B009,4,M05-trial04,critic_debate,Critic debate,M05-T16,M05-T16-C01,local_fiscal_tradeoff,1,0
M05,M05-B009,4,M05-trial04,critic_debate,Critic debate,M05-T16,M05-T16-C02,local_fiscal_tradeoff,1,0
M05,M05-B009,4,M05-trial04,critic_debate,Critic debate,M05-T16,M05-T16-C03,local_fiscal_tradeoff,1,0
M05,M05-B009,4,M05-trial04,critic_debate,Critic debate,M05-T16,M05-T16-C04,local_fiscal_tradeoff,1,0
M05,M05-B009,4,M05-trial04,critic_debate,Critic debate,M05-T16,M05-T16-C05,local_fiscal_tradeoff,1,0
M05,M05-B009,4,M05-trial04,critic_debate,Critic debate,M05-T17,M05-T17-C01,conditional_savings_and_uncertainty,1,0
M05,M05-B009,4,M05-trial04,critic_debate,Critic debate,M05-T17,M05-T17-C02,conditional_savings_and_uncertainty,0,0
M05,M05-B009,4,M05-trial04,critic_debate,Critic debate,M05-T17,M05-T17-C03,conditional_savings_and_uncertainty,1,0
M05,M05-B010,2,M05-trial02,critic_debate,Critic debate,M05-T01,M05-T01-C01,policy_change,1,0
M05,M05-B010,2,M05-trial02,critic_debate,Critic debate,M05-T01,M05-T01-C02,policy_change,1,0
M05,M05-B010,2,M05-trial02,critic_debate,Critic debate,M05-T01,M05-T01-C03,policy_change,1,0
M05,M05-B010,2,M05-trial02,critic_debate,Critic debate,M05-T02,M05-T02-C01,funding_delivery,1,0
M05,M05-B010,2,M05-trial02,critic_debate,Critic debate,M05-T02,M05-T02-C02,funding_delivery,1,0
M05,M05-B010,2,M05-trial02,critic_debate,Critic debate,M05-T02,M05-T02-C03,funding_delivery,1,0
M05,M05-B010,2,M05-trial02,critic_debate,Critic debate,M05-T02,M05-T02-C04,funding_delivery,1,0
M05,M05-B010,2,M05-trial02,critic_debate,Critic debate,M05-T03,M05-T03-C01,allocation,1,0
M05,M05-B010,2,M05-trial02,critic_debate,Critic debate,M05-T03,M05-T03-C02,allocation,1,0
M05,M05-B010,2,M05-trial02,critic_debate,Critic debate,M05-T03,M05-T03-C03,allocation,1,0
M05,M05-B010,2,M05-trial02,critic_debate,Critic debate,M05-T03,M05-T03-C04,allocation,1,0
M05,M05-B010,2,M05-trial02,critic_debate,Critic debate,M05-T03,M05-T03-C05,allocation,1,0
M05,M05-B010,2,M05-trial02,critic_debate,Critic debate,M05-T03,M05-T03-C06,allocation,1,0
M05,M05-B010,2,M05-trial02,critic_debate,Critic debate,M05-T03,M05-T03-C07,allocation,1,0
M05,M05-B010,2,M05-trial02,critic_debate,Critic debate,M05-T03,M05-T03-C08,allocation,1,0
M05,M05-B010,2,M05-trial02,critic_debate,Critic debate,M05-T04,M05-T04-C01,water_allocation,1,0
M05,M05-B010,2,M05-trial02,critic_debate,Critic debate,M05-T04,M05-T04-C02,water_allocation,0,0
M05,M05-B010,2,M05-trial02,critic_debate,Critic debate,M05-T04,M05-T04-C03,water_allocation,1,0
M05,M05-B010,2,M05-trial02,critic_debate,Critic debate,M05-T04,M05-T04-C04,water_allocation,1,0
M05,M05-B010,2,M05-trial02,critic_debate,Critic debate,M05-T05,M05-T05-C01,wildfire_allocation,1,0
M05,M05-B010,2,M05-trial02,critic_debate,Critic debate,M05-T05,M05-T05-C02,wildfire_allocation,1,0
M05,M05-B010,2,M05-trial02,critic_debate,Critic debate,M05-T05,M05-T05-C03,wildfire_allocation,0,1
M05,M05-B010,2,M05-trial02,critic_debate,Critic debate,M05-T06,M05-T06-C01,coastal_allocation,1,0
M05,M05-B010,2,M05-trial02,critic_debate,Critic debate,M05-T06,M05-T06-C02,coastal_allocation,1,0
M05,M05-B010,2,M05-trial02,critic_debate,Critic debate,M05-T06,M05-T06-C03,coastal_allocation,0,0
M05,M05-B010,2,M05-trial02,critic_debate,Critic debate,M05-T06,M05-T06-C04,coastal_allocation,1,0
M05,M05-B010,2,M05-trial02,critic_debate,Critic debate,M05-T07,M05-T07-C01,conservation_allocation,0,1
M05,M05-B010,2,M05-trial02,critic_debate,Critic debate,M05-T07,M05-T07-C02,conservation_allocation,1,0
M05,M05-B010,2,M05-trial02,critic_debate,Critic debate,M05-T08,M05-T08-C01,energy_allocation,1,0
M05,M05-B010,2,M05-trial02,critic_debate,Critic debate,M05-T08,M05-T08-C02,energy_allocation,1,0
M05,M05-B010,2,M05-trial02,critic_debate,Critic debate,M05-T08,M05-T08-C03,energy_allocation,1,0
M05,M05-B010,2,M05-trial02,critic_debate,Critic debate,M05-T08,M05-T08-C04,energy_allocation,1,0
M05,M05-B010,2,M05-trial02,critic_debate,Critic debate,M05-T09,M05-T09-C01,parks_allocation,1,0
M05,M05-B010,2,M05-trial02,critic_debate,Critic debate,M05-T09,M05-T09-C02,parks_allocation,0,0
M05,M05-B010,2,M05-trial02,critic_debate,Critic debate,M05-T09,M05-T09-C03,parks_allocation,0,0
M05,M05-B010,2,M05-trial02,critic_debate,Critic debate,M05-T09,M05-T09-C04,parks_allocation,0,0
M05,M05-B010,2,M05-trial02,critic_debate,Critic debate,M05-T10,M05-T10-C01,extreme_heat_allocation,1,0
M05,M05-B010,2,M05-trial02,critic_debate,Critic debate,M05-T10,M05-T10-C02,extreme_heat_allocation,1,0
M05,M05-B010,2,M05-trial02,critic_debate,Critic debate,M05-T10,M05-T10-C03,extreme_heat_allocation,1,0
M05,M05-B010,2,M05-trial02,critic_debate,Critic debate,M05-T10,M05-T10-C04,extreme_heat_allocation,0,1
M05,M05-B010,2,M05-trial02,critic_debate,Critic debate,M05-T11,M05-T11-C01,agriculture_allocation,1,0
M05,M05-B010,2,M05-trial02,critic_debate,Critic debate,M05-T11,M05-T11-C02,agriculture_allocation,1,0
M05,M05-B010,2,M05-trial02,critic_debate,Critic debate,M05-T11,M05-T11-C03,agriculture_allocation,1,0
M05,M05-B010,2,M05-trial02,critic_debate,Critic debate,M05-T11,M05-T11-C04,agriculture_allocation,0,0
M05,M05-B010,2,M05-trial02,critic_debate,Critic debate,M05-T12,M05-T12-C01,distributional_requirement,1,0
M05,M05-B010,2,M05-trial02,critic_debate,Critic debate,M05-T12,M05-T12-C02,distributional_requirement,1,0
M05,M05-B010,2,M05-trial02,critic_debate,Critic debate,M05-T12,M05-T12-C03,distributional_requirement,1,0
M05,M05-B010,2,M05-trial02,critic_debate,Critic debate,M05-T13,M05-T13-C01,accountability,1,0
M05,M05-B010,2,M05-trial02,critic_debate,Critic debate,M05-T13,M05-T13-C02,accountability,1,0
M05,M05-B010,2,M05-trial02,critic_debate,Critic debate,M05-T14,M05-T14-C01,state_fiscal_cost,1,0
M05,M05-B010,2,M05-trial02,critic_debate,Critic debate,M05-T14,M05-T14-C02,state_fiscal_cost,1,0
M05,M05-B010,2,M05-trial02,critic_debate,Critic debate,M05-T14,M05-T14-C03,state_fiscal_cost,1,0
M05,M05-B010,2,M05-trial02,critic_debate,Critic debate,M05-T15,M05-T15-C01,borrowing_cost_and_scale,1,0
M05,M05-B010,2,M05-trial02,critic_debate,Critic debate,M05-T15,M05-T15-C02,borrowing_cost_and_scale,1,0
M05,M05-B010,2,M05-trial02,critic_debate,Critic debate,M05-T15,M05-T15-C03,borrowing_cost_and_scale,1,0
M05,M05-B010,2,M05-trial02,critic_debate,Critic debate,M05-T15,M05-T15-C04,borrowing_cost_and_scale,1,0
M05,M05-B010,2,M05-trial02,critic_debate,Critic debate,M05-T16,M05-T16-C01,local_fiscal_tradeoff,1,0
M05,M05-B010,2,M05-trial02,critic_debate,Critic debate,M05-T16,M05-T16-C02,local_fiscal_tradeoff,1,0
M05,M05-B010,2,M05-trial02,critic_debate,Critic debate,M05-T16,M05-T16-C03,local_fiscal_tradeoff,1,0
M05,M05-B010,2,M05-trial02,critic_debate,Critic debate,M05-T16,M05-T16-C04,local_fiscal_tradeoff,1,0
M05,M05-B010,2,M05-trial02,critic_debate,Critic debate,M05-T16,M05-T16-C05,local_fiscal_tradeoff,1,0
M05,M05-B010,2,M05-trial02,critic_debate,Critic debate,M05-T17,M05-T17-C01,conditional_savings_and_uncertainty,1,0
M05,M05-B010,2,M05-trial02,critic_debate,Critic debate,M05-T17,M05-T17-C02,conditional_savings_and_uncertainty,0,1
M05,M05-B010,2,M05-trial02,critic_debate,Critic debate,M05-T17,M05-T17-C03,conditional_savings_and_uncertainty,1,0
M05,M05-B011,2,M05-trial02,single_agent,Single agent,M05-T01,M05-T01-C01,policy_change,1,0
M05,M05-B011,2,M05-trial02,single_agent,Single agent,M05-T01,M05-T01-C02,policy_change,1,0
M05,M05-B011,2,M05-trial02,single_agent,Single agent,M05-T01,M05-T01-C03,policy_change,1,0
M05,M05-B011,2,M05-trial02,single_agent,Single agent,M05-T02,M05-T02-C01,funding_delivery,1,0
M05,M05-B011,2,M05-trial02,single_agent,Single agent,M05-T02,M05-T02-C02,funding_delivery,1,0
M05,M05-B011,2,M05-trial02,single_agent,Single agent,M05-T02,M05-T02-C03,funding_delivery,1,0
M05,M05-B011,2,M05-trial02,single_agent,Single agent,M05-T02,M05-T02-C04,funding_delivery,1,0
M05,M05-B011,2,M05-trial02,single_agent,Single agent,M05-T03,M05-T03-C01,allocation,1,0
M05,M05-B011,2,M05-trial02,single_agent,Single agent,M05-T03,M05-T03-C02,allocation,1,0
M05,M05-B011,2,M05-trial02,single_agent,Single agent,M05-T03,M05-T03-C03,allocation,1,0
M05,M05-B011,2,M05-trial02,single_agent,Single agent,M05-T03,M05-T03-C04,allocation,1,0
M05,M05-B011,2,M05-trial02,single_agent,Single agent,M05-T03,M05-T03-C05,allocation,1,0
M05,M05-B011,2,M05-trial02,single_agent,Single agent,M05-T03,M05-T03-C06,allocation,1,0
M05,M05-B011,2,M05-trial02,single_agent,Single agent,M05-T03,M05-T03-C07,allocation,1,0
M05,M05-B011,2,M05-trial02,single_agent,Single agent,M05-T03,M05-T03-C08,allocation,1,0
M05,M05-B011,2,M05-trial02,single_agent,Single agent,M05-T04,M05-T04-C01,water_allocation,0,0
M05,M05-B011,2,M05-trial02,single_agent,Single agent,M05-T04,M05-T04-C02,water_allocation,0,0
M05,M05-B011,2,M05-trial02,single_agent,Single agent,M05-T04,M05-T04-C03,water_allocation,0,0
M05,M05-B011,2,M05-trial02,single_agent,Single agent,M05-T04,M05-T04-C04,water_allocation,0,0
M05,M05-B011,2,M05-trial02,single_agent,Single agent,M05-T05,M05-T05-C01,wildfire_allocation,1,0
M05,M05-B011,2,M05-trial02,single_agent,Single agent,M05-T05,M05-T05-C02,wildfire_allocation,1,0
M05,M05-B011,2,M05-trial02,single_agent,Single agent,M05-T05,M05-T05-C03,wildfire_allocation,0,0
M05,M05-B011,2,M05-trial02,single_agent,Single agent,M05-T06,M05-T06-C01,coastal_allocation,1,0
M05,M05-B011,2,M05-trial02,single_agent,Single agent,M05-T06,M05-T06-C02,coastal_allocation,0,0
M05,M05-B011,2,M05-trial02,single_agent,Single agent,M05-T06,M05-T06-C03,coastal_allocation,0,0
M05,M05-B011,2,M05-trial02,single_agent,Single agent,M05-T06,M05-T06-C04,coastal_allocation,0,0
M05,M05-B011,2,M05-trial02,single_agent,Single agent,M05-T07,M05-T07-C01,conservation_allocation,0,0
M05,M05-B011,2,M05-trial02,single_agent,Single agent,M05-T07,M05-T07-C02,conservation_allocation,1,0
M05,M05-B011,2,M05-trial02,single_agent,Single agent,M05-T08,M05-T08-C01,energy_allocation,1,0
M05,M05-B011,2,M05-trial02,single_agent,Single agent,M05-T08,M05-T08-C02,energy_allocation,0,0
M05,M05-B011,2,M05-trial02,single_agent,Single agent,M05-T08,M05-T08-C03,energy_allocation,0,0
M05,M05-B011,2,M05-trial02,single_agent,Single agent,M05-T08,M05-T08-C04,energy_allocation,0,0
M05,M05-B011,2,M05-trial02,single_agent,Single agent,M05-T09,M05-T09-C01,parks_allocation,1,0
M05,M05-B011,2,M05-trial02,single_agent,Single agent,M05-T09,M05-T09-C02,parks_allocation,0,0
M05,M05-B011,2,M05-trial02,single_agent,Single agent,M05-T09,M05-T09-C03,parks_allocation,0,0
M05,M05-B011,2,M05-trial02,single_agent,Single agent,M05-T09,M05-T09-C04,parks_allocation,0,0
M05,M05-B011,2,M05-trial02,single_agent,Single agent,M05-T10,M05-T10-C01,extreme_heat_allocation,1,0
M05,M05-B011,2,M05-trial02,single_agent,Single agent,M05-T10,M05-T10-C02,extreme_heat_allocation,0,0
M05,M05-B011,2,M05-trial02,single_agent,Single agent,M05-T10,M05-T10-C03,extreme_heat_allocation,0,0
M05,M05-B011,2,M05-trial02,single_agent,Single agent,M05-T10,M05-T10-C04,extreme_heat_allocation,0,0
M05,M05-B011,2,M05-trial02,single_agent,Single agent,M05-T11,M05-T11-C01,agriculture_allocation,1,0
M05,M05-B011,2,M05-trial02,single_agent,Single agent,M05-T11,M05-T11-C02,agriculture_allocation,0,0
M05,M05-B011,2,M05-trial02,single_agent,Single agent,M05-T11,M05-T11-C03,agriculture_allocation,0,0
M05,M05-B011,2,M05-trial02,single_agent,Single agent,M05-T11,M05-T11-C04,agriculture_allocation,1,0
M05,M05-B011,2,M05-trial02,single_agent,Single agent,M05-T12,M05-T12-C01,distributional_requirement,1,0
M05,M05-B011,2,M05-trial02,single_agent,Single agent,M05-T12,M05-T12-C02,distributional_requirement,1,0
M05,M05-B011,2,M05-trial02,single_agent,Single agent,M05-T12,M05-T12-C03,distributional_requirement,1,0
M05,M05-B011,2,M05-trial02,single_agent,Single agent,M05-T13,M05-T13-C01,accountability,1,0
M05,M05-B011,2,M05-trial02,single_agent,Single agent,M05-T13,M05-T13-C02,accountability,1,0
M05,M05-B011,2,M05-trial02,single_agent,Single agent,M05-T14,M05-T14-C01,state_fiscal_cost,1,0
M05,M05-B011,2,M05-trial02,single_agent,Single agent,M05-T14,M05-T14-C02,state_fiscal_cost,1,0
M05,M05-B011,2,M05-trial02,single_agent,Single agent,M05-T14,M05-T14-C03,state_fiscal_cost,1,0
M05,M05-B011,2,M05-trial02,single_agent,Single agent,M05-T15,M05-T15-C01,borrowing_cost_and_scale,1,0
M05,M05-B011,2,M05-trial02,single_agent,Single agent,M05-T15,M05-T15-C02,borrowing_cost_and_scale,1,0
M05,M05-B011,2,M05-trial02,single_agent,Single agent,M05-T15,M05-T15-C03,borrowing_cost_and_scale,1,0
M05,M05-B011,2,M05-trial02,single_agent,Single agent,M05-T15,M05-T15-C04,borrowing_cost_and_scale,1,0
M05,M05-B011,2,M05-trial02,single_agent,Single agent,M05-T16,M05-T16-C01,local_fiscal_tradeoff,0,0
M05,M05-B011,2,M05-trial02,single_agent,Single agent,M05-T16,M05-T16-C02,local_fiscal_tradeoff,1,0
M05,M05-B011,2,M05-trial02,single_agent,Single agent,M05-T16,M05-T16-C03,local_fiscal_tradeoff,1,0
M05,M05-B011,2,M05-trial02,single_agent,Single agent,M05-T16,M05-T16-C04,local_fiscal_tradeoff,1,0
M05,M05-B011,2,M05-trial02,single_agent,Single agent,M05-T16,M05-T16-C05,local_fiscal_tradeoff,1,0
M05,M05-B011,2,M05-trial02,single_agent,Single agent,M05-T17,M05-T17-C01,conditional_savings_and_uncertainty,1,0
M05,M05-B011,2,M05-trial02,single_agent,Single agent,M05-T17,M05-T17-C02,conditional_savings_and_uncertainty,0,0
M05,M05-B011,2,M05-trial02,single_agent,Single agent,M05-T17,M05-T17-C03,conditional_savings_and_uncertainty,1,0
M05,M05-B012,1,M05-trial01,single_agent,Single agent,M05-T01,M05-T01-C01,policy_change,1,0
M05,M05-B012,1,M05-trial01,single_agent,Single agent,M05-T01,M05-T01-C02,policy_change,1,0
M05,M05-B012,1,M05-trial01,single_agent,Single agent,M05-T01,M05-T01-C03,policy_change,1,0
M05,M05-B012,1,M05-trial01,single_agent,Single agent,M05-T02,M05-T02-C01,funding_delivery,1,0
M05,M05-B012,1,M05-trial01,single_agent,Single agent,M05-T02,M05-T02-C02,funding_delivery,1,0
M05,M05-B012,1,M05-trial01,single_agent,Single agent,M05-T02,M05-T02-C03,funding_delivery,1,0
M05,M05-B012,1,M05-trial01,single_agent,Single agent,M05-T02,M05-T02-C04,funding_delivery,1,0
M05,M05-B012,1,M05-trial01,single_agent,Single agent,M05-T03,M05-T03-C01,allocation,1,0
M05,M05-B012,1,M05-trial01,single_agent,Single agent,M05-T03,M05-T03-C02,allocation,1,0
M05,M05-B012,1,M05-trial01,single_agent,Single agent,M05-T03,M05-T03-C03,allocation,1,0
M05,M05-B012,1,M05-trial01,single_agent,Single agent,M05-T03,M05-T03-C04,allocation,1,0
M05,M05-B012,1,M05-trial01,single_agent,Single agent,M05-T03,M05-T03-C05,allocation,1,0
M05,M05-B012,1,M05-trial01,single_agent,Single agent,M05-T03,M05-T03-C06,allocation,1,0
M05,M05-B012,1,M05-trial01,single_agent,Single agent,M05-T03,M05-T03-C07,allocation,1,0
M05,M05-B012,1,M05-trial01,single_agent,Single agent,M05-T03,M05-T03-C08,allocation,1,0
M05,M05-B012,1,M05-trial01,single_agent,Single agent,M05-T04,M05-T04-C01,water_allocation,0,0
M05,M05-B012,1,M05-trial01,single_agent,Single agent,M05-T04,M05-T04-C02,water_allocation,0,0
M05,M05-B012,1,M05-trial01,single_agent,Single agent,M05-T04,M05-T04-C03,water_allocation,0,0
M05,M05-B012,1,M05-trial01,single_agent,Single agent,M05-T04,M05-T04-C04,water_allocation,1,0
M05,M05-B012,1,M05-trial01,single_agent,Single agent,M05-T05,M05-T05-C01,wildfire_allocation,1,0
M05,M05-B012,1,M05-trial01,single_agent,Single agent,M05-T05,M05-T05-C02,wildfire_allocation,1,0
M05,M05-B012,1,M05-trial01,single_agent,Single agent,M05-T05,M05-T05-C03,wildfire_allocation,1,0
M05,M05-B012,1,M05-trial01,single_agent,Single agent,M05-T06,M05-T06-C01,coastal_allocation,1,0
M05,M05-B012,1,M05-trial01,single_agent,Single agent,M05-T06,M05-T06-C02,coastal_allocation,0,0
M05,M05-B012,1,M05-trial01,single_agent,Single agent,M05-T06,M05-T06-C03,coastal_allocation,0,0
M05,M05-B012,1,M05-trial01,single_agent,Single agent,M05-T06,M05-T06-C04,coastal_allocation,0,0
M05,M05-B012,1,M05-trial01,single_agent,Single agent,M05-T07,M05-T07-C01,conservation_allocation,0,0
M05,M05-B012,1,M05-trial01,single_agent,Single agent,M05-T07,M05-T07-C02,conservation_allocation,1,0
M05,M05-B012,1,M05-trial01,single_agent,Single agent,M05-T08,M05-T08-C01,energy_allocation,1,0
M05,M05-B012,1,M05-trial01,single_agent,Single agent,M05-T08,M05-T08-C02,energy_allocation,0,0
M05,M05-B012,1,M05-trial01,single_agent,Single agent,M05-T08,M05-T08-C03,energy_allocation,0,0
M05,M05-B012,1,M05-trial01,single_agent,Single agent,M05-T08,M05-T08-C04,energy_allocation,0,0
M05,M05-B012,1,M05-trial01,single_agent,Single agent,M05-T09,M05-T09-C01,parks_allocation,1,0
M05,M05-B012,1,M05-trial01,single_agent,Single agent,M05-T09,M05-T09-C02,parks_allocation,0,0
M05,M05-B012,1,M05-trial01,single_agent,Single agent,M05-T09,M05-T09-C03,parks_allocation,0,0
M05,M05-B012,1,M05-trial01,single_agent,Single agent,M05-T09,M05-T09-C04,parks_allocation,0,0
M05,M05-B012,1,M05-trial01,single_agent,Single agent,M05-T10,M05-T10-C01,extreme_heat_allocation,1,0
M05,M05-B012,1,M05-trial01,single_agent,Single agent,M05-T10,M05-T10-C02,extreme_heat_allocation,0,0
M05,M05-B012,1,M05-trial01,single_agent,Single agent,M05-T10,M05-T10-C03,extreme_heat_allocation,0,0
M05,M05-B012,1,M05-trial01,single_agent,Single agent,M05-T10,M05-T10-C04,extreme_heat_allocation,0,0
M05,M05-B012,1,M05-trial01,single_agent,Single agent,M05-T11,M05-T11-C01,agriculture_allocation,1,0
M05,M05-B012,1,M05-trial01,single_agent,Single agent,M05-T11,M05-T11-C02,agriculture_allocation,0,0
M05,M05-B012,1,M05-trial01,single_agent,Single agent,M05-T11,M05-T11-C03,agriculture_allocation,0,0
M05,M05-B012,1,M05-trial01,single_agent,Single agent,M05-T11,M05-T11-C04,agriculture_allocation,1,0
M05,M05-B012,1,M05-trial01,single_agent,Single agent,M05-T12,M05-T12-C01,distributional_requirement,1,0
M05,M05-B012,1,M05-trial01,single_agent,Single agent,M05-T12,M05-T12-C02,distributional_requirement,1,0
M05,M05-B012,1,M05-trial01,single_agent,Single agent,M05-T12,M05-T12-C03,distributional_requirement,1,0
M05,M05-B012,1,M05-trial01,single_agent,Single agent,M05-T13,M05-T13-C01,accountability,1,0
M05,M05-B012,1,M05-trial01,single_agent,Single agent,M05-T13,M05-T13-C02,accountability,1,0
M05,M05-B012,1,M05-trial01,single_agent,Single agent,M05-T14,M05-T14-C01,state_fiscal_cost,1,0
M05,M05-B012,1,M05-trial01,single_agent,Single agent,M05-T14,M05-T14-C02,state_fiscal_cost,1,0
M05,M05-B012,1,M05-trial01,single_agent,Single agent,M05-T14,M05-T14-C03,state_fiscal_cost,1,0
M05,M05-B012,1,M05-trial01,single_agent,Single agent,M05-T15,M05-T15-C01,borrowing_cost_and_scale,1,0
M05,M05-B012,1,M05-trial01,single_agent,Single agent,M05-T15,M05-T15-C02,borrowing_cost_and_scale,1,0
M05,M05-B012,1,M05-trial01,single_agent,Single agent,M05-T15,M05-T15-C03,borrowing_cost_and_scale,1,0
M05,M05-B012,1,M05-trial01,single_agent,Single agent,M05-T15,M05-T15-C04,borrowing_cost_and_scale,1,0
M05,M05-B012,1,M05-trial01,single_agent,Single agent,M05-T16,M05-T16-C01,local_fiscal_tradeoff,0,0
M05,M05-B012,1,M05-trial01,single_agent,Single agent,M05-T16,M05-T16-C02,local_fiscal_tradeoff,1,0
M05,M05-B012,1,M05-trial01,single_agent,Single agent,M05-T16,M05-T16-C03,local_fiscal_tradeoff,1,0
M05,M05-B012,1,M05-trial01,single_agent,Single agent,M05-T16,M05-T16-C04,local_fiscal_tradeoff,1,0
M05,M05-B012,1,M05-trial01,single_agent,Single agent,M05-T16,M05-T16-C05,local_fiscal_tradeoff,1,0
M05,M05-B012,1,M05-trial01,single_agent,Single agent,M05-T17,M05-T17-C01,conditional_savings_and_uncertainty,1,0
M05,M05-B012,1,M05-trial01,single_agent,Single agent,M05-T17,M05-T17-C02,conditional_savings_and_uncertainty,0,0
M05,M05-B012,1,M05-trial01,single_agent,Single agent,M05-T17,M05-T17-C03,conditional_savings_and_uncertainty,1,0
M05,M05-B013,3,M05-trial03,independent_ensemble,Independent ensemble,M05-T01,M05-T01-C01,policy_change,1,0
M05,M05-B013,3,M05-trial03,independent_ensemble,Independent ensemble,M05-T01,M05-T01-C02,policy_change,1,0
M05,M05-B013,3,M05-trial03,independent_ensemble,Independent ensemble,M05-T01,M05-T01-C03,policy_change,1,0
M05,M05-B013,3,M05-trial03,independent_ensemble,Independent ensemble,M05-T02,M05-T02-C01,funding_delivery,1,0
M05,M05-B013,3,M05-trial03,independent_ensemble,Independent ensemble,M05-T02,M05-T02-C02,funding_delivery,1,0
M05,M05-B013,3,M05-trial03,independent_ensemble,Independent ensemble,M05-T02,M05-T02-C03,funding_delivery,1,0
M05,M05-B013,3,M05-trial03,independent_ensemble,Independent ensemble,M05-T02,M05-T02-C04,funding_delivery,1,0
M05,M05-B013,3,M05-trial03,independent_ensemble,Independent ensemble,M05-T03,M05-T03-C01,allocation,1,0
M05,M05-B013,3,M05-trial03,independent_ensemble,Independent ensemble,M05-T03,M05-T03-C02,allocation,1,0
M05,M05-B013,3,M05-trial03,independent_ensemble,Independent ensemble,M05-T03,M05-T03-C03,allocation,1,0
M05,M05-B013,3,M05-trial03,independent_ensemble,Independent ensemble,M05-T03,M05-T03-C04,allocation,1,0
M05,M05-B013,3,M05-trial03,independent_ensemble,Independent ensemble,M05-T03,M05-T03-C05,allocation,1,0
M05,M05-B013,3,M05-trial03,independent_ensemble,Independent ensemble,M05-T03,M05-T03-C06,allocation,1,0
M05,M05-B013,3,M05-trial03,independent_ensemble,Independent ensemble,M05-T03,M05-T03-C07,allocation,1,0
M05,M05-B013,3,M05-trial03,independent_ensemble,Independent ensemble,M05-T03,M05-T03-C08,allocation,1,0
M05,M05-B013,3,M05-trial03,independent_ensemble,Independent ensemble,M05-T04,M05-T04-C01,water_allocation,0,0
M05,M05-B013,3,M05-trial03,independent_ensemble,Independent ensemble,M05-T04,M05-T04-C02,water_allocation,0,1
M05,M05-B013,3,M05-trial03,independent_ensemble,Independent ensemble,M05-T04,M05-T04-C03,water_allocation,0,0
M05,M05-B013,3,M05-trial03,independent_ensemble,Independent ensemble,M05-T04,M05-T04-C04,water_allocation,0,1
M05,M05-B013,3,M05-trial03,independent_ensemble,Independent ensemble,M05-T05,M05-T05-C01,wildfire_allocation,1,0
M05,M05-B013,3,M05-trial03,independent_ensemble,Independent ensemble,M05-T05,M05-T05-C02,wildfire_allocation,1,0
M05,M05-B013,3,M05-trial03,independent_ensemble,Independent ensemble,M05-T05,M05-T05-C03,wildfire_allocation,0,1
M05,M05-B013,3,M05-trial03,independent_ensemble,Independent ensemble,M05-T06,M05-T06-C01,coastal_allocation,1,0
M05,M05-B013,3,M05-trial03,independent_ensemble,Independent ensemble,M05-T06,M05-T06-C02,coastal_allocation,0,0
M05,M05-B013,3,M05-trial03,independent_ensemble,Independent ensemble,M05-T06,M05-T06-C03,coastal_allocation,0,1
M05,M05-B013,3,M05-trial03,independent_ensemble,Independent ensemble,M05-T06,M05-T06-C04,coastal_allocation,0,0
M05,M05-B013,3,M05-trial03,independent_ensemble,Independent ensemble,M05-T07,M05-T07-C01,conservation_allocation,0,1
M05,M05-B013,3,M05-trial03,independent_ensemble,Independent ensemble,M05-T07,M05-T07-C02,conservation_allocation,1,0
M05,M05-B013,3,M05-trial03,independent_ensemble,Independent ensemble,M05-T08,M05-T08-C01,energy_allocation,1,0
M05,M05-B013,3,M05-trial03,independent_ensemble,Independent ensemble,M05-T08,M05-T08-C02,energy_allocation,1,0
M05,M05-B013,3,M05-trial03,independent_ensemble,Independent ensemble,M05-T08,M05-T08-C03,energy_allocation,1,0
M05,M05-B013,3,M05-trial03,independent_ensemble,Independent ensemble,M05-T08,M05-T08-C04,energy_allocation,1,0
M05,M05-B013,3,M05-trial03,independent_ensemble,Independent ensemble,M05-T09,M05-T09-C01,parks_allocation,1,0
M05,M05-B013,3,M05-trial03,independent_ensemble,Independent ensemble,M05-T09,M05-T09-C02,parks_allocation,0,0
M05,M05-B013,3,M05-trial03,independent_ensemble,Independent ensemble,M05-T09,M05-T09-C03,parks_allocation,0,0
M05,M05-B013,3,M05-trial03,independent_ensemble,Independent ensemble,M05-T09,M05-T09-C04,parks_allocation,0,0
M05,M05-B013,3,M05-trial03,independent_ensemble,Independent ensemble,M05-T10,M05-T10-C01,extreme_heat_allocation,1,0
M05,M05-B013,3,M05-trial03,independent_ensemble,Independent ensemble,M05-T10,M05-T10-C02,extreme_heat_allocation,0,0
M05,M05-B013,3,M05-trial03,independent_ensemble,Independent ensemble,M05-T10,M05-T10-C03,extreme_heat_allocation,0,0
M05,M05-B013,3,M05-trial03,independent_ensemble,Independent ensemble,M05-T10,M05-T10-C04,extreme_heat_allocation,0,0
M05,M05-B013,3,M05-trial03,independent_ensemble,Independent ensemble,M05-T11,M05-T11-C01,agriculture_allocation,1,0
M05,M05-B013,3,M05-trial03,independent_ensemble,Independent ensemble,M05-T11,M05-T11-C02,agriculture_allocation,0,0
M05,M05-B013,3,M05-trial03,independent_ensemble,Independent ensemble,M05-T11,M05-T11-C03,agriculture_allocation,0,0
M05,M05-B013,3,M05-trial03,independent_ensemble,Independent ensemble,M05-T11,M05-T11-C04,agriculture_allocation,1,0
M05,M05-B013,3,M05-trial03,independent_ensemble,Independent ensemble,M05-T12,M05-T12-C01,distributional_requirement,1,0
M05,M05-B013,3,M05-trial03,independent_ensemble,Independent ensemble,M05-T12,M05-T12-C02,distributional_requirement,1,0
M05,M05-B013,3,M05-trial03,independent_ensemble,Independent ensemble,M05-T12,M05-T12-C03,distributional_requirement,1,0
M05,M05-B013,3,M05-trial03,independent_ensemble,Independent ensemble,M05-T13,M05-T13-C01,accountability,1,0
M05,M05-B013,3,M05-trial03,independent_ensemble,Independent ensemble,M05-T13,M05-T13-C02,accountability,1,0
M05,M05-B013,3,M05-trial03,independent_ensemble,Independent ensemble,M05-T14,M05-T14-C01,state_fiscal_cost,1,0
M05,M05-B013,3,M05-trial03,independent_ensemble,Independent ensemble,M05-T14,M05-T14-C02,state_fiscal_cost,1,0
M05,M05-B013,3,M05-trial03,independent_ensemble,Independent ensemble,M05-T14,M05-T14-C03,state_fiscal_cost,1,0
M05,M05-B013,3,M05-trial03,independent_ensemble,Independent ensemble,M05-T15,M05-T15-C01,borrowing_cost_and_scale,1,0
M05,M05-B013,3,M05-trial03,independent_ensemble,Independent ensemble,M05-T15,M05-T15-C02,borrowing_cost_and_scale,0,0
M05,M05-B013,3,M05-trial03,independent_ensemble,Independent ensemble,M05-T15,M05-T15-C03,borrowing_cost_and_scale,1,0
M05,M05-B013,3,M05-trial03,independent_ensemble,Independent ensemble,M05-T15,M05-T15-C04,borrowing_cost_and_scale,1,0
M05,M05-B013,3,M05-trial03,independent_ensemble,Independent ensemble,M05-T16,M05-T16-C01,local_fiscal_tradeoff,0,0
M05,M05-B013,3,M05-trial03,independent_ensemble,Independent ensemble,M05-T16,M05-T16-C02,local_fiscal_tradeoff,1,0
M05,M05-B013,3,M05-trial03,independent_ensemble,Independent ensemble,M05-T16,M05-T16-C03,local_fiscal_tradeoff,1,0
M05,M05-B013,3,M05-trial03,independent_ensemble,Independent ensemble,M05-T16,M05-T16-C04,local_fiscal_tradeoff,1,0
M05,M05-B013,3,M05-trial03,independent_ensemble,Independent ensemble,M05-T16,M05-T16-C05,local_fiscal_tradeoff,1,0
M05,M05-B013,3,M05-trial03,independent_ensemble,Independent ensemble,M05-T17,M05-T17-C01,conditional_savings_and_uncertainty,1,0
M05,M05-B013,3,M05-trial03,independent_ensemble,Independent ensemble,M05-T17,M05-T17-C02,conditional_savings_and_uncertainty,0,1
M05,M05-B013,3,M05-trial03,independent_ensemble,Independent ensemble,M05-T17,M05-T17-C03,conditional_savings_and_uncertainty,1,0
M05,M05-B014,3,M05-trial03,critic_debate,Critic debate,M05-T01,M05-T01-C01,policy_change,1,0
M05,M05-B014,3,M05-trial03,critic_debate,Critic debate,M05-T01,M05-T01-C02,policy_change,1,0
M05,M05-B014,3,M05-trial03,critic_debate,Critic debate,M05-T01,M05-T01-C03,policy_change,1,0
M05,M05-B014,3,M05-trial03,critic_debate,Critic debate,M05-T02,M05-T02-C01,funding_delivery,1,0
M05,M05-B014,3,M05-trial03,critic_debate,Critic debate,M05-T02,M05-T02-C02,funding_delivery,1,0
M05,M05-B014,3,M05-trial03,critic_debate,Critic debate,M05-T02,M05-T02-C03,funding_delivery,1,0
M05,M05-B014,3,M05-trial03,critic_debate,Critic debate,M05-T02,M05-T02-C04,funding_delivery,1,0
M05,M05-B014,3,M05-trial03,critic_debate,Critic debate,M05-T03,M05-T03-C01,allocation,1,0
M05,M05-B014,3,M05-trial03,critic_debate,Critic debate,M05-T03,M05-T03-C02,allocation,1,0
M05,M05-B014,3,M05-trial03,critic_debate,Critic debate,M05-T03,M05-T03-C03,allocation,1,0
M05,M05-B014,3,M05-trial03,critic_debate,Critic debate,M05-T03,M05-T03-C04,allocation,1,0
M05,M05-B014,3,M05-trial03,critic_debate,Critic debate,M05-T03,M05-T03-C05,allocation,1,0
M05,M05-B014,3,M05-trial03,critic_debate,Critic debate,M05-T03,M05-T03-C06,allocation,1,0
M05,M05-B014,3,M05-trial03,critic_debate,Critic debate,M05-T03,M05-T03-C07,allocation,1,0
M05,M05-B014,3,M05-trial03,critic_debate,Critic debate,M05-T03,M05-T03-C08,allocation,1,0
M05,M05-B014,3,M05-trial03,critic_debate,Critic debate,M05-T04,M05-T04-C01,water_allocation,1,0
M05,M05-B014,3,M05-trial03,critic_debate,Critic debate,M05-T04,M05-T04-C02,water_allocation,0,0
M05,M05-B014,3,M05-trial03,critic_debate,Critic debate,M05-T04,M05-T04-C03,water_allocation,1,0
M05,M05-B014,3,M05-trial03,critic_debate,Critic debate,M05-T04,M05-T04-C04,water_allocation,1,0
M05,M05-B014,3,M05-trial03,critic_debate,Critic debate,M05-T05,M05-T05-C01,wildfire_allocation,1,0
M05,M05-B014,3,M05-trial03,critic_debate,Critic debate,M05-T05,M05-T05-C02,wildfire_allocation,1,0
M05,M05-B014,3,M05-trial03,critic_debate,Critic debate,M05-T05,M05-T05-C03,wildfire_allocation,1,0
M05,M05-B014,3,M05-trial03,critic_debate,Critic debate,M05-T06,M05-T06-C01,coastal_allocation,1,0
M05,M05-B014,3,M05-trial03,critic_debate,Critic debate,M05-T06,M05-T06-C02,coastal_allocation,1,0
M05,M05-B014,3,M05-trial03,critic_debate,Critic debate,M05-T06,M05-T06-C03,coastal_allocation,1,0
M05,M05-B014,3,M05-trial03,critic_debate,Critic debate,M05-T06,M05-T06-C04,coastal_allocation,1,0
M05,M05-B014,3,M05-trial03,critic_debate,Critic debate,M05-T07,M05-T07-C01,conservation_allocation,0,0
M05,M05-B014,3,M05-trial03,critic_debate,Critic debate,M05-T07,M05-T07-C02,conservation_allocation,1,0
M05,M05-B014,3,M05-trial03,critic_debate,Critic debate,M05-T08,M05-T08-C01,energy_allocation,1,0
M05,M05-B014,3,M05-trial03,critic_debate,Critic debate,M05-T08,M05-T08-C02,energy_allocation,1,0
M05,M05-B014,3,M05-trial03,critic_debate,Critic debate,M05-T08,M05-T08-C03,energy_allocation,1,0
M05,M05-B014,3,M05-trial03,critic_debate,Critic debate,M05-T08,M05-T08-C04,energy_allocation,1,0
M05,M05-B014,3,M05-trial03,critic_debate,Critic debate,M05-T09,M05-T09-C01,parks_allocation,1,0
M05,M05-B014,3,M05-trial03,critic_debate,Critic debate,M05-T09,M05-T09-C02,parks_allocation,0,0
M05,M05-B014,3,M05-trial03,critic_debate,Critic debate,M05-T09,M05-T09-C03,parks_allocation,0,0
M05,M05-B014,3,M05-trial03,critic_debate,Critic debate,M05-T09,M05-T09-C04,parks_allocation,0,0
M05,M05-B014,3,M05-trial03,critic_debate,Critic debate,M05-T10,M05-T10-C01,extreme_heat_allocation,1,0
M05,M05-B014,3,M05-trial03,critic_debate,Critic debate,M05-T10,M05-T10-C02,extreme_heat_allocation,1,0
M05,M05-B014,3,M05-trial03,critic_debate,Critic debate,M05-T10,M05-T10-C03,extreme_heat_allocation,1,0
M05,M05-B014,3,M05-trial03,critic_debate,Critic debate,M05-T10,M05-T10-C04,extreme_heat_allocation,1,0
M05,M05-B014,3,M05-trial03,critic_debate,Critic debate,M05-T11,M05-T11-C01,agriculture_allocation,1,0
M05,M05-B014,3,M05-trial03,critic_debate,Critic debate,M05-T11,M05-T11-C02,agriculture_allocation,0,0
M05,M05-B014,3,M05-trial03,critic_debate,Critic debate,M05-T11,M05-T11-C03,agriculture_allocation,0,0
M05,M05-B014,3,M05-trial03,critic_debate,Critic debate,M05-T11,M05-T11-C04,agriculture_allocation,1,0
M05,M05-B014,3,M05-trial03,critic_debate,Critic debate,M05-T12,M05-T12-C01,distributional_requirement,1,0
M05,M05-B014,3,M05-trial03,critic_debate,Critic debate,M05-T12,M05-T12-C02,distributional_requirement,1,0
M05,M05-B014,3,M05-trial03,critic_debate,Critic debate,M05-T12,M05-T12-C03,distributional_requirement,1,0
M05,M05-B014,3,M05-trial03,critic_debate,Critic debate,M05-T13,M05-T13-C01,accountability,1,0
M05,M05-B014,3,M05-trial03,critic_debate,Critic debate,M05-T13,M05-T13-C02,accountability,1,0
M05,M05-B014,3,M05-trial03,critic_debate,Critic debate,M05-T14,M05-T14-C01,state_fiscal_cost,1,0
M05,M05-B014,3,M05-trial03,critic_debate,Critic debate,M05-T14,M05-T14-C02,state_fiscal_cost,1,0
M05,M05-B014,3,M05-trial03,critic_debate,Critic debate,M05-T14,M05-T14-C03,state_fiscal_cost,1,0
M05,M05-B014,3,M05-trial03,critic_debate,Critic debate,M05-T15,M05-T15-C01,borrowing_cost_and_scale,1,0
M05,M05-B014,3,M05-trial03,critic_debate,Critic debate,M05-T15,M05-T15-C02,borrowing_cost_and_scale,0,0
M05,M05-B014,3,M05-trial03,critic_debate,Critic debate,M05-T15,M05-T15-C03,borrowing_cost_and_scale,1,0
M05,M05-B014,3,M05-trial03,critic_debate,Critic debate,M05-T15,M05-T15-C04,borrowing_cost_and_scale,1,0
M05,M05-B014,3,M05-trial03,critic_debate,Critic debate,M05-T16,M05-T16-C01,local_fiscal_tradeoff,0,0
M05,M05-B014,3,M05-trial03,critic_debate,Critic debate,M05-T16,M05-T16-C02,local_fiscal_tradeoff,1,0
M05,M05-B014,3,M05-trial03,critic_debate,Critic debate,M05-T16,M05-T16-C03,local_fiscal_tradeoff,1,0
M05,M05-B014,3,M05-trial03,critic_debate,Critic debate,M05-T16,M05-T16-C04,local_fiscal_tradeoff,1,0
M05,M05-B014,3,M05-trial03,critic_debate,Critic debate,M05-T16,M05-T16-C05,local_fiscal_tradeoff,0,0
M05,M05-B014,3,M05-trial03,critic_debate,Critic debate,M05-T17,M05-T17-C01,conditional_savings_and_uncertainty,1,0
M05,M05-B014,3,M05-trial03,critic_debate,Critic debate,M05-T17,M05-T17-C02,conditional_savings_and_uncertainty,0,0
M05,M05-B014,3,M05-trial03,critic_debate,Critic debate,M05-T17,M05-T17-C03,conditional_savings_and_uncertainty,1,0
M05,M05-B015,4,M05-trial04,normal_debate,Normal debate,M05-T01,M05-T01-C01,policy_change,1,0
M05,M05-B015,4,M05-trial04,normal_debate,Normal debate,M05-T01,M05-T01-C02,policy_change,1,0
M05,M05-B015,4,M05-trial04,normal_debate,Normal debate,M05-T01,M05-T01-C03,policy_change,1,0
M05,M05-B015,4,M05-trial04,normal_debate,Normal debate,M05-T02,M05-T02-C01,funding_delivery,1,0
M05,M05-B015,4,M05-trial04,normal_debate,Normal debate,M05-T02,M05-T02-C02,funding_delivery,1,0
M05,M05-B015,4,M05-trial04,normal_debate,Normal debate,M05-T02,M05-T02-C03,funding_delivery,1,0
M05,M05-B015,4,M05-trial04,normal_debate,Normal debate,M05-T02,M05-T02-C04,funding_delivery,1,0
M05,M05-B015,4,M05-trial04,normal_debate,Normal debate,M05-T03,M05-T03-C01,allocation,1,0
M05,M05-B015,4,M05-trial04,normal_debate,Normal debate,M05-T03,M05-T03-C02,allocation,1,0
M05,M05-B015,4,M05-trial04,normal_debate,Normal debate,M05-T03,M05-T03-C03,allocation,1,0
M05,M05-B015,4,M05-trial04,normal_debate,Normal debate,M05-T03,M05-T03-C04,allocation,1,0
M05,M05-B015,4,M05-trial04,normal_debate,Normal debate,M05-T03,M05-T03-C05,allocation,1,0
M05,M05-B015,4,M05-trial04,normal_debate,Normal debate,M05-T03,M05-T03-C06,allocation,1,0
M05,M05-B015,4,M05-trial04,normal_debate,Normal debate,M05-T03,M05-T03-C07,allocation,1,0
M05,M05-B015,4,M05-trial04,normal_debate,Normal debate,M05-T03,M05-T03-C08,allocation,1,0
M05,M05-B015,4,M05-trial04,normal_debate,Normal debate,M05-T04,M05-T04-C01,water_allocation,0,0
M05,M05-B015,4,M05-trial04,normal_debate,Normal debate,M05-T04,M05-T04-C02,water_allocation,0,1
M05,M05-B015,4,M05-trial04,normal_debate,Normal debate,M05-T04,M05-T04-C03,water_allocation,0,0
M05,M05-B015,4,M05-trial04,normal_debate,Normal debate,M05-T04,M05-T04-C04,water_allocation,0,1
M05,M05-B015,4,M05-trial04,normal_debate,Normal debate,M05-T05,M05-T05-C01,wildfire_allocation,1,0
M05,M05-B015,4,M05-trial04,normal_debate,Normal debate,M05-T05,M05-T05-C02,wildfire_allocation,1,0
M05,M05-B015,4,M05-trial04,normal_debate,Normal debate,M05-T05,M05-T05-C03,wildfire_allocation,1,0
M05,M05-B015,4,M05-trial04,normal_debate,Normal debate,M05-T06,M05-T06-C01,coastal_allocation,1,0
M05,M05-B015,4,M05-trial04,normal_debate,Normal debate,M05-T06,M05-T06-C02,coastal_allocation,0,0
M05,M05-B015,4,M05-trial04,normal_debate,Normal debate,M05-T06,M05-T06-C03,coastal_allocation,0,1
M05,M05-B015,4,M05-trial04,normal_debate,Normal debate,M05-T06,M05-T06-C04,coastal_allocation,0,0
M05,M05-B015,4,M05-trial04,normal_debate,Normal debate,M05-T07,M05-T07-C01,conservation_allocation,0,1
M05,M05-B015,4,M05-trial04,normal_debate,Normal debate,M05-T07,M05-T07-C02,conservation_allocation,1,0
M05,M05-B015,4,M05-trial04,normal_debate,Normal debate,M05-T08,M05-T08-C01,energy_allocation,1,0
M05,M05-B015,4,M05-trial04,normal_debate,Normal debate,M05-T08,M05-T08-C02,energy_allocation,0,0
M05,M05-B015,4,M05-trial04,normal_debate,Normal debate,M05-T08,M05-T08-C03,energy_allocation,0,0
M05,M05-B015,4,M05-trial04,normal_debate,Normal debate,M05-T08,M05-T08-C04,energy_allocation,0,0
M05,M05-B015,4,M05-trial04,normal_debate,Normal debate,M05-T09,M05-T09-C01,parks_allocation,1,0
M05,M05-B015,4,M05-trial04,normal_debate,Normal debate,M05-T09,M05-T09-C02,parks_allocation,0,0
M05,M05-B015,4,M05-trial04,normal_debate,Normal debate,M05-T09,M05-T09-C03,parks_allocation,0,0
M05,M05-B015,4,M05-trial04,normal_debate,Normal debate,M05-T09,M05-T09-C04,parks_allocation,0,0
M05,M05-B015,4,M05-trial04,normal_debate,Normal debate,M05-T10,M05-T10-C01,extreme_heat_allocation,1,0
M05,M05-B015,4,M05-trial04,normal_debate,Normal debate,M05-T10,M05-T10-C02,extreme_heat_allocation,0,0
M05,M05-B015,4,M05-trial04,normal_debate,Normal debate,M05-T10,M05-T10-C03,extreme_heat_allocation,0,0
M05,M05-B015,4,M05-trial04,normal_debate,Normal debate,M05-T10,M05-T10-C04,extreme_heat_allocation,0,0
M05,M05-B015,4,M05-trial04,normal_debate,Normal debate,M05-T11,M05-T11-C01,agriculture_allocation,1,0
M05,M05-B015,4,M05-trial04,normal_debate,Normal debate,M05-T11,M05-T11-C02,agriculture_allocation,0,0
M05,M05-B015,4,M05-trial04,normal_debate,Normal debate,M05-T11,M05-T11-C03,agriculture_allocation,0,0
M05,M05-B015,4,M05-trial04,normal_debate,Normal debate,M05-T11,M05-T11-C04,agriculture_allocation,1,0
M05,M05-B015,4,M05-trial04,normal_debate,Normal debate,M05-T12,M05-T12-C01,distributional_requirement,1,0
M05,M05-B015,4,M05-trial04,normal_debate,Normal debate,M05-T12,M05-T12-C02,distributional_requirement,1,0
M05,M05-B015,4,M05-trial04,normal_debate,Normal debate,M05-T12,M05-T12-C03,distributional_requirement,1,0
M05,M05-B015,4,M05-trial04,normal_debate,Normal debate,M05-T13,M05-T13-C01,accountability,1,0
M05,M05-B015,4,M05-trial04,normal_debate,Normal debate,M05-T13,M05-T13-C02,accountability,1,0
M05,M05-B015,4,M05-trial04,normal_debate,Normal debate,M05-T14,M05-T14-C01,state_fiscal_cost,1,0
M05,M05-B015,4,M05-trial04,normal_debate,Normal debate,M05-T14,M05-T14-C02,state_fiscal_cost,1,0
M05,M05-B015,4,M05-trial04,normal_debate,Normal debate,M05-T14,M05-T14-C03,state_fiscal_cost,1,0
M05,M05-B015,4,M05-trial04,normal_debate,Normal debate,M05-T15,M05-T15-C01,borrowing_cost_and_scale,1,0
M05,M05-B015,4,M05-trial04,normal_debate,Normal debate,M05-T15,M05-T15-C02,borrowing_cost_and_scale,1,0
M05,M05-B015,4,M05-trial04,normal_debate,Normal debate,M05-T15,M05-T15-C03,borrowing_cost_and_scale,1,0
M05,M05-B015,4,M05-trial04,normal_debate,Normal debate,M05-T15,M05-T15-C04,borrowing_cost_and_scale,1,0
M05,M05-B015,4,M05-trial04,normal_debate,Normal debate,M05-T16,M05-T16-C01,local_fiscal_tradeoff,1,0
M05,M05-B015,4,M05-trial04,normal_debate,Normal debate,M05-T16,M05-T16-C02,local_fiscal_tradeoff,1,0
M05,M05-B015,4,M05-trial04,normal_debate,Normal debate,M05-T16,M05-T16-C03,local_fiscal_tradeoff,1,0
M05,M05-B015,4,M05-trial04,normal_debate,Normal debate,M05-T16,M05-T16-C04,local_fiscal_tradeoff,1,0
M05,M05-B015,4,M05-trial04,normal_debate,Normal debate,M05-T16,M05-T16-C05,local_fiscal_tradeoff,1,0
M05,M05-B015,4,M05-trial04,normal_debate,Normal debate,M05-T17,M05-T17-C01,conditional_savings_and_uncertainty,1,0
M05,M05-B015,4,M05-trial04,normal_debate,Normal debate,M05-T17,M05-T17-C02,conditional_savings_and_uncertainty,0,1
M05,M05-B015,4,M05-trial04,normal_debate,Normal debate,M05-T17,M05-T17-C03,conditional_savings_and_uncertainty,1,0
M05,M05-B016,1,M05-trial01,normal_debate,Normal debate,M05-T01,M05-T01-C01,policy_change,1,0
M05,M05-B016,1,M05-trial01,normal_debate,Normal debate,M05-T01,M05-T01-C02,policy_change,1,0
M05,M05-B016,1,M05-trial01,normal_debate,Normal debate,M05-T01,M05-T01-C03,policy_change,1,0
M05,M05-B016,1,M05-trial01,normal_debate,Normal debate,M05-T02,M05-T02-C01,funding_delivery,1,0
M05,M05-B016,1,M05-trial01,normal_debate,Normal debate,M05-T02,M05-T02-C02,funding_delivery,1,0
M05,M05-B016,1,M05-trial01,normal_debate,Normal debate,M05-T02,M05-T02-C03,funding_delivery,1,0
M05,M05-B016,1,M05-trial01,normal_debate,Normal debate,M05-T02,M05-T02-C04,funding_delivery,1,0
M05,M05-B016,1,M05-trial01,normal_debate,Normal debate,M05-T03,M05-T03-C01,allocation,1,0
M05,M05-B016,1,M05-trial01,normal_debate,Normal debate,M05-T03,M05-T03-C02,allocation,1,0
M05,M05-B016,1,M05-trial01,normal_debate,Normal debate,M05-T03,M05-T03-C03,allocation,1,0
M05,M05-B016,1,M05-trial01,normal_debate,Normal debate,M05-T03,M05-T03-C04,allocation,1,0
M05,M05-B016,1,M05-trial01,normal_debate,Normal debate,M05-T03,M05-T03-C05,allocation,1,0
M05,M05-B016,1,M05-trial01,normal_debate,Normal debate,M05-T03,M05-T03-C06,allocation,1,0
M05,M05-B016,1,M05-trial01,normal_debate,Normal debate,M05-T03,M05-T03-C07,allocation,1,0
M05,M05-B016,1,M05-trial01,normal_debate,Normal debate,M05-T03,M05-T03-C08,allocation,1,0
M05,M05-B016,1,M05-trial01,normal_debate,Normal debate,M05-T04,M05-T04-C01,water_allocation,0,0
M05,M05-B016,1,M05-trial01,normal_debate,Normal debate,M05-T04,M05-T04-C02,water_allocation,0,0
M05,M05-B016,1,M05-trial01,normal_debate,Normal debate,M05-T04,M05-T04-C03,water_allocation,0,0
M05,M05-B016,1,M05-trial01,normal_debate,Normal debate,M05-T04,M05-T04-C04,water_allocation,0,0
M05,M05-B016,1,M05-trial01,normal_debate,Normal debate,M05-T05,M05-T05-C01,wildfire_allocation,1,0
M05,M05-B016,1,M05-trial01,normal_debate,Normal debate,M05-T05,M05-T05-C02,wildfire_allocation,1,0
M05,M05-B016,1,M05-trial01,normal_debate,Normal debate,M05-T05,M05-T05-C03,wildfire_allocation,0,0
M05,M05-B016,1,M05-trial01,normal_debate,Normal debate,M05-T06,M05-T06-C01,coastal_allocation,1,0
M05,M05-B016,1,M05-trial01,normal_debate,Normal debate,M05-T06,M05-T06-C02,coastal_allocation,0,0
M05,M05-B016,1,M05-trial01,normal_debate,Normal debate,M05-T06,M05-T06-C03,coastal_allocation,0,0
M05,M05-B016,1,M05-trial01,normal_debate,Normal debate,M05-T06,M05-T06-C04,coastal_allocation,0,0
M05,M05-B016,1,M05-trial01,normal_debate,Normal debate,M05-T07,M05-T07-C01,conservation_allocation,0,0
M05,M05-B016,1,M05-trial01,normal_debate,Normal debate,M05-T07,M05-T07-C02,conservation_allocation,1,0
M05,M05-B016,1,M05-trial01,normal_debate,Normal debate,M05-T08,M05-T08-C01,energy_allocation,1,0
M05,M05-B016,1,M05-trial01,normal_debate,Normal debate,M05-T08,M05-T08-C02,energy_allocation,0,0
M05,M05-B016,1,M05-trial01,normal_debate,Normal debate,M05-T08,M05-T08-C03,energy_allocation,0,0
M05,M05-B016,1,M05-trial01,normal_debate,Normal debate,M05-T08,M05-T08-C04,energy_allocation,0,0
M05,M05-B016,1,M05-trial01,normal_debate,Normal debate,M05-T09,M05-T09-C01,parks_allocation,1,0
M05,M05-B016,1,M05-trial01,normal_debate,Normal debate,M05-T09,M05-T09-C02,parks_allocation,0,0
M05,M05-B016,1,M05-trial01,normal_debate,Normal debate,M05-T09,M05-T09-C03,parks_allocation,0,0
M05,M05-B016,1,M05-trial01,normal_debate,Normal debate,M05-T09,M05-T09-C04,parks_allocation,0,0
M05,M05-B016,1,M05-trial01,normal_debate,Normal debate,M05-T10,M05-T10-C01,extreme_heat_allocation,1,0
M05,M05-B016,1,M05-trial01,normal_debate,Normal debate,M05-T10,M05-T10-C02,extreme_heat_allocation,0,0
M05,M05-B016,1,M05-trial01,normal_debate,Normal debate,M05-T10,M05-T10-C03,extreme_heat_allocation,0,0
M05,M05-B016,1,M05-trial01,normal_debate,Normal debate,M05-T10,M05-T10-C04,extreme_heat_allocation,0,0
M05,M05-B016,1,M05-trial01,normal_debate,Normal debate,M05-T11,M05-T11-C01,agriculture_allocation,1,0
M05,M05-B016,1,M05-trial01,normal_debate,Normal debate,M05-T11,M05-T11-C02,agriculture_allocation,0,0
M05,M05-B016,1,M05-trial01,normal_debate,Normal debate,M05-T11,M05-T11-C03,agriculture_allocation,0,0
M05,M05-B016,1,M05-trial01,normal_debate,Normal debate,M05-T11,M05-T11-C04,agriculture_allocation,1,0
M05,M05-B016,1,M05-trial01,normal_debate,Normal debate,M05-T12,M05-T12-C01,distributional_requirement,1,0
M05,M05-B016,1,M05-trial01,normal_debate,Normal debate,M05-T12,M05-T12-C02,distributional_requirement,1,0
M05,M05-B016,1,M05-trial01,normal_debate,Normal debate,M05-T12,M05-T12-C03,distributional_requirement,1,0
M05,M05-B016,1,M05-trial01,normal_debate,Normal debate,M05-T13,M05-T13-C01,accountability,1,0
M05,M05-B016,1,M05-trial01,normal_debate,Normal debate,M05-T13,M05-T13-C02,accountability,1,0
M05,M05-B016,1,M05-trial01,normal_debate,Normal debate,M05-T14,M05-T14-C01,state_fiscal_cost,1,0
M05,M05-B016,1,M05-trial01,normal_debate,Normal debate,M05-T14,M05-T14-C02,state_fiscal_cost,1,0
M05,M05-B016,1,M05-trial01,normal_debate,Normal debate,M05-T14,M05-T14-C03,state_fiscal_cost,1,0
M05,M05-B016,1,M05-trial01,normal_debate,Normal debate,M05-T15,M05-T15-C01,borrowing_cost_and_scale,1,0
M05,M05-B016,1,M05-trial01,normal_debate,Normal debate,M05-T15,M05-T15-C02,borrowing_cost_and_scale,1,0
M05,M05-B016,1,M05-trial01,normal_debate,Normal debate,M05-T15,M05-T15-C03,borrowing_cost_and_scale,1,0
M05,M05-B016,1,M05-trial01,normal_debate,Normal debate,M05-T15,M05-T15-C04,borrowing_cost_and_scale,1,0
M05,M05-B016,1,M05-trial01,normal_debate,Normal debate,M05-T16,M05-T16-C01,local_fiscal_tradeoff,1,0
M05,M05-B016,1,M05-trial01,normal_debate,Normal debate,M05-T16,M05-T16-C02,local_fiscal_tradeoff,1,0
M05,M05-B016,1,M05-trial01,normal_debate,Normal debate,M05-T16,M05-T16-C03,local_fiscal_tradeoff,1,0
M05,M05-B016,1,M05-trial01,normal_debate,Normal debate,M05-T16,M05-T16-C04,local_fiscal_tradeoff,1,0
M05,M05-B016,1,M05-trial01,normal_debate,Normal debate,M05-T16,M05-T16-C05,local_fiscal_tradeoff,1,0
M05,M05-B016,1,M05-trial01,normal_debate,Normal debate,M05-T17,M05-T17-C01,conditional_savings_and_uncertainty,1,0
M05,M05-B016,1,M05-trial01,normal_debate,Normal debate,M05-T17,M05-T17-C02,conditional_savings_and_uncertainty,0,0
M05,M05-B016,1,M05-trial01,normal_debate,Normal debate,M05-T17,M05-T17-C03,conditional_savings_and_uncertainty,1,0
M06,M06-B001,1,M06-trial01,critic_debate,Critic debate,M06-T01,M06-T01-C01,baseline_bond_mechanism,1,0
M06,M06-B001,1,M06-trial01,critic_debate,Critic debate,M06-T01,M06-T01-C02,baseline_bond_mechanism,1,0
M06,M06-B001,1,M06-trial01,critic_debate,Critic debate,M06-T01,M06-T01-C03,baseline_bond_mechanism,1,0
M06,M06-B001,1,M06-trial01,critic_debate,Critic debate,M06-T01,M06-T01-C04,baseline_bond_mechanism,1,0
M06,M06-B001,1,M06-trial01,critic_debate,Critic debate,M06-T02,M06-T02-C01,policy_change,1,0
M06,M06-B001,1,M06-trial01,critic_debate,Critic debate,M06-T02,M06-T02-C02,policy_change,1,0
M06,M06-B001,1,M06-trial01,critic_debate,Critic debate,M06-T02,M06-T02-C03,policy_change,1,0
M06,M06-B001,1,M06-trial01,critic_debate,Critic debate,M06-T03,M06-T03-C01,eligible_housing_uses,1,0
M06,M06-B001,1,M06-trial01,critic_debate,Critic debate,M06-T03,M06-T03-C02,eligible_housing_uses,1,0
M06,M06-B001,1,M06-trial01,critic_debate,Critic debate,M06-T03,M06-T03-C03,eligible_housing_uses,1,0
M06,M06-B001,1,M06-trial01,critic_debate,Critic debate,M06-T04,M06-T04-C01,eligible_infrastructure_uses,1,0
M06,M06-B001,1,M06-trial01,critic_debate,Critic debate,M06-T04,M06-T04-C02,eligible_infrastructure_uses,1,0
M06,M06-B001,1,M06-trial01,critic_debate,Critic debate,M06-T05,M06-T05-C01,property_tax_authority,1,0
M06,M06-B001,1,M06-trial01,critic_debate,Critic debate,M06-T05,M06-T05-C02,property_tax_authority,1,0
M06,M06-B001,1,M06-trial01,critic_debate,Critic debate,M06-T05,M06-T05-C03,property_tax_authority,1,0
M06,M06-B001,1,M06-trial01,critic_debate,Critic debate,M06-T06,M06-T06-C01,accountability,1,0
M06,M06-B001,1,M06-trial01,critic_debate,Critic debate,M06-T06,M06-T06-C02,accountability,1,0
M06,M06-B001,1,M06-trial01,critic_debate,Critic debate,M06-T06,M06-T06-C03,accountability,1,0
M06,M06-B001,1,M06-trial01,critic_debate,Critic debate,M06-T07,M06-T07-C01,passage_effect,1,0
M06,M06-B001,1,M06-trial01,critic_debate,Critic debate,M06-T07,M06-T07-C02,passage_effect,1,0
M06,M06-B001,1,M06-trial01,critic_debate,Critic debate,M06-T07,M06-T07-C03,passage_effect,1,0
M06,M06-B001,1,M06-trial01,critic_debate,Critic debate,M06-T07,M06-T07-C04,passage_effect,1,0
M06,M06-B001,1,M06-trial01,critic_debate,Critic debate,M06-T08,M06-T08-C01,local_funding_effect,1,0
M06,M06-B001,1,M06-trial01,critic_debate,Critic debate,M06-T08,M06-T08-C02,local_funding_effect,1,0
M06,M06-B001,1,M06-trial01,critic_debate,Critic debate,M06-T08,M06-T08-C03,local_funding_effect,1,0
M06,M06-B001,1,M06-trial01,critic_debate,Critic debate,M06-T08,M06-T08-C04,local_funding_effect,1,0
M06,M06-B001,1,M06-trial01,critic_debate,Critic debate,M06-T09,M06-T09-C01,borrowing_cost_and_uncertainty,1,0
M06,M06-B001,1,M06-trial01,critic_debate,Critic debate,M06-T09,M06-T09-C02,borrowing_cost_and_uncertainty,1,0
M06,M06-B001,1,M06-trial01,critic_debate,Critic debate,M06-T09,M06-T09-C03,borrowing_cost_and_uncertainty,1,0
M06,M06-B002,3,M06-trial03,single_agent,Single agent,M06-T01,M06-T01-C01,baseline_bond_mechanism,1,0
M06,M06-B002,3,M06-trial03,single_agent,Single agent,M06-T01,M06-T01-C02,baseline_bond_mechanism,1,0
M06,M06-B002,3,M06-trial03,single_agent,Single agent,M06-T01,M06-T01-C03,baseline_bond_mechanism,1,0
M06,M06-B002,3,M06-trial03,single_agent,Single agent,M06-T01,M06-T01-C04,baseline_bond_mechanism,1,0
M06,M06-B002,3,M06-trial03,single_agent,Single agent,M06-T02,M06-T02-C01,policy_change,1,0
M06,M06-B002,3,M06-trial03,single_agent,Single agent,M06-T02,M06-T02-C02,policy_change,1,0
M06,M06-B002,3,M06-trial03,single_agent,Single agent,M06-T02,M06-T02-C03,policy_change,1,0
M06,M06-B002,3,M06-trial03,single_agent,Single agent,M06-T03,M06-T03-C01,eligible_housing_uses,1,0
M06,M06-B002,3,M06-trial03,single_agent,Single agent,M06-T03,M06-T03-C02,eligible_housing_uses,1,0
M06,M06-B002,3,M06-trial03,single_agent,Single agent,M06-T03,M06-T03-C03,eligible_housing_uses,1,0
M06,M06-B002,3,M06-trial03,single_agent,Single agent,M06-T04,M06-T04-C01,eligible_infrastructure_uses,1,0
M06,M06-B002,3,M06-trial03,single_agent,Single agent,M06-T04,M06-T04-C02,eligible_infrastructure_uses,1,0
M06,M06-B002,3,M06-trial03,single_agent,Single agent,M06-T05,M06-T05-C01,property_tax_authority,1,0
M06,M06-B002,3,M06-trial03,single_agent,Single agent,M06-T05,M06-T05-C02,property_tax_authority,1,0
M06,M06-B002,3,M06-trial03,single_agent,Single agent,M06-T05,M06-T05-C03,property_tax_authority,1,0
M06,M06-B002,3,M06-trial03,single_agent,Single agent,M06-T06,M06-T06-C01,accountability,1,0
M06,M06-B002,3,M06-trial03,single_agent,Single agent,M06-T06,M06-T06-C02,accountability,1,0
M06,M06-B002,3,M06-trial03,single_agent,Single agent,M06-T06,M06-T06-C03,accountability,1,0
M06,M06-B002,3,M06-trial03,single_agent,Single agent,M06-T07,M06-T07-C01,passage_effect,1,0
M06,M06-B002,3,M06-trial03,single_agent,Single agent,M06-T07,M06-T07-C02,passage_effect,1,0
M06,M06-B002,3,M06-trial03,single_agent,Single agent,M06-T07,M06-T07-C03,passage_effect,1,0
M06,M06-B002,3,M06-trial03,single_agent,Single agent,M06-T07,M06-T07-C04,passage_effect,1,0
M06,M06-B002,3,M06-trial03,single_agent,Single agent,M06-T08,M06-T08-C01,local_funding_effect,1,0
M06,M06-B002,3,M06-trial03,single_agent,Single agent,M06-T08,M06-T08-C02,local_funding_effect,1,0
M06,M06-B002,3,M06-trial03,single_agent,Single agent,M06-T08,M06-T08-C03,local_funding_effect,1,0
M06,M06-B002,3,M06-trial03,single_agent,Single agent,M06-T08,M06-T08-C04,local_funding_effect,1,0
M06,M06-B002,3,M06-trial03,single_agent,Single agent,M06-T09,M06-T09-C01,borrowing_cost_and_uncertainty,1,0
M06,M06-B002,3,M06-trial03,single_agent,Single agent,M06-T09,M06-T09-C02,borrowing_cost_and_uncertainty,1,0
M06,M06-B002,3,M06-trial03,single_agent,Single agent,M06-T09,M06-T09-C03,borrowing_cost_and_uncertainty,1,0
M06,M06-B003,4,M06-trial04,critic_debate,Critic debate,M06-T01,M06-T01-C01,baseline_bond_mechanism,1,0
M06,M06-B003,4,M06-trial04,critic_debate,Critic debate,M06-T01,M06-T01-C02,baseline_bond_mechanism,1,0
M06,M06-B003,4,M06-trial04,critic_debate,Critic debate,M06-T01,M06-T01-C03,baseline_bond_mechanism,1,0
M06,M06-B003,4,M06-trial04,critic_debate,Critic debate,M06-T01,M06-T01-C04,baseline_bond_mechanism,1,0
M06,M06-B003,4,M06-trial04,critic_debate,Critic debate,M06-T02,M06-T02-C01,policy_change,1,0
M06,M06-B003,4,M06-trial04,critic_debate,Critic debate,M06-T02,M06-T02-C02,policy_change,1,0
M06,M06-B003,4,M06-trial04,critic_debate,Critic debate,M06-T02,M06-T02-C03,policy_change,1,0
M06,M06-B003,4,M06-trial04,critic_debate,Critic debate,M06-T03,M06-T03-C01,eligible_housing_uses,1,0
M06,M06-B003,4,M06-trial04,critic_debate,Critic debate,M06-T03,M06-T03-C02,eligible_housing_uses,1,0
M06,M06-B003,4,M06-trial04,critic_debate,Critic debate,M06-T03,M06-T03-C03,eligible_housing_uses,1,0
M06,M06-B003,4,M06-trial04,critic_debate,Critic debate,M06-T04,M06-T04-C01,eligible_infrastructure_uses,1,0
M06,M06-B003,4,M06-trial04,critic_debate,Critic debate,M06-T04,M06-T04-C02,eligible_infrastructure_uses,1,0
M06,M06-B003,4,M06-trial04,critic_debate,Critic debate,M06-T05,M06-T05-C01,property_tax_authority,1,0
M06,M06-B003,4,M06-trial04,critic_debate,Critic debate,M06-T05,M06-T05-C02,property_tax_authority,1,0
M06,M06-B003,4,M06-trial04,critic_debate,Critic debate,M06-T05,M06-T05-C03,property_tax_authority,1,0
M06,M06-B003,4,M06-trial04,critic_debate,Critic debate,M06-T06,M06-T06-C01,accountability,1,0
M06,M06-B003,4,M06-trial04,critic_debate,Critic debate,M06-T06,M06-T06-C02,accountability,1,0
M06,M06-B003,4,M06-trial04,critic_debate,Critic debate,M06-T06,M06-T06-C03,accountability,1,0
M06,M06-B003,4,M06-trial04,critic_debate,Critic debate,M06-T07,M06-T07-C01,passage_effect,1,0
M06,M06-B003,4,M06-trial04,critic_debate,Critic debate,M06-T07,M06-T07-C02,passage_effect,1,0
M06,M06-B003,4,M06-trial04,critic_debate,Critic debate,M06-T07,M06-T07-C03,passage_effect,1,0
M06,M06-B003,4,M06-trial04,critic_debate,Critic debate,M06-T07,M06-T07-C04,passage_effect,1,0
M06,M06-B003,4,M06-trial04,critic_debate,Critic debate,M06-T08,M06-T08-C01,local_funding_effect,1,0
M06,M06-B003,4,M06-trial04,critic_debate,Critic debate,M06-T08,M06-T08-C02,local_funding_effect,1,0
M06,M06-B003,4,M06-trial04,critic_debate,Critic debate,M06-T08,M06-T08-C03,local_funding_effect,1,0
M06,M06-B003,4,M06-trial04,critic_debate,Critic debate,M06-T08,M06-T08-C04,local_funding_effect,1,0
M06,M06-B003,4,M06-trial04,critic_debate,Critic debate,M06-T09,M06-T09-C01,borrowing_cost_and_uncertainty,1,0
M06,M06-B003,4,M06-trial04,critic_debate,Critic debate,M06-T09,M06-T09-C02,borrowing_cost_and_uncertainty,1,0
M06,M06-B003,4,M06-trial04,critic_debate,Critic debate,M06-T09,M06-T09-C03,borrowing_cost_and_uncertainty,1,0
M06,M06-B004,4,M06-trial04,independent_ensemble,Independent ensemble,M06-T01,M06-T01-C01,baseline_bond_mechanism,1,0
M06,M06-B004,4,M06-trial04,independent_ensemble,Independent ensemble,M06-T01,M06-T01-C02,baseline_bond_mechanism,1,0
M06,M06-B004,4,M06-trial04,independent_ensemble,Independent ensemble,M06-T01,M06-T01-C03,baseline_bond_mechanism,1,0
M06,M06-B004,4,M06-trial04,independent_ensemble,Independent ensemble,M06-T01,M06-T01-C04,baseline_bond_mechanism,1,0
M06,M06-B004,4,M06-trial04,independent_ensemble,Independent ensemble,M06-T02,M06-T02-C01,policy_change,1,0
M06,M06-B004,4,M06-trial04,independent_ensemble,Independent ensemble,M06-T02,M06-T02-C02,policy_change,1,0
M06,M06-B004,4,M06-trial04,independent_ensemble,Independent ensemble,M06-T02,M06-T02-C03,policy_change,1,0
M06,M06-B004,4,M06-trial04,independent_ensemble,Independent ensemble,M06-T03,M06-T03-C01,eligible_housing_uses,1,0
M06,M06-B004,4,M06-trial04,independent_ensemble,Independent ensemble,M06-T03,M06-T03-C02,eligible_housing_uses,1,0
M06,M06-B004,4,M06-trial04,independent_ensemble,Independent ensemble,M06-T03,M06-T03-C03,eligible_housing_uses,1,0
M06,M06-B004,4,M06-trial04,independent_ensemble,Independent ensemble,M06-T04,M06-T04-C01,eligible_infrastructure_uses,1,0
M06,M06-B004,4,M06-trial04,independent_ensemble,Independent ensemble,M06-T04,M06-T04-C02,eligible_infrastructure_uses,1,0
M06,M06-B004,4,M06-trial04,independent_ensemble,Independent ensemble,M06-T05,M06-T05-C01,property_tax_authority,1,0
M06,M06-B004,4,M06-trial04,independent_ensemble,Independent ensemble,M06-T05,M06-T05-C02,property_tax_authority,1,0
M06,M06-B004,4,M06-trial04,independent_ensemble,Independent ensemble,M06-T05,M06-T05-C03,property_tax_authority,1,0
M06,M06-B004,4,M06-trial04,independent_ensemble,Independent ensemble,M06-T06,M06-T06-C01,accountability,1,0
M06,M06-B004,4,M06-trial04,independent_ensemble,Independent ensemble,M06-T06,M06-T06-C02,accountability,1,0
M06,M06-B004,4,M06-trial04,independent_ensemble,Independent ensemble,M06-T06,M06-T06-C03,accountability,1,0
M06,M06-B004,4,M06-trial04,independent_ensemble,Independent ensemble,M06-T07,M06-T07-C01,passage_effect,1,0
M06,M06-B004,4,M06-trial04,independent_ensemble,Independent ensemble,M06-T07,M06-T07-C02,passage_effect,1,0
M06,M06-B004,4,M06-trial04,independent_ensemble,Independent ensemble,M06-T07,M06-T07-C03,passage_effect,1,0
M06,M06-B004,4,M06-trial04,independent_ensemble,Independent ensemble,M06-T07,M06-T07-C04,passage_effect,1,0
M06,M06-B004,4,M06-trial04,independent_ensemble,Independent ensemble,M06-T08,M06-T08-C01,local_funding_effect,1,0
M06,M06-B004,4,M06-trial04,independent_ensemble,Independent ensemble,M06-T08,M06-T08-C02,local_funding_effect,1,0
M06,M06-B004,4,M06-trial04,independent_ensemble,Independent ensemble,M06-T08,M06-T08-C03,local_funding_effect,1,0
M06,M06-B004,4,M06-trial04,independent_ensemble,Independent ensemble,M06-T08,M06-T08-C04,local_funding_effect,1,0
M06,M06-B004,4,M06-trial04,independent_ensemble,Independent ensemble,M06-T09,M06-T09-C01,borrowing_cost_and_uncertainty,1,0
M06,M06-B004,4,M06-trial04,independent_ensemble,Independent ensemble,M06-T09,M06-T09-C02,borrowing_cost_and_uncertainty,1,0
M06,M06-B004,4,M06-trial04,independent_ensemble,Independent ensemble,M06-T09,M06-T09-C03,borrowing_cost_and_uncertainty,1,0
M06,M06-B005,2,M06-trial02,independent_ensemble,Independent ensemble,M06-T01,M06-T01-C01,baseline_bond_mechanism,1,0
M06,M06-B005,2,M06-trial02,independent_ensemble,Independent ensemble,M06-T01,M06-T01-C02,baseline_bond_mechanism,1,0
M06,M06-B005,2,M06-trial02,independent_ensemble,Independent ensemble,M06-T01,M06-T01-C03,baseline_bond_mechanism,1,0
M06,M06-B005,2,M06-trial02,independent_ensemble,Independent ensemble,M06-T01,M06-T01-C04,baseline_bond_mechanism,1,0
M06,M06-B005,2,M06-trial02,independent_ensemble,Independent ensemble,M06-T02,M06-T02-C01,policy_change,1,0
M06,M06-B005,2,M06-trial02,independent_ensemble,Independent ensemble,M06-T02,M06-T02-C02,policy_change,1,0
M06,M06-B005,2,M06-trial02,independent_ensemble,Independent ensemble,M06-T02,M06-T02-C03,policy_change,1,0
M06,M06-B005,2,M06-trial02,independent_ensemble,Independent ensemble,M06-T03,M06-T03-C01,eligible_housing_uses,1,0
M06,M06-B005,2,M06-trial02,independent_ensemble,Independent ensemble,M06-T03,M06-T03-C02,eligible_housing_uses,1,0
M06,M06-B005,2,M06-trial02,independent_ensemble,Independent ensemble,M06-T03,M06-T03-C03,eligible_housing_uses,1,0
M06,M06-B005,2,M06-trial02,independent_ensemble,Independent ensemble,M06-T04,M06-T04-C01,eligible_infrastructure_uses,1,0
M06,M06-B005,2,M06-trial02,independent_ensemble,Independent ensemble,M06-T04,M06-T04-C02,eligible_infrastructure_uses,1,0
M06,M06-B005,2,M06-trial02,independent_ensemble,Independent ensemble,M06-T05,M06-T05-C01,property_tax_authority,1,0
M06,M06-B005,2,M06-trial02,independent_ensemble,Independent ensemble,M06-T05,M06-T05-C02,property_tax_authority,1,0
M06,M06-B005,2,M06-trial02,independent_ensemble,Independent ensemble,M06-T05,M06-T05-C03,property_tax_authority,1,0
M06,M06-B005,2,M06-trial02,independent_ensemble,Independent ensemble,M06-T06,M06-T06-C01,accountability,1,0
M06,M06-B005,2,M06-trial02,independent_ensemble,Independent ensemble,M06-T06,M06-T06-C02,accountability,1,0
M06,M06-B005,2,M06-trial02,independent_ensemble,Independent ensemble,M06-T06,M06-T06-C03,accountability,1,0
M06,M06-B005,2,M06-trial02,independent_ensemble,Independent ensemble,M06-T07,M06-T07-C01,passage_effect,1,0
M06,M06-B005,2,M06-trial02,independent_ensemble,Independent ensemble,M06-T07,M06-T07-C02,passage_effect,1,0
M06,M06-B005,2,M06-trial02,independent_ensemble,Independent ensemble,M06-T07,M06-T07-C03,passage_effect,1,0
M06,M06-B005,2,M06-trial02,independent_ensemble,Independent ensemble,M06-T07,M06-T07-C04,passage_effect,1,0
M06,M06-B005,2,M06-trial02,independent_ensemble,Independent ensemble,M06-T08,M06-T08-C01,local_funding_effect,1,0
M06,M06-B005,2,M06-trial02,independent_ensemble,Independent ensemble,M06-T08,M06-T08-C02,local_funding_effect,1,0
M06,M06-B005,2,M06-trial02,independent_ensemble,Independent ensemble,M06-T08,M06-T08-C03,local_funding_effect,1,0
M06,M06-B005,2,M06-trial02,independent_ensemble,Independent ensemble,M06-T08,M06-T08-C04,local_funding_effect,1,0
M06,M06-B005,2,M06-trial02,independent_ensemble,Independent ensemble,M06-T09,M06-T09-C01,borrowing_cost_and_uncertainty,1,0
M06,M06-B005,2,M06-trial02,independent_ensemble,Independent ensemble,M06-T09,M06-T09-C02,borrowing_cost_and_uncertainty,1,0
M06,M06-B005,2,M06-trial02,independent_ensemble,Independent ensemble,M06-T09,M06-T09-C03,borrowing_cost_and_uncertainty,1,0
M06,M06-B006,1,M06-trial01,single_agent,Single agent,M06-T01,M06-T01-C01,baseline_bond_mechanism,1,0
M06,M06-B006,1,M06-trial01,single_agent,Single agent,M06-T01,M06-T01-C02,baseline_bond_mechanism,1,0
M06,M06-B006,1,M06-trial01,single_agent,Single agent,M06-T01,M06-T01-C03,baseline_bond_mechanism,1,0
M06,M06-B006,1,M06-trial01,single_agent,Single agent,M06-T01,M06-T01-C04,baseline_bond_mechanism,1,0
M06,M06-B006,1,M06-trial01,single_agent,Single agent,M06-T02,M06-T02-C01,policy_change,1,0
M06,M06-B006,1,M06-trial01,single_agent,Single agent,M06-T02,M06-T02-C02,policy_change,1,0
M06,M06-B006,1,M06-trial01,single_agent,Single agent,M06-T02,M06-T02-C03,policy_change,1,0
M06,M06-B006,1,M06-trial01,single_agent,Single agent,M06-T03,M06-T03-C01,eligible_housing_uses,1,0
M06,M06-B006,1,M06-trial01,single_agent,Single agent,M06-T03,M06-T03-C02,eligible_housing_uses,1,0
M06,M06-B006,1,M06-trial01,single_agent,Single agent,M06-T03,M06-T03-C03,eligible_housing_uses,1,0
M06,M06-B006,1,M06-trial01,single_agent,Single agent,M06-T04,M06-T04-C01,eligible_infrastructure_uses,1,0
M06,M06-B006,1,M06-trial01,single_agent,Single agent,M06-T04,M06-T04-C02,eligible_infrastructure_uses,1,0
M06,M06-B006,1,M06-trial01,single_agent,Single agent,M06-T05,M06-T05-C01,property_tax_authority,1,0
M06,M06-B006,1,M06-trial01,single_agent,Single agent,M06-T05,M06-T05-C02,property_tax_authority,1,0
M06,M06-B006,1,M06-trial01,single_agent,Single agent,M06-T05,M06-T05-C03,property_tax_authority,1,0
M06,M06-B006,1,M06-trial01,single_agent,Single agent,M06-T06,M06-T06-C01,accountability,1,0
M06,M06-B006,1,M06-trial01,single_agent,Single agent,M06-T06,M06-T06-C02,accountability,1,0
M06,M06-B006,1,M06-trial01,single_agent,Single agent,M06-T06,M06-T06-C03,accountability,1,0
M06,M06-B006,1,M06-trial01,single_agent,Single agent,M06-T07,M06-T07-C01,passage_effect,1,0
M06,M06-B006,1,M06-trial01,single_agent,Single agent,M06-T07,M06-T07-C02,passage_effect,1,0
M06,M06-B006,1,M06-trial01,single_agent,Single agent,M06-T07,M06-T07-C03,passage_effect,1,0
M06,M06-B006,1,M06-trial01,single_agent,Single agent,M06-T07,M06-T07-C04,passage_effect,1,0
M06,M06-B006,1,M06-trial01,single_agent,Single agent,M06-T08,M06-T08-C01,local_funding_effect,1,0
M06,M06-B006,1,M06-trial01,single_agent,Single agent,M06-T08,M06-T08-C02,local_funding_effect,1,0
M06,M06-B006,1,M06-trial01,single_agent,Single agent,M06-T08,M06-T08-C03,local_funding_effect,1,0
M06,M06-B006,1,M06-trial01,single_agent,Single agent,M06-T08,M06-T08-C04,local_funding_effect,0,0
M06,M06-B006,1,M06-trial01,single_agent,Single agent,M06-T09,M06-T09-C01,borrowing_cost_and_uncertainty,1,0
M06,M06-B006,1,M06-trial01,single_agent,Single agent,M06-T09,M06-T09-C02,borrowing_cost_and_uncertainty,1,0
M06,M06-B006,1,M06-trial01,single_agent,Single agent,M06-T09,M06-T09-C03,borrowing_cost_and_uncertainty,1,0
M06,M06-B007,4,M06-trial04,normal_debate,Normal debate,M06-T01,M06-T01-C01,baseline_bond_mechanism,1,0
M06,M06-B007,4,M06-trial04,normal_debate,Normal debate,M06-T01,M06-T01-C02,baseline_bond_mechanism,1,0
M06,M06-B007,4,M06-trial04,normal_debate,Normal debate,M06-T01,M06-T01-C03,baseline_bond_mechanism,1,0
M06,M06-B007,4,M06-trial04,normal_debate,Normal debate,M06-T01,M06-T01-C04,baseline_bond_mechanism,1,0
M06,M06-B007,4,M06-trial04,normal_debate,Normal debate,M06-T02,M06-T02-C01,policy_change,1,0
M06,M06-B007,4,M06-trial04,normal_debate,Normal debate,M06-T02,M06-T02-C02,policy_change,1,0
M06,M06-B007,4,M06-trial04,normal_debate,Normal debate,M06-T02,M06-T02-C03,policy_change,1,0
M06,M06-B007,4,M06-trial04,normal_debate,Normal debate,M06-T03,M06-T03-C01,eligible_housing_uses,1,0
M06,M06-B007,4,M06-trial04,normal_debate,Normal debate,M06-T03,M06-T03-C02,eligible_housing_uses,1,0
M06,M06-B007,4,M06-trial04,normal_debate,Normal debate,M06-T03,M06-T03-C03,eligible_housing_uses,1,0
M06,M06-B007,4,M06-trial04,normal_debate,Normal debate,M06-T04,M06-T04-C01,eligible_infrastructure_uses,1,0
M06,M06-B007,4,M06-trial04,normal_debate,Normal debate,M06-T04,M06-T04-C02,eligible_infrastructure_uses,1,0
M06,M06-B007,4,M06-trial04,normal_debate,Normal debate,M06-T05,M06-T05-C01,property_tax_authority,1,0
M06,M06-B007,4,M06-trial04,normal_debate,Normal debate,M06-T05,M06-T05-C02,property_tax_authority,1,0
M06,M06-B007,4,M06-trial04,normal_debate,Normal debate,M06-T05,M06-T05-C03,property_tax_authority,1,0
M06,M06-B007,4,M06-trial04,normal_debate,Normal debate,M06-T06,M06-T06-C01,accountability,1,0
M06,M06-B007,4,M06-trial04,normal_debate,Normal debate,M06-T06,M06-T06-C02,accountability,1,0
M06,M06-B007,4,M06-trial04,normal_debate,Normal debate,M06-T06,M06-T06-C03,accountability,1,0
M06,M06-B007,4,M06-trial04,normal_debate,Normal debate,M06-T07,M06-T07-C01,passage_effect,1,0
M06,M06-B007,4,M06-trial04,normal_debate,Normal debate,M06-T07,M06-T07-C02,passage_effect,1,0
M06,M06-B007,4,M06-trial04,normal_debate,Normal debate,M06-T07,M06-T07-C03,passage_effect,1,0
M06,M06-B007,4,M06-trial04,normal_debate,Normal debate,M06-T07,M06-T07-C04,passage_effect,1,0
M06,M06-B007,4,M06-trial04,normal_debate,Normal debate,M06-T08,M06-T08-C01,local_funding_effect,1,0
M06,M06-B007,4,M06-trial04,normal_debate,Normal debate,M06-T08,M06-T08-C02,local_funding_effect,1,0
M06,M06-B007,4,M06-trial04,normal_debate,Normal debate,M06-T08,M06-T08-C03,local_funding_effect,1,0
M06,M06-B007,4,M06-trial04,normal_debate,Normal debate,M06-T08,M06-T08-C04,local_funding_effect,1,0
M06,M06-B007,4,M06-trial04,normal_debate,Normal debate,M06-T09,M06-T09-C01,borrowing_cost_and_uncertainty,1,0
M06,M06-B007,4,M06-trial04,normal_debate,Normal debate,M06-T09,M06-T09-C02,borrowing_cost_and_uncertainty,1,0
M06,M06-B007,4,M06-trial04,normal_debate,Normal debate,M06-T09,M06-T09-C03,borrowing_cost_and_uncertainty,1,0
M06,M06-B008,2,M06-trial02,single_agent,Single agent,M06-T01,M06-T01-C01,baseline_bond_mechanism,1,0
M06,M06-B008,2,M06-trial02,single_agent,Single agent,M06-T01,M06-T01-C02,baseline_bond_mechanism,1,0
M06,M06-B008,2,M06-trial02,single_agent,Single agent,M06-T01,M06-T01-C03,baseline_bond_mechanism,1,0
M06,M06-B008,2,M06-trial02,single_agent,Single agent,M06-T01,M06-T01-C04,baseline_bond_mechanism,1,0
M06,M06-B008,2,M06-trial02,single_agent,Single agent,M06-T02,M06-T02-C01,policy_change,1,0
M06,M06-B008,2,M06-trial02,single_agent,Single agent,M06-T02,M06-T02-C02,policy_change,1,0
M06,M06-B008,2,M06-trial02,single_agent,Single agent,M06-T02,M06-T02-C03,policy_change,1,0
M06,M06-B008,2,M06-trial02,single_agent,Single agent,M06-T03,M06-T03-C01,eligible_housing_uses,1,0
M06,M06-B008,2,M06-trial02,single_agent,Single agent,M06-T03,M06-T03-C02,eligible_housing_uses,1,0
M06,M06-B008,2,M06-trial02,single_agent,Single agent,M06-T03,M06-T03-C03,eligible_housing_uses,1,0
M06,M06-B008,2,M06-trial02,single_agent,Single agent,M06-T04,M06-T04-C01,eligible_infrastructure_uses,1,0
M06,M06-B008,2,M06-trial02,single_agent,Single agent,M06-T04,M06-T04-C02,eligible_infrastructure_uses,1,0
M06,M06-B008,2,M06-trial02,single_agent,Single agent,M06-T05,M06-T05-C01,property_tax_authority,1,0
M06,M06-B008,2,M06-trial02,single_agent,Single agent,M06-T05,M06-T05-C02,property_tax_authority,1,0
M06,M06-B008,2,M06-trial02,single_agent,Single agent,M06-T05,M06-T05-C03,property_tax_authority,1,0
M06,M06-B008,2,M06-trial02,single_agent,Single agent,M06-T06,M06-T06-C01,accountability,1,0
M06,M06-B008,2,M06-trial02,single_agent,Single agent,M06-T06,M06-T06-C02,accountability,1,0
M06,M06-B008,2,M06-trial02,single_agent,Single agent,M06-T06,M06-T06-C03,accountability,1,0
M06,M06-B008,2,M06-trial02,single_agent,Single agent,M06-T07,M06-T07-C01,passage_effect,1,0
M06,M06-B008,2,M06-trial02,single_agent,Single agent,M06-T07,M06-T07-C02,passage_effect,1,0
M06,M06-B008,2,M06-trial02,single_agent,Single agent,M06-T07,M06-T07-C03,passage_effect,1,0
M06,M06-B008,2,M06-trial02,single_agent,Single agent,M06-T07,M06-T07-C04,passage_effect,1,0
M06,M06-B008,2,M06-trial02,single_agent,Single agent,M06-T08,M06-T08-C01,local_funding_effect,1,0
M06,M06-B008,2,M06-trial02,single_agent,Single agent,M06-T08,M06-T08-C02,local_funding_effect,1,0
M06,M06-B008,2,M06-trial02,single_agent,Single agent,M06-T08,M06-T08-C03,local_funding_effect,1,0
M06,M06-B008,2,M06-trial02,single_agent,Single agent,M06-T08,M06-T08-C04,local_funding_effect,1,0
M06,M06-B008,2,M06-trial02,single_agent,Single agent,M06-T09,M06-T09-C01,borrowing_cost_and_uncertainty,1,0
M06,M06-B008,2,M06-trial02,single_agent,Single agent,M06-T09,M06-T09-C02,borrowing_cost_and_uncertainty,1,0
M06,M06-B008,2,M06-trial02,single_agent,Single agent,M06-T09,M06-T09-C03,borrowing_cost_and_uncertainty,1,0
M06,M06-B009,1,M06-trial01,normal_debate,Normal debate,M06-T01,M06-T01-C01,baseline_bond_mechanism,1,0
M06,M06-B009,1,M06-trial01,normal_debate,Normal debate,M06-T01,M06-T01-C02,baseline_bond_mechanism,1,0
M06,M06-B009,1,M06-trial01,normal_debate,Normal debate,M06-T01,M06-T01-C03,baseline_bond_mechanism,1,0
M06,M06-B009,1,M06-trial01,normal_debate,Normal debate,M06-T01,M06-T01-C04,baseline_bond_mechanism,1,0
M06,M06-B009,1,M06-trial01,normal_debate,Normal debate,M06-T02,M06-T02-C01,policy_change,1,0
M06,M06-B009,1,M06-trial01,normal_debate,Normal debate,M06-T02,M06-T02-C02,policy_change,1,0
M06,M06-B009,1,M06-trial01,normal_debate,Normal debate,M06-T02,M06-T02-C03,policy_change,1,0
M06,M06-B009,1,M06-trial01,normal_debate,Normal debate,M06-T03,M06-T03-C01,eligible_housing_uses,1,0
M06,M06-B009,1,M06-trial01,normal_debate,Normal debate,M06-T03,M06-T03-C02,eligible_housing_uses,1,0
M06,M06-B009,1,M06-trial01,normal_debate,Normal debate,M06-T03,M06-T03-C03,eligible_housing_uses,1,0
M06,M06-B009,1,M06-trial01,normal_debate,Normal debate,M06-T04,M06-T04-C01,eligible_infrastructure_uses,1,0
M06,M06-B009,1,M06-trial01,normal_debate,Normal debate,M06-T04,M06-T04-C02,eligible_infrastructure_uses,1,0
M06,M06-B009,1,M06-trial01,normal_debate,Normal debate,M06-T05,M06-T05-C01,property_tax_authority,1,0
M06,M06-B009,1,M06-trial01,normal_debate,Normal debate,M06-T05,M06-T05-C02,property_tax_authority,1,0
M06,M06-B009,1,M06-trial01,normal_debate,Normal debate,M06-T05,M06-T05-C03,property_tax_authority,1,0
M06,M06-B009,1,M06-trial01,normal_debate,Normal debate,M06-T06,M06-T06-C01,accountability,1,0
M06,M06-B009,1,M06-trial01,normal_debate,Normal debate,M06-T06,M06-T06-C02,accountability,1,0
M06,M06-B009,1,M06-trial01,normal_debate,Normal debate,M06-T06,M06-T06-C03,accountability,1,0
M06,M06-B009,1,M06-trial01,normal_debate,Normal debate,M06-T07,M06-T07-C01,passage_effect,1,0
M06,M06-B009,1,M06-trial01,normal_debate,Normal debate,M06-T07,M06-T07-C02,passage_effect,1,0
M06,M06-B009,1,M06-trial01,normal_debate,Normal debate,M06-T07,M06-T07-C03,passage_effect,1,0
M06,M06-B009,1,M06-trial01,normal_debate,Normal debate,M06-T07,M06-T07-C04,passage_effect,1,0
M06,M06-B009,1,M06-trial01,normal_debate,Normal debate,M06-T08,M06-T08-C01,local_funding_effect,1,0
M06,M06-B009,1,M06-trial01,normal_debate,Normal debate,M06-T08,M06-T08-C02,local_funding_effect,0,0
M06,M06-B009,1,M06-trial01,normal_debate,Normal debate,M06-T08,M06-T08-C03,local_funding_effect,1,0
M06,M06-B009,1,M06-trial01,normal_debate,Normal debate,M06-T08,M06-T08-C04,local_funding_effect,0,0
M06,M06-B009,1,M06-trial01,normal_debate,Normal debate,M06-T09,M06-T09-C01,borrowing_cost_and_uncertainty,1,0
M06,M06-B009,1,M06-trial01,normal_debate,Normal debate,M06-T09,M06-T09-C02,borrowing_cost_and_uncertainty,1,0
M06,M06-B009,1,M06-trial01,normal_debate,Normal debate,M06-T09,M06-T09-C03,borrowing_cost_and_uncertainty,1,0
M06,M06-B010,3,M06-trial03,normal_debate,Normal debate,M06-T01,M06-T01-C01,baseline_bond_mechanism,1,0
M06,M06-B010,3,M06-trial03,normal_debate,Normal debate,M06-T01,M06-T01-C02,baseline_bond_mechanism,1,0
M06,M06-B010,3,M06-trial03,normal_debate,Normal debate,M06-T01,M06-T01-C03,baseline_bond_mechanism,1,0
M06,M06-B010,3,M06-trial03,normal_debate,Normal debate,M06-T01,M06-T01-C04,baseline_bond_mechanism,1,0
M06,M06-B010,3,M06-trial03,normal_debate,Normal debate,M06-T02,M06-T02-C01,policy_change,1,0
M06,M06-B010,3,M06-trial03,normal_debate,Normal debate,M06-T02,M06-T02-C02,policy_change,1,0
M06,M06-B010,3,M06-trial03,normal_debate,Normal debate,M06-T02,M06-T02-C03,policy_change,1,0
M06,M06-B010,3,M06-trial03,normal_debate,Normal debate,M06-T03,M06-T03-C01,eligible_housing_uses,1,0
M06,M06-B010,3,M06-trial03,normal_debate,Normal debate,M06-T03,M06-T03-C02,eligible_housing_uses,1,0
M06,M06-B010,3,M06-trial03,normal_debate,Normal debate,M06-T03,M06-T03-C03,eligible_housing_uses,1,0
M06,M06-B010,3,M06-trial03,normal_debate,Normal debate,M06-T04,M06-T04-C01,eligible_infrastructure_uses,1,0
M06,M06-B010,3,M06-trial03,normal_debate,Normal debate,M06-T04,M06-T04-C02,eligible_infrastructure_uses,1,0
M06,M06-B010,3,M06-trial03,normal_debate,Normal debate,M06-T05,M06-T05-C01,property_tax_authority,1,0
M06,M06-B010,3,M06-trial03,normal_debate,Normal debate,M06-T05,M06-T05-C02,property_tax_authority,1,0
M06,M06-B010,3,M06-trial03,normal_debate,Normal debate,M06-T05,M06-T05-C03,property_tax_authority,1,0
M06,M06-B010,3,M06-trial03,normal_debate,Normal debate,M06-T06,M06-T06-C01,accountability,1,0
M06,M06-B010,3,M06-trial03,normal_debate,Normal debate,M06-T06,M06-T06-C02,accountability,1,0
M06,M06-B010,3,M06-trial03,normal_debate,Normal debate,M06-T06,M06-T06-C03,accountability,1,0
M06,M06-B010,3,M06-trial03,normal_debate,Normal debate,M06-T07,M06-T07-C01,passage_effect,1,0
M06,M06-B010,3,M06-trial03,normal_debate,Normal debate,M06-T07,M06-T07-C02,passage_effect,1,0
M06,M06-B010,3,M06-trial03,normal_debate,Normal debate,M06-T07,M06-T07-C03,passage_effect,1,0
M06,M06-B010,3,M06-trial03,normal_debate,Normal debate,M06-T07,M06-T07-C04,passage_effect,1,0
M06,M06-B010,3,M06-trial03,normal_debate,Normal debate,M06-T08,M06-T08-C01,local_funding_effect,1,0
M06,M06-B010,3,M06-trial03,normal_debate,Normal debate,M06-T08,M06-T08-C02,local_funding_effect,1,0
M06,M06-B010,3,M06-trial03,normal_debate,Normal debate,M06-T08,M06-T08-C03,local_funding_effect,1,0
M06,M06-B010,3,M06-trial03,normal_debate,Normal debate,M06-T08,M06-T08-C04,local_funding_effect,1,0
M06,M06-B010,3,M06-trial03,normal_debate,Normal debate,M06-T09,M06-T09-C01,borrowing_cost_and_uncertainty,1,0
M06,M06-B010,3,M06-trial03,normal_debate,Normal debate,M06-T09,M06-T09-C02,borrowing_cost_and_uncertainty,1,0
M06,M06-B010,3,M06-trial03,normal_debate,Normal debate,M06-T09,M06-T09-C03,borrowing_cost_and_uncertainty,1,0
M06,M06-B011,4,M06-trial04,single_agent,Single agent,M06-T01,M06-T01-C01,baseline_bond_mechanism,1,0
M06,M06-B011,4,M06-trial04,single_agent,Single agent,M06-T01,M06-T01-C02,baseline_bond_mechanism,1,0
M06,M06-B011,4,M06-trial04,single_agent,Single agent,M06-T01,M06-T01-C03,baseline_bond_mechanism,1,0
M06,M06-B011,4,M06-trial04,single_agent,Single agent,M06-T01,M06-T01-C04,baseline_bond_mechanism,1,0
M06,M06-B011,4,M06-trial04,single_agent,Single agent,M06-T02,M06-T02-C01,policy_change,1,0
M06,M06-B011,4,M06-trial04,single_agent,Single agent,M06-T02,M06-T02-C02,policy_change,1,0
M06,M06-B011,4,M06-trial04,single_agent,Single agent,M06-T02,M06-T02-C03,policy_change,1,0
M06,M06-B011,4,M06-trial04,single_agent,Single agent,M06-T03,M06-T03-C01,eligible_housing_uses,1,0
M06,M06-B011,4,M06-trial04,single_agent,Single agent,M06-T03,M06-T03-C02,eligible_housing_uses,1,0
M06,M06-B011,4,M06-trial04,single_agent,Single agent,M06-T03,M06-T03-C03,eligible_housing_uses,1,0
M06,M06-B011,4,M06-trial04,single_agent,Single agent,M06-T04,M06-T04-C01,eligible_infrastructure_uses,1,0
M06,M06-B011,4,M06-trial04,single_agent,Single agent,M06-T04,M06-T04-C02,eligible_infrastructure_uses,1,0
M06,M06-B011,4,M06-trial04,single_agent,Single agent,M06-T05,M06-T05-C01,property_tax_authority,1,0
M06,M06-B011,4,M06-trial04,single_agent,Single agent,M06-T05,M06-T05-C02,property_tax_authority,1,0
M06,M06-B011,4,M06-trial04,single_agent,Single agent,M06-T05,M06-T05-C03,property_tax_authority,1,0
M06,M06-B011,4,M06-trial04,single_agent,Single agent,M06-T06,M06-T06-C01,accountability,1,0
M06,M06-B011,4,M06-trial04,single_agent,Single agent,M06-T06,M06-T06-C02,accountability,1,0
M06,M06-B011,4,M06-trial04,single_agent,Single agent,M06-T06,M06-T06-C03,accountability,1,0
M06,M06-B011,4,M06-trial04,single_agent,Single agent,M06-T07,M06-T07-C01,passage_effect,1,0
M06,M06-B011,4,M06-trial04,single_agent,Single agent,M06-T07,M06-T07-C02,passage_effect,1,0
M06,M06-B011,4,M06-trial04,single_agent,Single agent,M06-T07,M06-T07-C03,passage_effect,1,0
M06,M06-B011,4,M06-trial04,single_agent,Single agent,M06-T07,M06-T07-C04,passage_effect,1,0
M06,M06-B011,4,M06-trial04,single_agent,Single agent,M06-T08,M06-T08-C01,local_funding_effect,1,0
M06,M06-B011,4,M06-trial04,single_agent,Single agent,M06-T08,M06-T08-C02,local_funding_effect,1,0
M06,M06-B011,4,M06-trial04,single_agent,Single agent,M06-T08,M06-T08-C03,local_funding_effect,1,0
M06,M06-B011,4,M06-trial04,single_agent,Single agent,M06-T08,M06-T08-C04,local_funding_effect,1,0
M06,M06-B011,4,M06-trial04,single_agent,Single agent,M06-T09,M06-T09-C01,borrowing_cost_and_uncertainty,1,0
M06,M06-B011,4,M06-trial04,single_agent,Single agent,M06-T09,M06-T09-C02,borrowing_cost_and_uncertainty,1,0
M06,M06-B011,4,M06-trial04,single_agent,Single agent,M06-T09,M06-T09-C03,borrowing_cost_and_uncertainty,1,0
M06,M06-B012,3,M06-trial03,critic_debate,Critic debate,M06-T01,M06-T01-C01,baseline_bond_mechanism,1,0
M06,M06-B012,3,M06-trial03,critic_debate,Critic debate,M06-T01,M06-T01-C02,baseline_bond_mechanism,1,0
M06,M06-B012,3,M06-trial03,critic_debate,Critic debate,M06-T01,M06-T01-C03,baseline_bond_mechanism,1,0
M06,M06-B012,3,M06-trial03,critic_debate,Critic debate,M06-T01,M06-T01-C04,baseline_bond_mechanism,1,0
M06,M06-B012,3,M06-trial03,critic_debate,Critic debate,M06-T02,M06-T02-C01,policy_change,1,0
M06,M06-B012,3,M06-trial03,critic_debate,Critic debate,M06-T02,M06-T02-C02,policy_change,1,0
M06,M06-B012,3,M06-trial03,critic_debate,Critic debate,M06-T02,M06-T02-C03,policy_change,1,0
M06,M06-B012,3,M06-trial03,critic_debate,Critic debate,M06-T03,M06-T03-C01,eligible_housing_uses,1,0
M06,M06-B012,3,M06-trial03,critic_debate,Critic debate,M06-T03,M06-T03-C02,eligible_housing_uses,1,0
M06,M06-B012,3,M06-trial03,critic_debate,Critic debate,M06-T03,M06-T03-C03,eligible_housing_uses,1,0
M06,M06-B012,3,M06-trial03,critic_debate,Critic debate,M06-T04,M06-T04-C01,eligible_infrastructure_uses,1,0
M06,M06-B012,3,M06-trial03,critic_debate,Critic debate,M06-T04,M06-T04-C02,eligible_infrastructure_uses,1,0
M06,M06-B012,3,M06-trial03,critic_debate,Critic debate,M06-T05,M06-T05-C01,property_tax_authority,1,0
M06,M06-B012,3,M06-trial03,critic_debate,Critic debate,M06-T05,M06-T05-C02,property_tax_authority,1,0
M06,M06-B012,3,M06-trial03,critic_debate,Critic debate,M06-T05,M06-T05-C03,property_tax_authority,1,0
M06,M06-B012,3,M06-trial03,critic_debate,Critic debate,M06-T06,M06-T06-C01,accountability,1,0
M06,M06-B012,3,M06-trial03,critic_debate,Critic debate,M06-T06,M06-T06-C02,accountability,1,0
M06,M06-B012,3,M06-trial03,critic_debate,Critic debate,M06-T06,M06-T06-C03,accountability,1,0
M06,M06-B012,3,M06-trial03,critic_debate,Critic debate,M06-T07,M06-T07-C01,passage_effect,1,0
M06,M06-B012,3,M06-trial03,critic_debate,Critic debate,M06-T07,M06-T07-C02,passage_effect,1,0
M06,M06-B012,3,M06-trial03,critic_debate,Critic debate,M06-T07,M06-T07-C03,passage_effect,1,0
M06,M06-B012,3,M06-trial03,critic_debate,Critic debate,M06-T07,M06-T07-C04,passage_effect,1,0
M06,M06-B012,3,M06-trial03,critic_debate,Critic debate,M06-T08,M06-T08-C01,local_funding_effect,1,0
M06,M06-B012,3,M06-trial03,critic_debate,Critic debate,M06-T08,M06-T08-C02,local_funding_effect,1,0
M06,M06-B012,3,M06-trial03,critic_debate,Critic debate,M06-T08,M06-T08-C03,local_funding_effect,1,0
M06,M06-B012,3,M06-trial03,critic_debate,Critic debate,M06-T08,M06-T08-C04,local_funding_effect,1,0
M06,M06-B012,3,M06-trial03,critic_debate,Critic debate,M06-T09,M06-T09-C01,borrowing_cost_and_uncertainty,1,0
M06,M06-B012,3,M06-trial03,critic_debate,Critic debate,M06-T09,M06-T09-C02,borrowing_cost_and_uncertainty,1,0
M06,M06-B012,3,M06-trial03,critic_debate,Critic debate,M06-T09,M06-T09-C03,borrowing_cost_and_uncertainty,1,0
M06,M06-B013,3,M06-trial03,independent_ensemble,Independent ensemble,M06-T01,M06-T01-C01,baseline_bond_mechanism,1,0
M06,M06-B013,3,M06-trial03,independent_ensemble,Independent ensemble,M06-T01,M06-T01-C02,baseline_bond_mechanism,1,0
M06,M06-B013,3,M06-trial03,independent_ensemble,Independent ensemble,M06-T01,M06-T01-C03,baseline_bond_mechanism,1,0
M06,M06-B013,3,M06-trial03,independent_ensemble,Independent ensemble,M06-T01,M06-T01-C04,baseline_bond_mechanism,1,0
M06,M06-B013,3,M06-trial03,independent_ensemble,Independent ensemble,M06-T02,M06-T02-C01,policy_change,1,0
M06,M06-B013,3,M06-trial03,independent_ensemble,Independent ensemble,M06-T02,M06-T02-C02,policy_change,1,0
M06,M06-B013,3,M06-trial03,independent_ensemble,Independent ensemble,M06-T02,M06-T02-C03,policy_change,1,0
M06,M06-B013,3,M06-trial03,independent_ensemble,Independent ensemble,M06-T03,M06-T03-C01,eligible_housing_uses,1,0
M06,M06-B013,3,M06-trial03,independent_ensemble,Independent ensemble,M06-T03,M06-T03-C02,eligible_housing_uses,1,0
M06,M06-B013,3,M06-trial03,independent_ensemble,Independent ensemble,M06-T03,M06-T03-C03,eligible_housing_uses,1,0
M06,M06-B013,3,M06-trial03,independent_ensemble,Independent ensemble,M06-T04,M06-T04-C01,eligible_infrastructure_uses,1,0
M06,M06-B013,3,M06-trial03,independent_ensemble,Independent ensemble,M06-T04,M06-T04-C02,eligible_infrastructure_uses,1,0
M06,M06-B013,3,M06-trial03,independent_ensemble,Independent ensemble,M06-T05,M06-T05-C01,property_tax_authority,1,0
M06,M06-B013,3,M06-trial03,independent_ensemble,Independent ensemble,M06-T05,M06-T05-C02,property_tax_authority,1,0
M06,M06-B013,3,M06-trial03,independent_ensemble,Independent ensemble,M06-T05,M06-T05-C03,property_tax_authority,1,0
M06,M06-B013,3,M06-trial03,independent_ensemble,Independent ensemble,M06-T06,M06-T06-C01,accountability,1,0
M06,M06-B013,3,M06-trial03,independent_ensemble,Independent ensemble,M06-T06,M06-T06-C02,accountability,1,0
M06,M06-B013,3,M06-trial03,independent_ensemble,Independent ensemble,M06-T06,M06-T06-C03,accountability,1,0
M06,M06-B013,3,M06-trial03,independent_ensemble,Independent ensemble,M06-T07,M06-T07-C01,passage_effect,1,0
M06,M06-B013,3,M06-trial03,independent_ensemble,Independent ensemble,M06-T07,M06-T07-C02,passage_effect,1,0
M06,M06-B013,3,M06-trial03,independent_ensemble,Independent ensemble,M06-T07,M06-T07-C03,passage_effect,1,0
M06,M06-B013,3,M06-trial03,independent_ensemble,Independent ensemble,M06-T07,M06-T07-C04,passage_effect,1,0
M06,M06-B013,3,M06-trial03,independent_ensemble,Independent ensemble,M06-T08,M06-T08-C01,local_funding_effect,1,0
M06,M06-B013,3,M06-trial03,independent_ensemble,Independent ensemble,M06-T08,M06-T08-C02,local_funding_effect,1,0
M06,M06-B013,3,M06-trial03,independent_ensemble,Independent ensemble,M06-T08,M06-T08-C03,local_funding_effect,1,0
M06,M06-B013,3,M06-trial03,independent_ensemble,Independent ensemble,M06-T08,M06-T08-C04,local_funding_effect,1,0
M06,M06-B013,3,M06-trial03,independent_ensemble,Independent ensemble,M06-T09,M06-T09-C01,borrowing_cost_and_uncertainty,1,0
M06,M06-B013,3,M06-trial03,independent_ensemble,Independent ensemble,M06-T09,M06-T09-C02,borrowing_cost_and_uncertainty,1,0
M06,M06-B013,3,M06-trial03,independent_ensemble,Independent ensemble,M06-T09,M06-T09-C03,borrowing_cost_and_uncertainty,1,0
M06,M06-B014,2,M06-trial02,normal_debate,Normal debate,M06-T01,M06-T01-C01,baseline_bond_mechanism,1,0
M06,M06-B014,2,M06-trial02,normal_debate,Normal debate,M06-T01,M06-T01-C02,baseline_bond_mechanism,1,0
M06,M06-B014,2,M06-trial02,normal_debate,Normal debate,M06-T01,M06-T01-C03,baseline_bond_mechanism,1,0
M06,M06-B014,2,M06-trial02,normal_debate,Normal debate,M06-T01,M06-T01-C04,baseline_bond_mechanism,1,0
M06,M06-B014,2,M06-trial02,normal_debate,Normal debate,M06-T02,M06-T02-C01,policy_change,1,0
M06,M06-B014,2,M06-trial02,normal_debate,Normal debate,M06-T02,M06-T02-C02,policy_change,1,0
M06,M06-B014,2,M06-trial02,normal_debate,Normal debate,M06-T02,M06-T02-C03,policy_change,1,0
M06,M06-B014,2,M06-trial02,normal_debate,Normal debate,M06-T03,M06-T03-C01,eligible_housing_uses,1,0
M06,M06-B014,2,M06-trial02,normal_debate,Normal debate,M06-T03,M06-T03-C02,eligible_housing_uses,1,0
M06,M06-B014,2,M06-trial02,normal_debate,Normal debate,M06-T03,M06-T03-C03,eligible_housing_uses,1,0
M06,M06-B014,2,M06-trial02,normal_debate,Normal debate,M06-T04,M06-T04-C01,eligible_infrastructure_uses,1,0
M06,M06-B014,2,M06-trial02,normal_debate,Normal debate,M06-T04,M06-T04-C02,eligible_infrastructure_uses,1,0
M06,M06-B014,2,M06-trial02,normal_debate,Normal debate,M06-T05,M06-T05-C01,property_tax_authority,1,0
M06,M06-B014,2,M06-trial02,normal_debate,Normal debate,M06-T05,M06-T05-C02,property_tax_authority,1,0
M06,M06-B014,2,M06-trial02,normal_debate,Normal debate,M06-T05,M06-T05-C03,property_tax_authority,1,0
M06,M06-B014,2,M06-trial02,normal_debate,Normal debate,M06-T06,M06-T06-C01,accountability,1,0
M06,M06-B014,2,M06-trial02,normal_debate,Normal debate,M06-T06,M06-T06-C02,accountability,1,0
M06,M06-B014,2,M06-trial02,normal_debate,Normal debate,M06-T06,M06-T06-C03,accountability,1,0
M06,M06-B014,2,M06-trial02,normal_debate,Normal debate,M06-T07,M06-T07-C01,passage_effect,1,0
M06,M06-B014,2,M06-trial02,normal_debate,Normal debate,M06-T07,M06-T07-C02,passage_effect,1,0
M06,M06-B014,2,M06-trial02,normal_debate,Normal debate,M06-T07,M06-T07-C03,passage_effect,1,0
M06,M06-B014,2,M06-trial02,normal_debate,Normal debate,M06-T07,M06-T07-C04,passage_effect,1,0
M06,M06-B014,2,M06-trial02,normal_debate,Normal debate,M06-T08,M06-T08-C01,local_funding_effect,1,0
M06,M06-B014,2,M06-trial02,normal_debate,Normal debate,M06-T08,M06-T08-C02,local_funding_effect,0,0
M06,M06-B014,2,M06-trial02,normal_debate,Normal debate,M06-T08,M06-T08-C03,local_funding_effect,1,0
M06,M06-B014,2,M06-trial02,normal_debate,Normal debate,M06-T08,M06-T08-C04,local_funding_effect,0,0
M06,M06-B014,2,M06-trial02,normal_debate,Normal debate,M06-T09,M06-T09-C01,borrowing_cost_and_uncertainty,1,0
M06,M06-B014,2,M06-trial02,normal_debate,Normal debate,M06-T09,M06-T09-C02,borrowing_cost_and_uncertainty,1,0
M06,M06-B014,2,M06-trial02,normal_debate,Normal debate,M06-T09,M06-T09-C03,borrowing_cost_and_uncertainty,1,0
M06,M06-B015,1,M06-trial01,independent_ensemble,Independent ensemble,M06-T01,M06-T01-C01,baseline_bond_mechanism,1,0
M06,M06-B015,1,M06-trial01,independent_ensemble,Independent ensemble,M06-T01,M06-T01-C02,baseline_bond_mechanism,1,0
M06,M06-B015,1,M06-trial01,independent_ensemble,Independent ensemble,M06-T01,M06-T01-C03,baseline_bond_mechanism,1,0
M06,M06-B015,1,M06-trial01,independent_ensemble,Independent ensemble,M06-T01,M06-T01-C04,baseline_bond_mechanism,1,0
M06,M06-B015,1,M06-trial01,independent_ensemble,Independent ensemble,M06-T02,M06-T02-C01,policy_change,1,0
M06,M06-B015,1,M06-trial01,independent_ensemble,Independent ensemble,M06-T02,M06-T02-C02,policy_change,1,0
M06,M06-B015,1,M06-trial01,independent_ensemble,Independent ensemble,M06-T02,M06-T02-C03,policy_change,1,0
M06,M06-B015,1,M06-trial01,independent_ensemble,Independent ensemble,M06-T03,M06-T03-C01,eligible_housing_uses,1,0
M06,M06-B015,1,M06-trial01,independent_ensemble,Independent ensemble,M06-T03,M06-T03-C02,eligible_housing_uses,1,0
M06,M06-B015,1,M06-trial01,independent_ensemble,Independent ensemble,M06-T03,M06-T03-C03,eligible_housing_uses,1,0
M06,M06-B015,1,M06-trial01,independent_ensemble,Independent ensemble,M06-T04,M06-T04-C01,eligible_infrastructure_uses,1,0
M06,M06-B015,1,M06-trial01,independent_ensemble,Independent ensemble,M06-T04,M06-T04-C02,eligible_infrastructure_uses,1,0
M06,M06-B015,1,M06-trial01,independent_ensemble,Independent ensemble,M06-T05,M06-T05-C01,property_tax_authority,1,0
M06,M06-B015,1,M06-trial01,independent_ensemble,Independent ensemble,M06-T05,M06-T05-C02,property_tax_authority,1,0
M06,M06-B015,1,M06-trial01,independent_ensemble,Independent ensemble,M06-T05,M06-T05-C03,property_tax_authority,1,0
M06,M06-B015,1,M06-trial01,independent_ensemble,Independent ensemble,M06-T06,M06-T06-C01,accountability,1,0
M06,M06-B015,1,M06-trial01,independent_ensemble,Independent ensemble,M06-T06,M06-T06-C02,accountability,1,0
M06,M06-B015,1,M06-trial01,independent_ensemble,Independent ensemble,M06-T06,M06-T06-C03,accountability,1,0
M06,M06-B015,1,M06-trial01,independent_ensemble,Independent ensemble,M06-T07,M06-T07-C01,passage_effect,1,0
M06,M06-B015,1,M06-trial01,independent_ensemble,Independent ensemble,M06-T07,M06-T07-C02,passage_effect,1,0
M06,M06-B015,1,M06-trial01,independent_ensemble,Independent ensemble,M06-T07,M06-T07-C03,passage_effect,1,0
M06,M06-B015,1,M06-trial01,independent_ensemble,Independent ensemble,M06-T07,M06-T07-C04,passage_effect,1,0
M06,M06-B015,1,M06-trial01,independent_ensemble,Independent ensemble,M06-T08,M06-T08-C01,local_funding_effect,1,0
M06,M06-B015,1,M06-trial01,independent_ensemble,Independent ensemble,M06-T08,M06-T08-C02,local_funding_effect,1,0
M06,M06-B015,1,M06-trial01,independent_ensemble,Independent ensemble,M06-T08,M06-T08-C03,local_funding_effect,1,0
M06,M06-B015,1,M06-trial01,independent_ensemble,Independent ensemble,M06-T08,M06-T08-C04,local_funding_effect,0,0
M06,M06-B015,1,M06-trial01,independent_ensemble,Independent ensemble,M06-T09,M06-T09-C01,borrowing_cost_and_uncertainty,1,0
M06,M06-B015,1,M06-trial01,independent_ensemble,Independent ensemble,M06-T09,M06-T09-C02,borrowing_cost_and_uncertainty,1,0
M06,M06-B015,1,M06-trial01,independent_ensemble,Independent ensemble,M06-T09,M06-T09-C03,borrowing_cost_and_uncertainty,1,0
M06,M06-B016,2,M06-trial02,critic_debate,Critic debate,M06-T01,M06-T01-C01,baseline_bond_mechanism,1,0
M06,M06-B016,2,M06-trial02,critic_debate,Critic debate,M06-T01,M06-T01-C02,baseline_bond_mechanism,1,0
M06,M06-B016,2,M06-trial02,critic_debate,Critic debate,M06-T01,M06-T01-C03,baseline_bond_mechanism,1,0
M06,M06-B016,2,M06-trial02,critic_debate,Critic debate,M06-T01,M06-T01-C04,baseline_bond_mechanism,1,0
M06,M06-B016,2,M06-trial02,critic_debate,Critic debate,M06-T02,M06-T02-C01,policy_change,1,0
M06,M06-B016,2,M06-trial02,critic_debate,Critic debate,M06-T02,M06-T02-C02,policy_change,1,0
M06,M06-B016,2,M06-trial02,critic_debate,Critic debate,M06-T02,M06-T02-C03,policy_change,1,0
M06,M06-B016,2,M06-trial02,critic_debate,Critic debate,M06-T03,M06-T03-C01,eligible_housing_uses,1,0
M06,M06-B016,2,M06-trial02,critic_debate,Critic debate,M06-T03,M06-T03-C02,eligible_housing_uses,1,0
M06,M06-B016,2,M06-trial02,critic_debate,Critic debate,M06-T03,M06-T03-C03,eligible_housing_uses,1,0
M06,M06-B016,2,M06-trial02,critic_debate,Critic debate,M06-T04,M06-T04-C01,eligible_infrastructure_uses,1,0
M06,M06-B016,2,M06-trial02,critic_debate,Critic debate,M06-T04,M06-T04-C02,eligible_infrastructure_uses,1,0
M06,M06-B016,2,M06-trial02,critic_debate,Critic debate,M06-T05,M06-T05-C01,property_tax_authority,1,0
M06,M06-B016,2,M06-trial02,critic_debate,Critic debate,M06-T05,M06-T05-C02,property_tax_authority,1,0
M06,M06-B016,2,M06-trial02,critic_debate,Critic debate,M06-T05,M06-T05-C03,property_tax_authority,1,0
M06,M06-B016,2,M06-trial02,critic_debate,Critic debate,M06-T06,M06-T06-C01,accountability,1,0
M06,M06-B016,2,M06-trial02,critic_debate,Critic debate,M06-T06,M06-T06-C02,accountability,1,0
M06,M06-B016,2,M06-trial02,critic_debate,Critic debate,M06-T06,M06-T06-C03,accountability,1,0
M06,M06-B016,2,M06-trial02,critic_debate,Critic debate,M06-T07,M06-T07-C01,passage_effect,1,0
M06,M06-B016,2,M06-trial02,critic_debate,Critic debate,M06-T07,M06-T07-C02,passage_effect,1,0
M06,M06-B016,2,M06-trial02,critic_debate,Critic debate,M06-T07,M06-T07-C03,passage_effect,1,0
M06,M06-B016,2,M06-trial02,critic_debate,Critic debate,M06-T07,M06-T07-C04,passage_effect,1,0
M06,M06-B016,2,M06-trial02,critic_debate,Critic debate,M06-T08,M06-T08-C01,local_funding_effect,1,0
M06,M06-B016,2,M06-trial02,critic_debate,Critic debate,M06-T08,M06-T08-C02,local_funding_effect,1,0
M06,M06-B016,2,M06-trial02,critic_debate,Critic debate,M06-T08,M06-T08-C03,local_funding_effect,1,0
M06,M06-B016,2,M06-trial02,critic_debate,Critic debate,M06-T08,M06-T08-C04,local_funding_effect,1,0
M06,M06-B016,2,M06-trial02,critic_debate,Critic debate,M06-T09,M06-T09-C01,borrowing_cost_and_uncertainty,1,0
M06,M06-B016,2,M06-trial02,critic_debate,Critic debate,M06-T09,M06-T09-C02,borrowing_cost_and_uncertainty,1,0
M06,M06-B016,2,M06-trial02,critic_debate,Critic debate,M06-T09,M06-T09-C03,borrowing_cost_and_uncertainty,1,0
M07,M07-B001,1,M07-trial01,normal_debate,Normal debate,M07-T01,M07-T01-C01,legal_baseline,1,0
M07,M07-B001,1,M07-trial01,normal_debate,Normal debate,M07-T01,M07-T01-C02,legal_baseline,1,0
M07,M07-B001,1,M07-trial01,normal_debate,Normal debate,M07-T02,M07-T02-C01,work_rules_baseline,1,0
M07,M07-B001,1,M07-trial01,normal_debate,Normal debate,M07-T02,M07-T02-C02,work_rules_baseline,1,0
M07,M07-B001,1,M07-trial01,normal_debate,Normal debate,M07-T02,M07-T02-C03,work_rules_baseline,1,0
M07,M07-B001,1,M07-trial01,normal_debate,Normal debate,M07-T03,M07-T03-C01,work_context,1,0
M07,M07-B001,1,M07-trial01,normal_debate,Normal debate,M07-T03,M07-T03-C02,work_context,1,0
M07,M07-B001,1,M07-trial01,normal_debate,Normal debate,M07-T03,M07-T03-C03,work_context,1,0
M07,M07-B001,1,M07-trial01,normal_debate,Normal debate,M07-T04,M07-T04-C01,constitutional_change,1,0
M07,M07-B001,1,M07-trial01,normal_debate,Normal debate,M07-T04,M07-T04-C02,constitutional_change,1,0
M07,M07-B001,1,M07-trial01,normal_debate,Normal debate,M07-T05,M07-T05-C01,work_refusal_and_credits,1,0
M07,M07-B001,1,M07-trial01,normal_debate,Normal debate,M07-T05,M07-T05-C02,work_refusal_and_credits,1,0
M07,M07-B001,1,M07-trial01,normal_debate,Normal debate,M07-T05,M07-T05-C03,work_refusal_and_credits,1,0
M07,M07-B001,1,M07-trial01,normal_debate,Normal debate,M07-T06,M07-T06-C01,fiscal_uncertainty,1,0
M07,M07-B001,1,M07-trial01,normal_debate,Normal debate,M07-T06,M07-T06-C02,fiscal_uncertainty,1,0
M07,M07-B001,1,M07-trial01,normal_debate,Normal debate,M07-T06,M07-T06-C03,fiscal_uncertainty,1,0
M07,M07-B001,1,M07-trial01,normal_debate,Normal debate,M07-T07,M07-T07-C01,fiscal_mechanisms,1,0
M07,M07-B001,1,M07-trial01,normal_debate,Normal debate,M07-T07,M07-T07-C02,fiscal_mechanisms,1,0
M07,M07-B001,1,M07-trial01,normal_debate,Normal debate,M07-T07,M07-T07-C03,fiscal_mechanisms,1,0
M07,M07-B001,1,M07-trial01,normal_debate,Normal debate,M07-T07,M07-T07-C04,fiscal_mechanisms,1,0
M07,M07-B001,1,M07-trial01,normal_debate,Normal debate,M07-T08,M07-T08-C01,fiscal_magnitude,1,0
M07,M07-B001,1,M07-trial01,normal_debate,Normal debate,M07-T08,M07-T08-C02,fiscal_magnitude,1,0
M07,M07-B002,4,M07-trial04,independent_ensemble,Independent ensemble,M07-T01,M07-T01-C01,legal_baseline,1,0
M07,M07-B002,4,M07-trial04,independent_ensemble,Independent ensemble,M07-T01,M07-T01-C02,legal_baseline,1,0
M07,M07-B002,4,M07-trial04,independent_ensemble,Independent ensemble,M07-T02,M07-T02-C01,work_rules_baseline,1,0
M07,M07-B002,4,M07-trial04,independent_ensemble,Independent ensemble,M07-T02,M07-T02-C02,work_rules_baseline,1,0
M07,M07-B002,4,M07-trial04,independent_ensemble,Independent ensemble,M07-T02,M07-T02-C03,work_rules_baseline,1,0
M07,M07-B002,4,M07-trial04,independent_ensemble,Independent ensemble,M07-T03,M07-T03-C01,work_context,1,0
M07,M07-B002,4,M07-trial04,independent_ensemble,Independent ensemble,M07-T03,M07-T03-C02,work_context,1,0
M07,M07-B002,4,M07-trial04,independent_ensemble,Independent ensemble,M07-T03,M07-T03-C03,work_context,1,0
M07,M07-B002,4,M07-trial04,independent_ensemble,Independent ensemble,M07-T04,M07-T04-C01,constitutional_change,1,0
M07,M07-B002,4,M07-trial04,independent_ensemble,Independent ensemble,M07-T04,M07-T04-C02,constitutional_change,1,0
M07,M07-B002,4,M07-trial04,independent_ensemble,Independent ensemble,M07-T05,M07-T05-C01,work_refusal_and_credits,1,0
M07,M07-B002,4,M07-trial04,independent_ensemble,Independent ensemble,M07-T05,M07-T05-C02,work_refusal_and_credits,1,0
M07,M07-B002,4,M07-trial04,independent_ensemble,Independent ensemble,M07-T05,M07-T05-C03,work_refusal_and_credits,1,0
M07,M07-B002,4,M07-trial04,independent_ensemble,Independent ensemble,M07-T06,M07-T06-C01,fiscal_uncertainty,1,0
M07,M07-B002,4,M07-trial04,independent_ensemble,Independent ensemble,M07-T06,M07-T06-C02,fiscal_uncertainty,1,0
M07,M07-B002,4,M07-trial04,independent_ensemble,Independent ensemble,M07-T06,M07-T06-C03,fiscal_uncertainty,1,0
M07,M07-B002,4,M07-trial04,independent_ensemble,Independent ensemble,M07-T07,M07-T07-C01,fiscal_mechanisms,1,0
M07,M07-B002,4,M07-trial04,independent_ensemble,Independent ensemble,M07-T07,M07-T07-C02,fiscal_mechanisms,1,0
M07,M07-B002,4,M07-trial04,independent_ensemble,Independent ensemble,M07-T07,M07-T07-C03,fiscal_mechanisms,1,0
M07,M07-B002,4,M07-trial04,independent_ensemble,Independent ensemble,M07-T07,M07-T07-C04,fiscal_mechanisms,1,0
M07,M07-B002,4,M07-trial04,independent_ensemble,Independent ensemble,M07-T08,M07-T08-C01,fiscal_magnitude,1,0
M07,M07-B002,4,M07-trial04,independent_ensemble,Independent ensemble,M07-T08,M07-T08-C02,fiscal_magnitude,1,0
M07,M07-B003,3,M07-trial03,critic_debate,Critic debate,M07-T01,M07-T01-C01,legal_baseline,1,0
M07,M07-B003,3,M07-trial03,critic_debate,Critic debate,M07-T01,M07-T01-C02,legal_baseline,1,0
M07,M07-B003,3,M07-trial03,critic_debate,Critic debate,M07-T02,M07-T02-C01,work_rules_baseline,1,0
M07,M07-B003,3,M07-trial03,critic_debate,Critic debate,M07-T02,M07-T02-C02,work_rules_baseline,1,0
M07,M07-B003,3,M07-trial03,critic_debate,Critic debate,M07-T02,M07-T02-C03,work_rules_baseline,1,0
M07,M07-B003,3,M07-trial03,critic_debate,Critic debate,M07-T03,M07-T03-C01,work_context,1,0
M07,M07-B003,3,M07-trial03,critic_debate,Critic debate,M07-T03,M07-T03-C02,work_context,1,0
M07,M07-B003,3,M07-trial03,critic_debate,Critic debate,M07-T03,M07-T03-C03,work_context,1,0
M07,M07-B003,3,M07-trial03,critic_debate,Critic debate,M07-T04,M07-T04-C01,constitutional_change,1,0
M07,M07-B003,3,M07-trial03,critic_debate,Critic debate,M07-T04,M07-T04-C02,constitutional_change,1,0
M07,M07-B003,3,M07-trial03,critic_debate,Critic debate,M07-T05,M07-T05-C01,work_refusal_and_credits,1,0
M07,M07-B003,3,M07-trial03,critic_debate,Critic debate,M07-T05,M07-T05-C02,work_refusal_and_credits,1,0
M07,M07-B003,3,M07-trial03,critic_debate,Critic debate,M07-T05,M07-T05-C03,work_refusal_and_credits,1,0
M07,M07-B003,3,M07-trial03,critic_debate,Critic debate,M07-T06,M07-T06-C01,fiscal_uncertainty,1,0
M07,M07-B003,3,M07-trial03,critic_debate,Critic debate,M07-T06,M07-T06-C02,fiscal_uncertainty,1,0
M07,M07-B003,3,M07-trial03,critic_debate,Critic debate,M07-T06,M07-T06-C03,fiscal_uncertainty,1,0
M07,M07-B003,3,M07-trial03,critic_debate,Critic debate,M07-T07,M07-T07-C01,fiscal_mechanisms,1,0
M07,M07-B003,3,M07-trial03,critic_debate,Critic debate,M07-T07,M07-T07-C02,fiscal_mechanisms,1,0
M07,M07-B003,3,M07-trial03,critic_debate,Critic debate,M07-T07,M07-T07-C03,fiscal_mechanisms,1,0
M07,M07-B003,3,M07-trial03,critic_debate,Critic debate,M07-T07,M07-T07-C04,fiscal_mechanisms,1,0
M07,M07-B003,3,M07-trial03,critic_debate,Critic debate,M07-T08,M07-T08-C01,fiscal_magnitude,1,0
M07,M07-B003,3,M07-trial03,critic_debate,Critic debate,M07-T08,M07-T08-C02,fiscal_magnitude,1,0
M07,M07-B004,4,M07-trial04,critic_debate,Critic debate,M07-T01,M07-T01-C01,legal_baseline,1,0
M07,M07-B004,4,M07-trial04,critic_debate,Critic debate,M07-T01,M07-T01-C02,legal_baseline,1,0
M07,M07-B004,4,M07-trial04,critic_debate,Critic debate,M07-T02,M07-T02-C01,work_rules_baseline,1,0
M07,M07-B004,4,M07-trial04,critic_debate,Critic debate,M07-T02,M07-T02-C02,work_rules_baseline,1,0
M07,M07-B004,4,M07-trial04,critic_debate,Critic debate,M07-T02,M07-T02-C03,work_rules_baseline,1,0
M07,M07-B004,4,M07-trial04,critic_debate,Critic debate,M07-T03,M07-T03-C01,work_context,1,0
M07,M07-B004,4,M07-trial04,critic_debate,Critic debate,M07-T03,M07-T03-C02,work_context,1,0
M07,M07-B004,4,M07-trial04,critic_debate,Critic debate,M07-T03,M07-T03-C03,work_context,1,0
M07,M07-B004,4,M07-trial04,critic_debate,Critic debate,M07-T04,M07-T04-C01,constitutional_change,1,0
M07,M07-B004,4,M07-trial04,critic_debate,Critic debate,M07-T04,M07-T04-C02,constitutional_change,1,0
M07,M07-B004,4,M07-trial04,critic_debate,Critic debate,M07-T05,M07-T05-C01,work_refusal_and_credits,1,0
M07,M07-B004,4,M07-trial04,critic_debate,Critic debate,M07-T05,M07-T05-C02,work_refusal_and_credits,1,0
M07,M07-B004,4,M07-trial04,critic_debate,Critic debate,M07-T05,M07-T05-C03,work_refusal_and_credits,1,0
M07,M07-B004,4,M07-trial04,critic_debate,Critic debate,M07-T06,M07-T06-C01,fiscal_uncertainty,1,0
M07,M07-B004,4,M07-trial04,critic_debate,Critic debate,M07-T06,M07-T06-C02,fiscal_uncertainty,1,0
M07,M07-B004,4,M07-trial04,critic_debate,Critic debate,M07-T06,M07-T06-C03,fiscal_uncertainty,1,0
M07,M07-B004,4,M07-trial04,critic_debate,Critic debate,M07-T07,M07-T07-C01,fiscal_mechanisms,1,0
M07,M07-B004,4,M07-trial04,critic_debate,Critic debate,M07-T07,M07-T07-C02,fiscal_mechanisms,1,0
M07,M07-B004,4,M07-trial04,critic_debate,Critic debate,M07-T07,M07-T07-C03,fiscal_mechanisms,1,0
M07,M07-B004,4,M07-trial04,critic_debate,Critic debate,M07-T07,M07-T07-C04,fiscal_mechanisms,1,0
M07,M07-B004,4,M07-trial04,critic_debate,Critic debate,M07-T08,M07-T08-C01,fiscal_magnitude,1,0
M07,M07-B004,4,M07-trial04,critic_debate,Critic debate,M07-T08,M07-T08-C02,fiscal_magnitude,1,0
M07,M07-B005,2,M07-trial02,critic_debate,Critic debate,M07-T01,M07-T01-C01,legal_baseline,1,0
M07,M07-B005,2,M07-trial02,critic_debate,Critic debate,M07-T01,M07-T01-C02,legal_baseline,1,0
M07,M07-B005,2,M07-trial02,critic_debate,Critic debate,M07-T02,M07-T02-C01,work_rules_baseline,1,0
M07,M07-B005,2,M07-trial02,critic_debate,Critic debate,M07-T02,M07-T02-C02,work_rules_baseline,1,0
M07,M07-B005,2,M07-trial02,critic_debate,Critic debate,M07-T02,M07-T02-C03,work_rules_baseline,1,0
M07,M07-B005,2,M07-trial02,critic_debate,Critic debate,M07-T03,M07-T03-C01,work_context,1,0
M07,M07-B005,2,M07-trial02,critic_debate,Critic debate,M07-T03,M07-T03-C02,work_context,1,0
M07,M07-B005,2,M07-trial02,critic_debate,Critic debate,M07-T03,M07-T03-C03,work_context,1,0
M07,M07-B005,2,M07-trial02,critic_debate,Critic debate,M07-T04,M07-T04-C01,constitutional_change,1,0
M07,M07-B005,2,M07-trial02,critic_debate,Critic debate,M07-T04,M07-T04-C02,constitutional_change,1,0
M07,M07-B005,2,M07-trial02,critic_debate,Critic debate,M07-T05,M07-T05-C01,work_refusal_and_credits,1,0
M07,M07-B005,2,M07-trial02,critic_debate,Critic debate,M07-T05,M07-T05-C02,work_refusal_and_credits,1,0
M07,M07-B005,2,M07-trial02,critic_debate,Critic debate,M07-T05,M07-T05-C03,work_refusal_and_credits,1,0
M07,M07-B005,2,M07-trial02,critic_debate,Critic debate,M07-T06,M07-T06-C01,fiscal_uncertainty,1,0
M07,M07-B005,2,M07-trial02,critic_debate,Critic debate,M07-T06,M07-T06-C02,fiscal_uncertainty,1,0
M07,M07-B005,2,M07-trial02,critic_debate,Critic debate,M07-T06,M07-T06-C03,fiscal_uncertainty,1,0
M07,M07-B005,2,M07-trial02,critic_debate,Critic debate,M07-T07,M07-T07-C01,fiscal_mechanisms,1,0
M07,M07-B005,2,M07-trial02,critic_debate,Critic debate,M07-T07,M07-T07-C02,fiscal_mechanisms,1,0
M07,M07-B005,2,M07-trial02,critic_debate,Critic debate,M07-T07,M07-T07-C03,fiscal_mechanisms,1,0
M07,M07-B005,2,M07-trial02,critic_debate,Critic debate,M07-T07,M07-T07-C04,fiscal_mechanisms,1,0
M07,M07-B005,2,M07-trial02,critic_debate,Critic debate,M07-T08,M07-T08-C01,fiscal_magnitude,1,0
M07,M07-B005,2,M07-trial02,critic_debate,Critic debate,M07-T08,M07-T08-C02,fiscal_magnitude,1,0
M07,M07-B006,2,M07-trial02,independent_ensemble,Independent ensemble,M07-T01,M07-T01-C01,legal_baseline,1,0
M07,M07-B006,2,M07-trial02,independent_ensemble,Independent ensemble,M07-T01,M07-T01-C02,legal_baseline,1,0
M07,M07-B006,2,M07-trial02,independent_ensemble,Independent ensemble,M07-T02,M07-T02-C01,work_rules_baseline,1,0
M07,M07-B006,2,M07-trial02,independent_ensemble,Independent ensemble,M07-T02,M07-T02-C02,work_rules_baseline,1,0
M07,M07-B006,2,M07-trial02,independent_ensemble,Independent ensemble,M07-T02,M07-T02-C03,work_rules_baseline,1,0
M07,M07-B006,2,M07-trial02,independent_ensemble,Independent ensemble,M07-T03,M07-T03-C01,work_context,1,0
M07,M07-B006,2,M07-trial02,independent_ensemble,Independent ensemble,M07-T03,M07-T03-C02,work_context,1,0
M07,M07-B006,2,M07-trial02,independent_ensemble,Independent ensemble,M07-T03,M07-T03-C03,work_context,1,0
M07,M07-B006,2,M07-trial02,independent_ensemble,Independent ensemble,M07-T04,M07-T04-C01,constitutional_change,1,0
M07,M07-B006,2,M07-trial02,independent_ensemble,Independent ensemble,M07-T04,M07-T04-C02,constitutional_change,1,0
M07,M07-B006,2,M07-trial02,independent_ensemble,Independent ensemble,M07-T05,M07-T05-C01,work_refusal_and_credits,1,0
M07,M07-B006,2,M07-trial02,independent_ensemble,Independent ensemble,M07-T05,M07-T05-C02,work_refusal_and_credits,1,0
M07,M07-B006,2,M07-trial02,independent_ensemble,Independent ensemble,M07-T05,M07-T05-C03,work_refusal_and_credits,1,0
M07,M07-B006,2,M07-trial02,independent_ensemble,Independent ensemble,M07-T06,M07-T06-C01,fiscal_uncertainty,1,0
M07,M07-B006,2,M07-trial02,independent_ensemble,Independent ensemble,M07-T06,M07-T06-C02,fiscal_uncertainty,1,0
M07,M07-B006,2,M07-trial02,independent_ensemble,Independent ensemble,M07-T06,M07-T06-C03,fiscal_uncertainty,1,0
M07,M07-B006,2,M07-trial02,independent_ensemble,Independent ensemble,M07-T07,M07-T07-C01,fiscal_mechanisms,1,0
M07,M07-B006,2,M07-trial02,independent_ensemble,Independent ensemble,M07-T07,M07-T07-C02,fiscal_mechanisms,1,0
M07,M07-B006,2,M07-trial02,independent_ensemble,Independent ensemble,M07-T07,M07-T07-C03,fiscal_mechanisms,1,0
M07,M07-B006,2,M07-trial02,independent_ensemble,Independent ensemble,M07-T07,M07-T07-C04,fiscal_mechanisms,1,0
M07,M07-B006,2,M07-trial02,independent_ensemble,Independent ensemble,M07-T08,M07-T08-C01,fiscal_magnitude,1,0
M07,M07-B006,2,M07-trial02,independent_ensemble,Independent ensemble,M07-T08,M07-T08-C02,fiscal_magnitude,1,0
M07,M07-B007,1,M07-trial01,single_agent,Single agent,M07-T01,M07-T01-C01,legal_baseline,1,0
M07,M07-B007,1,M07-trial01,single_agent,Single agent,M07-T01,M07-T01-C02,legal_baseline,1,0
M07,M07-B007,1,M07-trial01,single_agent,Single agent,M07-T02,M07-T02-C01,work_rules_baseline,1,0
M07,M07-B007,1,M07-trial01,single_agent,Single agent,M07-T02,M07-T02-C02,work_rules_baseline,1,0
M07,M07-B007,1,M07-trial01,single_agent,Single agent,M07-T02,M07-T02-C03,work_rules_baseline,1,0
M07,M07-B007,1,M07-trial01,single_agent,Single agent,M07-T03,M07-T03-C01,work_context,1,0
M07,M07-B007,1,M07-trial01,single_agent,Single agent,M07-T03,M07-T03-C02,work_context,1,0
M07,M07-B007,1,M07-trial01,single_agent,Single agent,M07-T03,M07-T03-C03,work_context,1,0
M07,M07-B007,1,M07-trial01,single_agent,Single agent,M07-T04,M07-T04-C01,constitutional_change,1,0
M07,M07-B007,1,M07-trial01,single_agent,Single agent,M07-T04,M07-T04-C02,constitutional_change,1,0
M07,M07-B007,1,M07-trial01,single_agent,Single agent,M07-T05,M07-T05-C01,work_refusal_and_credits,1,0
M07,M07-B007,1,M07-trial01,single_agent,Single agent,M07-T05,M07-T05-C02,work_refusal_and_credits,1,0
M07,M07-B007,1,M07-trial01,single_agent,Single agent,M07-T05,M07-T05-C03,work_refusal_and_credits,1,0
M07,M07-B007,1,M07-trial01,single_agent,Single agent,M07-T06,M07-T06-C01,fiscal_uncertainty,1,0
M07,M07-B007,1,M07-trial01,single_agent,Single agent,M07-T06,M07-T06-C02,fiscal_uncertainty,1,0
M07,M07-B007,1,M07-trial01,single_agent,Single agent,M07-T06,M07-T06-C03,fiscal_uncertainty,1,0
M07,M07-B007,1,M07-trial01,single_agent,Single agent,M07-T07,M07-T07-C01,fiscal_mechanisms,1,0
M07,M07-B007,1,M07-trial01,single_agent,Single agent,M07-T07,M07-T07-C02,fiscal_mechanisms,1,0
M07,M07-B007,1,M07-trial01,single_agent,Single agent,M07-T07,M07-T07-C03,fiscal_mechanisms,1,0
M07,M07-B007,1,M07-trial01,single_agent,Single agent,M07-T07,M07-T07-C04,fiscal_mechanisms,1,0
M07,M07-B007,1,M07-trial01,single_agent,Single agent,M07-T08,M07-T08-C01,fiscal_magnitude,1,0
M07,M07-B007,1,M07-trial01,single_agent,Single agent,M07-T08,M07-T08-C02,fiscal_magnitude,1,0
M07,M07-B008,1,M07-trial01,independent_ensemble,Independent ensemble,M07-T01,M07-T01-C01,legal_baseline,1,0
M07,M07-B008,1,M07-trial01,independent_ensemble,Independent ensemble,M07-T01,M07-T01-C02,legal_baseline,1,0
M07,M07-B008,1,M07-trial01,independent_ensemble,Independent ensemble,M07-T02,M07-T02-C01,work_rules_baseline,1,0
M07,M07-B008,1,M07-trial01,independent_ensemble,Independent ensemble,M07-T02,M07-T02-C02,work_rules_baseline,1,0
M07,M07-B008,1,M07-trial01,independent_ensemble,Independent ensemble,M07-T02,M07-T02-C03,work_rules_baseline,1,0
M07,M07-B008,1,M07-trial01,independent_ensemble,Independent ensemble,M07-T03,M07-T03-C01,work_context,1,0
M07,M07-B008,1,M07-trial01,independent_ensemble,Independent ensemble,M07-T03,M07-T03-C02,work_context,1,0
M07,M07-B008,1,M07-trial01,independent_ensemble,Independent ensemble,M07-T03,M07-T03-C03,work_context,1,0
M07,M07-B008,1,M07-trial01,independent_ensemble,Independent ensemble,M07-T04,M07-T04-C01,constitutional_change,1,0
M07,M07-B008,1,M07-trial01,independent_ensemble,Independent ensemble,M07-T04,M07-T04-C02,constitutional_change,1,0
M07,M07-B008,1,M07-trial01,independent_ensemble,Independent ensemble,M07-T05,M07-T05-C01,work_refusal_and_credits,1,0
M07,M07-B008,1,M07-trial01,independent_ensemble,Independent ensemble,M07-T05,M07-T05-C02,work_refusal_and_credits,1,0
M07,M07-B008,1,M07-trial01,independent_ensemble,Independent ensemble,M07-T05,M07-T05-C03,work_refusal_and_credits,1,0
M07,M07-B008,1,M07-trial01,independent_ensemble,Independent ensemble,M07-T06,M07-T06-C01,fiscal_uncertainty,1,0
M07,M07-B008,1,M07-trial01,independent_ensemble,Independent ensemble,M07-T06,M07-T06-C02,fiscal_uncertainty,1,0
M07,M07-B008,1,M07-trial01,independent_ensemble,Independent ensemble,M07-T06,M07-T06-C03,fiscal_uncertainty,1,0
M07,M07-B008,1,M07-trial01,independent_ensemble,Independent ensemble,M07-T07,M07-T07-C01,fiscal_mechanisms,1,0
M07,M07-B008,1,M07-trial01,independent_ensemble,Independent ensemble,M07-T07,M07-T07-C02,fiscal_mechanisms,1,0
M07,M07-B008,1,M07-trial01,independent_ensemble,Independent ensemble,M07-T07,M07-T07-C03,fiscal_mechanisms,1,0
M07,M07-B008,1,M07-trial01,independent_ensemble,Independent ensemble,M07-T07,M07-T07-C04,fiscal_mechanisms,1,0
M07,M07-B008,1,M07-trial01,independent_ensemble,Independent ensemble,M07-T08,M07-T08-C01,fiscal_magnitude,1,0
M07,M07-B008,1,M07-trial01,independent_ensemble,Independent ensemble,M07-T08,M07-T08-C02,fiscal_magnitude,1,0
M07,M07-B009,2,M07-trial02,normal_debate,Normal debate,M07-T01,M07-T01-C01,legal_baseline,1,0
M07,M07-B009,2,M07-trial02,normal_debate,Normal debate,M07-T01,M07-T01-C02,legal_baseline,1,0
M07,M07-B009,2,M07-trial02,normal_debate,Normal debate,M07-T02,M07-T02-C01,work_rules_baseline,1,0
M07,M07-B009,2,M07-trial02,normal_debate,Normal debate,M07-T02,M07-T02-C02,work_rules_baseline,1,0
M07,M07-B009,2,M07-trial02,normal_debate,Normal debate,M07-T02,M07-T02-C03,work_rules_baseline,1,0
M07,M07-B009,2,M07-trial02,normal_debate,Normal debate,M07-T03,M07-T03-C01,work_context,1,0
M07,M07-B009,2,M07-trial02,normal_debate,Normal debate,M07-T03,M07-T03-C02,work_context,1,0
M07,M07-B009,2,M07-trial02,normal_debate,Normal debate,M07-T03,M07-T03-C03,work_context,1,0
M07,M07-B009,2,M07-trial02,normal_debate,Normal debate,M07-T04,M07-T04-C01,constitutional_change,1,0
M07,M07-B009,2,M07-trial02,normal_debate,Normal debate,M07-T04,M07-T04-C02,constitutional_change,1,0
M07,M07-B009,2,M07-trial02,normal_debate,Normal debate,M07-T05,M07-T05-C01,work_refusal_and_credits,1,0
M07,M07-B009,2,M07-trial02,normal_debate,Normal debate,M07-T05,M07-T05-C02,work_refusal_and_credits,1,0
M07,M07-B009,2,M07-trial02,normal_debate,Normal debate,M07-T05,M07-T05-C03,work_refusal_and_credits,1,0
M07,M07-B009,2,M07-trial02,normal_debate,Normal debate,M07-T06,M07-T06-C01,fiscal_uncertainty,1,0
M07,M07-B009,2,M07-trial02,normal_debate,Normal debate,M07-T06,M07-T06-C02,fiscal_uncertainty,1,0
M07,M07-B009,2,M07-trial02,normal_debate,Normal debate,M07-T06,M07-T06-C03,fiscal_uncertainty,1,0
M07,M07-B009,2,M07-trial02,normal_debate,Normal debate,M07-T07,M07-T07-C01,fiscal_mechanisms,0,0
M07,M07-B009,2,M07-trial02,normal_debate,Normal debate,M07-T07,M07-T07-C02,fiscal_mechanisms,1,0
M07,M07-B009,2,M07-trial02,normal_debate,Normal debate,M07-T07,M07-T07-C03,fiscal_mechanisms,1,0
M07,M07-B009,2,M07-trial02,normal_debate,Normal debate,M07-T07,M07-T07-C04,fiscal_mechanisms,1,0
M07,M07-B009,2,M07-trial02,normal_debate,Normal debate,M07-T08,M07-T08-C01,fiscal_magnitude,1,0
M07,M07-B009,2,M07-trial02,normal_debate,Normal debate,M07-T08,M07-T08-C02,fiscal_magnitude,1,0
M07,M07-B010,4,M07-trial04,normal_debate,Normal debate,M07-T01,M07-T01-C01,legal_baseline,1,0
M07,M07-B010,4,M07-trial04,normal_debate,Normal debate,M07-T01,M07-T01-C02,legal_baseline,1,0
M07,M07-B010,4,M07-trial04,normal_debate,Normal debate,M07-T02,M07-T02-C01,work_rules_baseline,1,0
M07,M07-B010,4,M07-trial04,normal_debate,Normal debate,M07-T02,M07-T02-C02,work_rules_baseline,1,0
M07,M07-B010,4,M07-trial04,normal_debate,Normal debate,M07-T02,M07-T02-C03,work_rules_baseline,1,0
M07,M07-B010,4,M07-trial04,normal_debate,Normal debate,M07-T03,M07-T03-C01,work_context,1,0
M07,M07-B010,4,M07-trial04,normal_debate,Normal debate,M07-T03,M07-T03-C02,work_context,1,0
M07,M07-B010,4,M07-trial04,normal_debate,Normal debate,M07-T03,M07-T03-C03,work_context,1,0
M07,M07-B010,4,M07-trial04,normal_debate,Normal debate,M07-T04,M07-T04-C01,constitutional_change,1,0
M07,M07-B010,4,M07-trial04,normal_debate,Normal debate,M07-T04,M07-T04-C02,constitutional_change,1,0
M07,M07-B010,4,M07-trial04,normal_debate,Normal debate,M07-T05,M07-T05-C01,work_refusal_and_credits,1,0
M07,M07-B010,4,M07-trial04,normal_debate,Normal debate,M07-T05,M07-T05-C02,work_refusal_and_credits,1,0
M07,M07-B010,4,M07-trial04,normal_debate,Normal debate,M07-T05,M07-T05-C03,work_refusal_and_credits,1,0
M07,M07-B010,4,M07-trial04,normal_debate,Normal debate,M07-T06,M07-T06-C01,fiscal_uncertainty,1,0
M07,M07-B010,4,M07-trial04,normal_debate,Normal debate,M07-T06,M07-T06-C02,fiscal_uncertainty,1,0
M07,M07-B010,4,M07-trial04,normal_debate,Normal debate,M07-T06,M07-T06-C03,fiscal_uncertainty,1,0
M07,M07-B010,4,M07-trial04,normal_debate,Normal debate,M07-T07,M07-T07-C01,fiscal_mechanisms,1,0
M07,M07-B010,4,M07-trial04,normal_debate,Normal debate,M07-T07,M07-T07-C02,fiscal_mechanisms,1,0
M07,M07-B010,4,M07-trial04,normal_debate,Normal debate,M07-T07,M07-T07-C03,fiscal_mechanisms,1,0
M07,M07-B010,4,M07-trial04,normal_debate,Normal debate,M07-T07,M07-T07-C04,fiscal_mechanisms,1,0
M07,M07-B010,4,M07-trial04,normal_debate,Normal debate,M07-T08,M07-T08-C01,fiscal_magnitude,1,0
M07,M07-B010,4,M07-trial04,normal_debate,Normal debate,M07-T08,M07-T08-C02,fiscal_magnitude,1,0
M07,M07-B011,3,M07-trial03,independent_ensemble,Independent ensemble,M07-T01,M07-T01-C01,legal_baseline,1,0
M07,M07-B011,3,M07-trial03,independent_ensemble,Independent ensemble,M07-T01,M07-T01-C02,legal_baseline,1,0
M07,M07-B011,3,M07-trial03,independent_ensemble,Independent ensemble,M07-T02,M07-T02-C01,work_rules_baseline,1,0
M07,M07-B011,3,M07-trial03,independent_ensemble,Independent ensemble,M07-T02,M07-T02-C02,work_rules_baseline,1,0
M07,M07-B011,3,M07-trial03,independent_ensemble,Independent ensemble,M07-T02,M07-T02-C03,work_rules_baseline,1,0
M07,M07-B011,3,M07-trial03,independent_ensemble,Independent ensemble,M07-T03,M07-T03-C01,work_context,1,0
M07,M07-B011,3,M07-trial03,independent_ensemble,Independent ensemble,M07-T03,M07-T03-C02,work_context,1,0
M07,M07-B011,3,M07-trial03,independent_ensemble,Independent ensemble,M07-T03,M07-T03-C03,work_context,1,0
M07,M07-B011,3,M07-trial03,independent_ensemble,Independent ensemble,M07-T04,M07-T04-C01,constitutional_change,1,0
M07,M07-B011,3,M07-trial03,independent_ensemble,Independent ensemble,M07-T04,M07-T04-C02,constitutional_change,1,0
M07,M07-B011,3,M07-trial03,independent_ensemble,Independent ensemble,M07-T05,M07-T05-C01,work_refusal_and_credits,1,0
M07,M07-B011,3,M07-trial03,independent_ensemble,Independent ensemble,M07-T05,M07-T05-C02,work_refusal_and_credits,1,0
M07,M07-B011,3,M07-trial03,independent_ensemble,Independent ensemble,M07-T05,M07-T05-C03,work_refusal_and_credits,1,0
M07,M07-B011,3,M07-trial03,independent_ensemble,Independent ensemble,M07-T06,M07-T06-C01,fiscal_uncertainty,1,0
M07,M07-B011,3,M07-trial03,independent_ensemble,Independent ensemble,M07-T06,M07-T06-C02,fiscal_uncertainty,1,0
M07,M07-B011,3,M07-trial03,independent_ensemble,Independent ensemble,M07-T06,M07-T06-C03,fiscal_uncertainty,1,0
M07,M07-B011,3,M07-trial03,independent_ensemble,Independent ensemble,M07-T07,M07-T07-C01,fiscal_mechanisms,1,0
M07,M07-B011,3,M07-trial03,independent_ensemble,Independent ensemble,M07-T07,M07-T07-C02,fiscal_mechanisms,1,0
M07,M07-B011,3,M07-trial03,independent_ensemble,Independent ensemble,M07-T07,M07-T07-C03,fiscal_mechanisms,1,0
M07,M07-B011,3,M07-trial03,independent_ensemble,Independent ensemble,M07-T07,M07-T07-C04,fiscal_mechanisms,1,0
M07,M07-B011,3,M07-trial03,independent_ensemble,Independent ensemble,M07-T08,M07-T08-C01,fiscal_magnitude,1,0
M07,M07-B011,3,M07-trial03,independent_ensemble,Independent ensemble,M07-T08,M07-T08-C02,fiscal_magnitude,1,0
M07,M07-B012,3,M07-trial03,normal_debate,Normal debate,M07-T01,M07-T01-C01,legal_baseline,1,0
M07,M07-B012,3,M07-trial03,normal_debate,Normal debate,M07-T01,M07-T01-C02,legal_baseline,1,0
M07,M07-B012,3,M07-trial03,normal_debate,Normal debate,M07-T02,M07-T02-C01,work_rules_baseline,1,0
M07,M07-B012,3,M07-trial03,normal_debate,Normal debate,M07-T02,M07-T02-C02,work_rules_baseline,1,0
M07,M07-B012,3,M07-trial03,normal_debate,Normal debate,M07-T02,M07-T02-C03,work_rules_baseline,1,0
M07,M07-B012,3,M07-trial03,normal_debate,Normal debate,M07-T03,M07-T03-C01,work_context,1,0
M07,M07-B012,3,M07-trial03,normal_debate,Normal debate,M07-T03,M07-T03-C02,work_context,1,0
M07,M07-B012,3,M07-trial03,normal_debate,Normal debate,M07-T03,M07-T03-C03,work_context,1,0
M07,M07-B012,3,M07-trial03,normal_debate,Normal debate,M07-T04,M07-T04-C01,constitutional_change,1,0
M07,M07-B012,3,M07-trial03,normal_debate,Normal debate,M07-T04,M07-T04-C02,constitutional_change,1,0
M07,M07-B012,3,M07-trial03,normal_debate,Normal debate,M07-T05,M07-T05-C01,work_refusal_and_credits,1,0
M07,M07-B012,3,M07-trial03,normal_debate,Normal debate,M07-T05,M07-T05-C02,work_refusal_and_credits,1,0
M07,M07-B012,3,M07-trial03,normal_debate,Normal debate,M07-T05,M07-T05-C03,work_refusal_and_credits,1,0
M07,M07-B012,3,M07-trial03,normal_debate,Normal debate,M07-T06,M07-T06-C01,fiscal_uncertainty,1,0
M07,M07-B012,3,M07-trial03,normal_debate,Normal debate,M07-T06,M07-T06-C02,fiscal_uncertainty,1,0
M07,M07-B012,3,M07-trial03,normal_debate,Normal debate,M07-T06,M07-T06-C03,fiscal_uncertainty,1,0
M07,M07-B012,3,M07-trial03,normal_debate,Normal debate,M07-T07,M07-T07-C01,fiscal_mechanisms,1,0
M07,M07-B012,3,M07-trial03,normal_debate,Normal debate,M07-T07,M07-T07-C02,fiscal_mechanisms,1,0
M07,M07-B012,3,M07-trial03,normal_debate,Normal debate,M07-T07,M07-T07-C03,fiscal_mechanisms,1,0
M07,M07-B012,3,M07-trial03,normal_debate,Normal debate,M07-T07,M07-T07-C04,fiscal_mechanisms,1,0
M07,M07-B012,3,M07-trial03,normal_debate,Normal debate,M07-T08,M07-T08-C01,fiscal_magnitude,1,0
M07,M07-B012,3,M07-trial03,normal_debate,Normal debate,M07-T08,M07-T08-C02,fiscal_magnitude,1,0
M07,M07-B013,4,M07-trial04,single_agent,Single agent,M07-T01,M07-T01-C01,legal_baseline,1,0
M07,M07-B013,4,M07-trial04,single_agent,Single agent,M07-T01,M07-T01-C02,legal_baseline,1,0
M07,M07-B013,4,M07-trial04,single_agent,Single agent,M07-T02,M07-T02-C01,work_rules_baseline,1,0
M07,M07-B013,4,M07-trial04,single_agent,Single agent,M07-T02,M07-T02-C02,work_rules_baseline,1,0
M07,M07-B013,4,M07-trial04,single_agent,Single agent,M07-T02,M07-T02-C03,work_rules_baseline,1,0
M07,M07-B013,4,M07-trial04,single_agent,Single agent,M07-T03,M07-T03-C01,work_context,1,0
M07,M07-B013,4,M07-trial04,single_agent,Single agent,M07-T03,M07-T03-C02,work_context,1,0
M07,M07-B013,4,M07-trial04,single_agent,Single agent,M07-T03,M07-T03-C03,work_context,1,0
M07,M07-B013,4,M07-trial04,single_agent,Single agent,M07-T04,M07-T04-C01,constitutional_change,1,0
M07,M07-B013,4,M07-trial04,single_agent,Single agent,M07-T04,M07-T04-C02,constitutional_change,1,0
M07,M07-B013,4,M07-trial04,single_agent,Single agent,M07-T05,M07-T05-C01,work_refusal_and_credits,1,0
M07,M07-B013,4,M07-trial04,single_agent,Single agent,M07-T05,M07-T05-C02,work_refusal_and_credits,1,0
M07,M07-B013,4,M07-trial04,single_agent,Single agent,M07-T05,M07-T05-C03,work_refusal_and_credits,1,0
M07,M07-B013,4,M07-trial04,single_agent,Single agent,M07-T06,M07-T06-C01,fiscal_uncertainty,1,0
M07,M07-B013,4,M07-trial04,single_agent,Single agent,M07-T06,M07-T06-C02,fiscal_uncertainty,1,0
M07,M07-B013,4,M07-trial04,single_agent,Single agent,M07-T06,M07-T06-C03,fiscal_uncertainty,1,0
M07,M07-B013,4,M07-trial04,single_agent,Single agent,M07-T07,M07-T07-C01,fiscal_mechanisms,1,0
M07,M07-B013,4,M07-trial04,single_agent,Single agent,M07-T07,M07-T07-C02,fiscal_mechanisms,1,0
M07,M07-B013,4,M07-trial04,single_agent,Single agent,M07-T07,M07-T07-C03,fiscal_mechanisms,1,0
M07,M07-B013,4,M07-trial04,single_agent,Single agent,M07-T07,M07-T07-C04,fiscal_mechanisms,1,0
M07,M07-B013,4,M07-trial04,single_agent,Single agent,M07-T08,M07-T08-C01,fiscal_magnitude,1,0
M07,M07-B013,4,M07-trial04,single_agent,Single agent,M07-T08,M07-T08-C02,fiscal_magnitude,1,0
M07,M07-B014,3,M07-trial03,single_agent,Single agent,M07-T01,M07-T01-C01,legal_baseline,1,0
M07,M07-B014,3,M07-trial03,single_agent,Single agent,M07-T01,M07-T01-C02,legal_baseline,1,0
M07,M07-B014,3,M07-trial03,single_agent,Single agent,M07-T02,M07-T02-C01,work_rules_baseline,1,0
M07,M07-B014,3,M07-trial03,single_agent,Single agent,M07-T02,M07-T02-C02,work_rules_baseline,1,0
M07,M07-B014,3,M07-trial03,single_agent,Single agent,M07-T02,M07-T02-C03,work_rules_baseline,1,0
M07,M07-B014,3,M07-trial03,single_agent,Single agent,M07-T03,M07-T03-C01,work_context,1,0
M07,M07-B014,3,M07-trial03,single_agent,Single agent,M07-T03,M07-T03-C02,work_context,1,0
M07,M07-B014,3,M07-trial03,single_agent,Single agent,M07-T03,M07-T03-C03,work_context,1,0
M07,M07-B014,3,M07-trial03,single_agent,Single agent,M07-T04,M07-T04-C01,constitutional_change,1,0
M07,M07-B014,3,M07-trial03,single_agent,Single agent,M07-T04,M07-T04-C02,constitutional_change,1,0
M07,M07-B014,3,M07-trial03,single_agent,Single agent,M07-T05,M07-T05-C01,work_refusal_and_credits,1,0
M07,M07-B014,3,M07-trial03,single_agent,Single agent,M07-T05,M07-T05-C02,work_refusal_and_credits,1,0
M07,M07-B014,3,M07-trial03,single_agent,Single agent,M07-T05,M07-T05-C03,work_refusal_and_credits,1,0
M07,M07-B014,3,M07-trial03,single_agent,Single agent,M07-T06,M07-T06-C01,fiscal_uncertainty,1,0
M07,M07-B014,3,M07-trial03,single_agent,Single agent,M07-T06,M07-T06-C02,fiscal_uncertainty,1,0
M07,M07-B014,3,M07-trial03,single_agent,Single agent,M07-T06,M07-T06-C03,fiscal_uncertainty,1,0
M07,M07-B014,3,M07-trial03,single_agent,Single agent,M07-T07,M07-T07-C01,fiscal_mechanisms,1,0
M07,M07-B014,3,M07-trial03,single_agent,Single agent,M07-T07,M07-T07-C02,fiscal_mechanisms,1,0
M07,M07-B014,3,M07-trial03,single_agent,Single agent,M07-T07,M07-T07-C03,fiscal_mechanisms,1,0
M07,M07-B014,3,M07-trial03,single_agent,Single agent,M07-T07,M07-T07-C04,fiscal_mechanisms,1,0
M07,M07-B014,3,M07-trial03,single_agent,Single agent,M07-T08,M07-T08-C01,fiscal_magnitude,1,0
M07,M07-B014,3,M07-trial03,single_agent,Single agent,M07-T08,M07-T08-C02,fiscal_magnitude,1,0
M07,M07-B015,2,M07-trial02,single_agent,Single agent,M07-T01,M07-T01-C01,legal_baseline,1,0
M07,M07-B015,2,M07-trial02,single_agent,Single agent,M07-T01,M07-T01-C02,legal_baseline,1,0
M07,M07-B015,2,M07-trial02,single_agent,Single agent,M07-T02,M07-T02-C01,work_rules_baseline,1,0
M07,M07-B015,2,M07-trial02,single_agent,Single agent,M07-T02,M07-T02-C02,work_rules_baseline,1,0
M07,M07-B015,2,M07-trial02,single_agent,Single agent,M07-T02,M07-T02-C03,work_rules_baseline,1,0
M07,M07-B015,2,M07-trial02,single_agent,Single agent,M07-T03,M07-T03-C01,work_context,1,0
M07,M07-B015,2,M07-trial02,single_agent,Single agent,M07-T03,M07-T03-C02,work_context,1,0
M07,M07-B015,2,M07-trial02,single_agent,Single agent,M07-T03,M07-T03-C03,work_context,1,0
M07,M07-B015,2,M07-trial02,single_agent,Single agent,M07-T04,M07-T04-C01,constitutional_change,1,0
M07,M07-B015,2,M07-trial02,single_agent,Single agent,M07-T04,M07-T04-C02,constitutional_change,1,0
M07,M07-B015,2,M07-trial02,single_agent,Single agent,M07-T05,M07-T05-C01,work_refusal_and_credits,1,0
M07,M07-B015,2,M07-trial02,single_agent,Single agent,M07-T05,M07-T05-C02,work_refusal_and_credits,1,0
M07,M07-B015,2,M07-trial02,single_agent,Single agent,M07-T05,M07-T05-C03,work_refusal_and_credits,1,0
M07,M07-B015,2,M07-trial02,single_agent,Single agent,M07-T06,M07-T06-C01,fiscal_uncertainty,1,0
M07,M07-B015,2,M07-trial02,single_agent,Single agent,M07-T06,M07-T06-C02,fiscal_uncertainty,1,0
M07,M07-B015,2,M07-trial02,single_agent,Single agent,M07-T06,M07-T06-C03,fiscal_uncertainty,1,0
M07,M07-B015,2,M07-trial02,single_agent,Single agent,M07-T07,M07-T07-C01,fiscal_mechanisms,1,0
M07,M07-B015,2,M07-trial02,single_agent,Single agent,M07-T07,M07-T07-C02,fiscal_mechanisms,1,0
M07,M07-B015,2,M07-trial02,single_agent,Single agent,M07-T07,M07-T07-C03,fiscal_mechanisms,1,0
M07,M07-B015,2,M07-trial02,single_agent,Single agent,M07-T07,M07-T07-C04,fiscal_mechanisms,1,0
M07,M07-B015,2,M07-trial02,single_agent,Single agent,M07-T08,M07-T08-C01,fiscal_magnitude,1,0
M07,M07-B015,2,M07-trial02,single_agent,Single agent,M07-T08,M07-T08-C02,fiscal_magnitude,1,0
M07,M07-B016,1,M07-trial01,critic_debate,Critic debate,M07-T01,M07-T01-C01,legal_baseline,1,0
M07,M07-B016,1,M07-trial01,critic_debate,Critic debate,M07-T01,M07-T01-C02,legal_baseline,1,0
M07,M07-B016,1,M07-trial01,critic_debate,Critic debate,M07-T02,M07-T02-C01,work_rules_baseline,1,0
M07,M07-B016,1,M07-trial01,critic_debate,Critic debate,M07-T02,M07-T02-C02,work_rules_baseline,1,0
M07,M07-B016,1,M07-trial01,critic_debate,Critic debate,M07-T02,M07-T02-C03,work_rules_baseline,1,0
M07,M07-B016,1,M07-trial01,critic_debate,Critic debate,M07-T03,M07-T03-C01,work_context,1,0
M07,M07-B016,1,M07-trial01,critic_debate,Critic debate,M07-T03,M07-T03-C02,work_context,1,0
M07,M07-B016,1,M07-trial01,critic_debate,Critic debate,M07-T03,M07-T03-C03,work_context,1,0
M07,M07-B016,1,M07-trial01,critic_debate,Critic debate,M07-T04,M07-T04-C01,constitutional_change,1,0
M07,M07-B016,1,M07-trial01,critic_debate,Critic debate,M07-T04,M07-T04-C02,constitutional_change,1,0
M07,M07-B016,1,M07-trial01,critic_debate,Critic debate,M07-T05,M07-T05-C01,work_refusal_and_credits,1,0
M07,M07-B016,1,M07-trial01,critic_debate,Critic debate,M07-T05,M07-T05-C02,work_refusal_and_credits,1,0
M07,M07-B016,1,M07-trial01,critic_debate,Critic debate,M07-T05,M07-T05-C03,work_refusal_and_credits,1,0
M07,M07-B016,1,M07-trial01,critic_debate,Critic debate,M07-T06,M07-T06-C01,fiscal_uncertainty,1,0
M07,M07-B016,1,M07-trial01,critic_debate,Critic debate,M07-T06,M07-T06-C02,fiscal_uncertainty,1,0
M07,M07-B016,1,M07-trial01,critic_debate,Critic debate,M07-T06,M07-T06-C03,fiscal_uncertainty,1,0
M07,M07-B016,1,M07-trial01,critic_debate,Critic debate,M07-T07,M07-T07-C01,fiscal_mechanisms,1,0
M07,M07-B016,1,M07-trial01,critic_debate,Critic debate,M07-T07,M07-T07-C02,fiscal_mechanisms,1,0
M07,M07-B016,1,M07-trial01,critic_debate,Critic debate,M07-T07,M07-T07-C03,fiscal_mechanisms,1,0
M07,M07-B016,1,M07-trial01,critic_debate,Critic debate,M07-T07,M07-T07-C04,fiscal_mechanisms,1,0
M07,M07-B016,1,M07-trial01,critic_debate,Critic debate,M07-T08,M07-T08-C01,fiscal_magnitude,1,0
M07,M07-B016,1,M07-trial01,critic_debate,Critic debate,M07-T08,M07-T08-C02,fiscal_magnitude,1,0
M08,M08-B001,4,M08-trial04,critic_debate,Critic debate,M08-T01,M08-T01-C01,legal_baseline,1,0
M08,M08-B001,4,M08-trial04,critic_debate,Critic debate,M08-T01,M08-T01-C02,legal_baseline,1,0
M08,M08-B001,4,M08-trial04,critic_debate,Critic debate,M08-T01,M08-T01-C03,legal_baseline,1,0
M08,M08-B001,4,M08-trial04,critic_debate,Critic debate,M08-T02,M08-T02-C01,wage_schedule_2025,1,0
M08,M08-B001,4,M08-trial04,critic_debate,Critic debate,M08-T02,M08-T02-C02,wage_schedule_2025,1,0
M08,M08-B001,4,M08-trial04,critic_debate,Critic debate,M08-T02,M08-T02-C03,wage_schedule_2025,1,0
M08,M08-B001,4,M08-trial04,critic_debate,Critic debate,M08-T02,M08-T02-C04,wage_schedule_2025,1,0
M08,M08-B001,4,M08-trial04,critic_debate,Critic debate,M08-T03,M08-T03-C01,wage_schedule_2026,1,0
M08,M08-B001,4,M08-trial04,critic_debate,Critic debate,M08-T03,M08-T03-C02,wage_schedule_2026,1,0
M08,M08-B001,4,M08-trial04,critic_debate,Critic debate,M08-T03,M08-T03-C03,wage_schedule_2026,1,0
M08,M08-B001,4,M08-trial04,critic_debate,Critic debate,M08-T04,M08-T04-C01,scope_limit,1,0
M08,M08-B001,4,M08-trial04,critic_debate,Critic debate,M08-T04,M08-T04-C02,scope_limit,1,0
M08,M08-B001,4,M08-trial04,critic_debate,Critic debate,M08-T05,M08-T05-C01,worker_effect,1,0
M08,M08-B001,4,M08-trial04,critic_debate,Critic debate,M08-T05,M08-T05-C02,worker_effect,1,0
M08,M08-B001,4,M08-trial04,critic_debate,Critic debate,M08-T06,M08-T06-C01,business_price_profit_effect,1,0
M08,M08-B001,4,M08-trial04,critic_debate,Critic debate,M08-T06,M08-T06-C02,business_price_profit_effect,1,0
M08,M08-B001,4,M08-trial04,critic_debate,Critic debate,M08-T06,M08-T06-C03,business_price_profit_effect,1,0
M08,M08-B001,4,M08-trial04,critic_debate,Critic debate,M08-T07,M08-T07-C01,employment_uncertainty,1,0
M08,M08-B001,4,M08-trial04,critic_debate,Critic debate,M08-T07,M08-T07-C02,employment_uncertainty,1,0
M08,M08-B001,4,M08-trial04,critic_debate,Critic debate,M08-T08,M08-T08-C01,government_cost_effect,1,0
M08,M08-B001,4,M08-trial04,critic_debate,Critic debate,M08-T08,M08-T08-C02,government_cost_effect,0,1
M08,M08-B001,4,M08-trial04,critic_debate,Critic debate,M08-T08,M08-T08-C03,government_cost_effect,1,1
M08,M08-B001,4,M08-trial04,critic_debate,Critic debate,M08-T08,M08-T08-C04,government_cost_effect,1,0
M08,M08-B001,4,M08-trial04,critic_debate,Critic debate,M08-T08,M08-T08-C05,government_cost_effect,1,0
M08,M08-B001,4,M08-trial04,critic_debate,Critic debate,M08-T09,M08-T09-C01,revenue_effect,1,0
M08,M08-B001,4,M08-trial04,critic_debate,Critic debate,M08-T09,M08-T09-C02,revenue_effect,1,0
M08,M08-B001,4,M08-trial04,critic_debate,Critic debate,M08-T09,M08-T09-C03,revenue_effect,1,0
M08,M08-B001,4,M08-trial04,critic_debate,Critic debate,M08-T09,M08-T09-C04,revenue_effect,1,0
M08,M08-B002,1,M08-trial01,normal_debate,Normal debate,M08-T01,M08-T01-C01,legal_baseline,1,0
M08,M08-B002,1,M08-trial01,normal_debate,Normal debate,M08-T01,M08-T01-C02,legal_baseline,1,0
M08,M08-B002,1,M08-trial01,normal_debate,Normal debate,M08-T01,M08-T01-C03,legal_baseline,1,0
M08,M08-B002,1,M08-trial01,normal_debate,Normal debate,M08-T02,M08-T02-C01,wage_schedule_2025,1,0
M08,M08-B002,1,M08-trial01,normal_debate,Normal debate,M08-T02,M08-T02-C02,wage_schedule_2025,1,0
M08,M08-B002,1,M08-trial01,normal_debate,Normal debate,M08-T02,M08-T02-C03,wage_schedule_2025,1,0
M08,M08-B002,1,M08-trial01,normal_debate,Normal debate,M08-T02,M08-T02-C04,wage_schedule_2025,1,0
M08,M08-B002,1,M08-trial01,normal_debate,Normal debate,M08-T03,M08-T03-C01,wage_schedule_2026,1,0
M08,M08-B002,1,M08-trial01,normal_debate,Normal debate,M08-T03,M08-T03-C02,wage_schedule_2026,1,0
M08,M08-B002,1,M08-trial01,normal_debate,Normal debate,M08-T03,M08-T03-C03,wage_schedule_2026,1,0
M08,M08-B002,1,M08-trial01,normal_debate,Normal debate,M08-T04,M08-T04-C01,scope_limit,1,0
M08,M08-B002,1,M08-trial01,normal_debate,Normal debate,M08-T04,M08-T04-C02,scope_limit,1,0
M08,M08-B002,1,M08-trial01,normal_debate,Normal debate,M08-T05,M08-T05-C01,worker_effect,1,0
M08,M08-B002,1,M08-trial01,normal_debate,Normal debate,M08-T05,M08-T05-C02,worker_effect,1,0
M08,M08-B002,1,M08-trial01,normal_debate,Normal debate,M08-T06,M08-T06-C01,business_price_profit_effect,1,0
M08,M08-B002,1,M08-trial01,normal_debate,Normal debate,M08-T06,M08-T06-C02,business_price_profit_effect,1,0
M08,M08-B002,1,M08-trial01,normal_debate,Normal debate,M08-T06,M08-T06-C03,business_price_profit_effect,1,0
M08,M08-B002,1,M08-trial01,normal_debate,Normal debate,M08-T07,M08-T07-C01,employment_uncertainty,1,0
M08,M08-B002,1,M08-trial01,normal_debate,Normal debate,M08-T07,M08-T07-C02,employment_uncertainty,1,0
M08,M08-B002,1,M08-trial01,normal_debate,Normal debate,M08-T08,M08-T08-C01,government_cost_effect,1,0
M08,M08-B002,1,M08-trial01,normal_debate,Normal debate,M08-T08,M08-T08-C02,government_cost_effect,1,0
M08,M08-B002,1,M08-trial01,normal_debate,Normal debate,M08-T08,M08-T08-C03,government_cost_effect,1,0
M08,M08-B002,1,M08-trial01,normal_debate,Normal debate,M08-T08,M08-T08-C04,government_cost_effect,1,0
M08,M08-B002,1,M08-trial01,normal_debate,Normal debate,M08-T08,M08-T08-C05,government_cost_effect,1,0
M08,M08-B002,1,M08-trial01,normal_debate,Normal debate,M08-T09,M08-T09-C01,revenue_effect,1,0
M08,M08-B002,1,M08-trial01,normal_debate,Normal debate,M08-T09,M08-T09-C02,revenue_effect,1,0
M08,M08-B002,1,M08-trial01,normal_debate,Normal debate,M08-T09,M08-T09-C03,revenue_effect,1,0
M08,M08-B002,1,M08-trial01,normal_debate,Normal debate,M08-T09,M08-T09-C04,revenue_effect,1,0
M08,M08-B003,2,M08-trial02,normal_debate,Normal debate,M08-T01,M08-T01-C01,legal_baseline,1,0
M08,M08-B003,2,M08-trial02,normal_debate,Normal debate,M08-T01,M08-T01-C02,legal_baseline,1,0
M08,M08-B003,2,M08-trial02,normal_debate,Normal debate,M08-T01,M08-T01-C03,legal_baseline,1,0
M08,M08-B003,2,M08-trial02,normal_debate,Normal debate,M08-T02,M08-T02-C01,wage_schedule_2025,0,0
M08,M08-B003,2,M08-trial02,normal_debate,Normal debate,M08-T02,M08-T02-C02,wage_schedule_2025,0,0
M08,M08-B003,2,M08-trial02,normal_debate,Normal debate,M08-T02,M08-T02-C03,wage_schedule_2025,1,0
M08,M08-B003,2,M08-trial02,normal_debate,Normal debate,M08-T02,M08-T02-C04,wage_schedule_2025,1,0
M08,M08-B003,2,M08-trial02,normal_debate,Normal debate,M08-T03,M08-T03-C01,wage_schedule_2026,1,0
M08,M08-B003,2,M08-trial02,normal_debate,Normal debate,M08-T03,M08-T03-C02,wage_schedule_2026,1,0
M08,M08-B003,2,M08-trial02,normal_debate,Normal debate,M08-T03,M08-T03-C03,wage_schedule_2026,1,0
M08,M08-B003,2,M08-trial02,normal_debate,Normal debate,M08-T04,M08-T04-C01,scope_limit,1,0
M08,M08-B003,2,M08-trial02,normal_debate,Normal debate,M08-T04,M08-T04-C02,scope_limit,1,0
M08,M08-B003,2,M08-trial02,normal_debate,Normal debate,M08-T05,M08-T05-C01,worker_effect,1,0
M08,M08-B003,2,M08-trial02,normal_debate,Normal debate,M08-T05,M08-T05-C02,worker_effect,1,0
M08,M08-B003,2,M08-trial02,normal_debate,Normal debate,M08-T06,M08-T06-C01,business_price_profit_effect,1,0
M08,M08-B003,2,M08-trial02,normal_debate,Normal debate,M08-T06,M08-T06-C02,business_price_profit_effect,1,0
M08,M08-B003,2,M08-trial02,normal_debate,Normal debate,M08-T06,M08-T06-C03,business_price_profit_effect,1,0
M08,M08-B003,2,M08-trial02,normal_debate,Normal debate,M08-T07,M08-T07-C01,employment_uncertainty,1,0
M08,M08-B003,2,M08-trial02,normal_debate,Normal debate,M08-T07,M08-T07-C02,employment_uncertainty,1,0
M08,M08-B003,2,M08-trial02,normal_debate,Normal debate,M08-T08,M08-T08-C01,government_cost_effect,1,0
M08,M08-B003,2,M08-trial02,normal_debate,Normal debate,M08-T08,M08-T08-C02,government_cost_effect,1,0
M08,M08-B003,2,M08-trial02,normal_debate,Normal debate,M08-T08,M08-T08-C03,government_cost_effect,1,0
M08,M08-B003,2,M08-trial02,normal_debate,Normal debate,M08-T08,M08-T08-C04,government_cost_effect,1,0
M08,M08-B003,2,M08-trial02,normal_debate,Normal debate,M08-T08,M08-T08-C05,government_cost_effect,1,0
M08,M08-B003,2,M08-trial02,normal_debate,Normal debate,M08-T09,M08-T09-C01,revenue_effect,1,0
M08,M08-B003,2,M08-trial02,normal_debate,Normal debate,M08-T09,M08-T09-C02,revenue_effect,1,0
M08,M08-B003,2,M08-trial02,normal_debate,Normal debate,M08-T09,M08-T09-C03,revenue_effect,1,0
M08,M08-B003,2,M08-trial02,normal_debate,Normal debate,M08-T09,M08-T09-C04,revenue_effect,1,0
M08,M08-B004,3,M08-trial03,normal_debate,Normal debate,M08-T01,M08-T01-C01,legal_baseline,1,0
M08,M08-B004,3,M08-trial03,normal_debate,Normal debate,M08-T01,M08-T01-C02,legal_baseline,1,0
M08,M08-B004,3,M08-trial03,normal_debate,Normal debate,M08-T01,M08-T01-C03,legal_baseline,1,0
M08,M08-B004,3,M08-trial03,normal_debate,Normal debate,M08-T02,M08-T02-C01,wage_schedule_2025,1,0
M08,M08-B004,3,M08-trial03,normal_debate,Normal debate,M08-T02,M08-T02-C02,wage_schedule_2025,1,0
M08,M08-B004,3,M08-trial03,normal_debate,Normal debate,M08-T02,M08-T02-C03,wage_schedule_2025,1,0
M08,M08-B004,3,M08-trial03,normal_debate,Normal debate,M08-T02,M08-T02-C04,wage_schedule_2025,1,0
M08,M08-B004,3,M08-trial03,normal_debate,Normal debate,M08-T03,M08-T03-C01,wage_schedule_2026,1,0
M08,M08-B004,3,M08-trial03,normal_debate,Normal debate,M08-T03,M08-T03-C02,wage_schedule_2026,1,0
M08,M08-B004,3,M08-trial03,normal_debate,Normal debate,M08-T03,M08-T03-C03,wage_schedule_2026,1,0
M08,M08-B004,3,M08-trial03,normal_debate,Normal debate,M08-T04,M08-T04-C01,scope_limit,1,0
M08,M08-B004,3,M08-trial03,normal_debate,Normal debate,M08-T04,M08-T04-C02,scope_limit,1,0
M08,M08-B004,3,M08-trial03,normal_debate,Normal debate,M08-T05,M08-T05-C01,worker_effect,1,0
M08,M08-B004,3,M08-trial03,normal_debate,Normal debate,M08-T05,M08-T05-C02,worker_effect,1,0
M08,M08-B004,3,M08-trial03,normal_debate,Normal debate,M08-T06,M08-T06-C01,business_price_profit_effect,1,0
M08,M08-B004,3,M08-trial03,normal_debate,Normal debate,M08-T06,M08-T06-C02,business_price_profit_effect,1,0
M08,M08-B004,3,M08-trial03,normal_debate,Normal debate,M08-T06,M08-T06-C03,business_price_profit_effect,1,0
M08,M08-B004,3,M08-trial03,normal_debate,Normal debate,M08-T07,M08-T07-C01,employment_uncertainty,1,0
M08,M08-B004,3,M08-trial03,normal_debate,Normal debate,M08-T07,M08-T07-C02,employment_uncertainty,1,0
M08,M08-B004,3,M08-trial03,normal_debate,Normal debate,M08-T08,M08-T08-C01,government_cost_effect,1,0
M08,M08-B004,3,M08-trial03,normal_debate,Normal debate,M08-T08,M08-T08-C02,government_cost_effect,1,0
M08,M08-B004,3,M08-trial03,normal_debate,Normal debate,M08-T08,M08-T08-C03,government_cost_effect,1,0
M08,M08-B004,3,M08-trial03,normal_debate,Normal debate,M08-T08,M08-T08-C04,government_cost_effect,1,0
M08,M08-B004,3,M08-trial03,normal_debate,Normal debate,M08-T08,M08-T08-C05,government_cost_effect,1,0
M08,M08-B004,3,M08-trial03,normal_debate,Normal debate,M08-T09,M08-T09-C01,revenue_effect,1,0
M08,M08-B004,3,M08-trial03,normal_debate,Normal debate,M08-T09,M08-T09-C02,revenue_effect,1,0
M08,M08-B004,3,M08-trial03,normal_debate,Normal debate,M08-T09,M08-T09-C03,revenue_effect,1,0
M08,M08-B004,3,M08-trial03,normal_debate,Normal debate,M08-T09,M08-T09-C04,revenue_effect,1,0
M08,M08-B005,4,M08-trial04,independent_ensemble,Independent ensemble,M08-T01,M08-T01-C01,legal_baseline,1,0
M08,M08-B005,4,M08-trial04,independent_ensemble,Independent ensemble,M08-T01,M08-T01-C02,legal_baseline,1,0
M08,M08-B005,4,M08-trial04,independent_ensemble,Independent ensemble,M08-T01,M08-T01-C03,legal_baseline,1,0
M08,M08-B005,4,M08-trial04,independent_ensemble,Independent ensemble,M08-T02,M08-T02-C01,wage_schedule_2025,1,0
M08,M08-B005,4,M08-trial04,independent_ensemble,Independent ensemble,M08-T02,M08-T02-C02,wage_schedule_2025,1,0
M08,M08-B005,4,M08-trial04,independent_ensemble,Independent ensemble,M08-T02,M08-T02-C03,wage_schedule_2025,1,0
M08,M08-B005,4,M08-trial04,independent_ensemble,Independent ensemble,M08-T02,M08-T02-C04,wage_schedule_2025,1,0
M08,M08-B005,4,M08-trial04,independent_ensemble,Independent ensemble,M08-T03,M08-T03-C01,wage_schedule_2026,1,0
M08,M08-B005,4,M08-trial04,independent_ensemble,Independent ensemble,M08-T03,M08-T03-C02,wage_schedule_2026,1,0
M08,M08-B005,4,M08-trial04,independent_ensemble,Independent ensemble,M08-T03,M08-T03-C03,wage_schedule_2026,1,0
M08,M08-B005,4,M08-trial04,independent_ensemble,Independent ensemble,M08-T04,M08-T04-C01,scope_limit,1,0
M08,M08-B005,4,M08-trial04,independent_ensemble,Independent ensemble,M08-T04,M08-T04-C02,scope_limit,1,0
M08,M08-B005,4,M08-trial04,independent_ensemble,Independent ensemble,M08-T05,M08-T05-C01,worker_effect,1,0
M08,M08-B005,4,M08-trial04,independent_ensemble,Independent ensemble,M08-T05,M08-T05-C02,worker_effect,1,0
M08,M08-B005,4,M08-trial04,independent_ensemble,Independent ensemble,M08-T06,M08-T06-C01,business_price_profit_effect,1,0
M08,M08-B005,4,M08-trial04,independent_ensemble,Independent ensemble,M08-T06,M08-T06-C02,business_price_profit_effect,1,0
M08,M08-B005,4,M08-trial04,independent_ensemble,Independent ensemble,M08-T06,M08-T06-C03,business_price_profit_effect,1,0
M08,M08-B005,4,M08-trial04,independent_ensemble,Independent ensemble,M08-T07,M08-T07-C01,employment_uncertainty,1,0
M08,M08-B005,4,M08-trial04,independent_ensemble,Independent ensemble,M08-T07,M08-T07-C02,employment_uncertainty,1,0
M08,M08-B005,4,M08-trial04,independent_ensemble,Independent ensemble,M08-T08,M08-T08-C01,government_cost_effect,1,0
M08,M08-B005,4,M08-trial04,independent_ensemble,Independent ensemble,M08-T08,M08-T08-C02,government_cost_effect,1,0
M08,M08-B005,4,M08-trial04,independent_ensemble,Independent ensemble,M08-T08,M08-T08-C03,government_cost_effect,1,0
M08,M08-B005,4,M08-trial04,independent_ensemble,Independent ensemble,M08-T08,M08-T08-C04,government_cost_effect,1,0
M08,M08-B005,4,M08-trial04,independent_ensemble,Independent ensemble,M08-T08,M08-T08-C05,government_cost_effect,1,0
M08,M08-B005,4,M08-trial04,independent_ensemble,Independent ensemble,M08-T09,M08-T09-C01,revenue_effect,0,0
M08,M08-B005,4,M08-trial04,independent_ensemble,Independent ensemble,M08-T09,M08-T09-C02,revenue_effect,1,0
M08,M08-B005,4,M08-trial04,independent_ensemble,Independent ensemble,M08-T09,M08-T09-C03,revenue_effect,1,0
M08,M08-B005,4,M08-trial04,independent_ensemble,Independent ensemble,M08-T09,M08-T09-C04,revenue_effect,1,0
M08,M08-B006,3,M08-trial03,single_agent,Single agent,M08-T01,M08-T01-C01,legal_baseline,1,0
M08,M08-B006,3,M08-trial03,single_agent,Single agent,M08-T01,M08-T01-C02,legal_baseline,1,0
M08,M08-B006,3,M08-trial03,single_agent,Single agent,M08-T01,M08-T01-C03,legal_baseline,1,0
M08,M08-B006,3,M08-trial03,single_agent,Single agent,M08-T02,M08-T02-C01,wage_schedule_2025,0,0
M08,M08-B006,3,M08-trial03,single_agent,Single agent,M08-T02,M08-T02-C02,wage_schedule_2025,0,0
M08,M08-B006,3,M08-trial03,single_agent,Single agent,M08-T02,M08-T02-C03,wage_schedule_2025,1,0
M08,M08-B006,3,M08-trial03,single_agent,Single agent,M08-T02,M08-T02-C04,wage_schedule_2025,1,0
M08,M08-B006,3,M08-trial03,single_agent,Single agent,M08-T03,M08-T03-C01,wage_schedule_2026,1,0
M08,M08-B006,3,M08-trial03,single_agent,Single agent,M08-T03,M08-T03-C02,wage_schedule_2026,1,0
M08,M08-B006,3,M08-trial03,single_agent,Single agent,M08-T03,M08-T03-C03,wage_schedule_2026,1,0
M08,M08-B006,3,M08-trial03,single_agent,Single agent,M08-T04,M08-T04-C01,scope_limit,1,0
M08,M08-B006,3,M08-trial03,single_agent,Single agent,M08-T04,M08-T04-C02,scope_limit,1,0
M08,M08-B006,3,M08-trial03,single_agent,Single agent,M08-T05,M08-T05-C01,worker_effect,1,0
M08,M08-B006,3,M08-trial03,single_agent,Single agent,M08-T05,M08-T05-C02,worker_effect,0,1
M08,M08-B006,3,M08-trial03,single_agent,Single agent,M08-T06,M08-T06-C01,business_price_profit_effect,1,0
M08,M08-B006,3,M08-trial03,single_agent,Single agent,M08-T06,M08-T06-C02,business_price_profit_effect,1,0
M08,M08-B006,3,M08-trial03,single_agent,Single agent,M08-T06,M08-T06-C03,business_price_profit_effect,1,0
M08,M08-B006,3,M08-trial03,single_agent,Single agent,M08-T07,M08-T07-C01,employment_uncertainty,1,0
M08,M08-B006,3,M08-trial03,single_agent,Single agent,M08-T07,M08-T07-C02,employment_uncertainty,1,0
M08,M08-B006,3,M08-trial03,single_agent,Single agent,M08-T08,M08-T08-C01,government_cost_effect,1,0
M08,M08-B006,3,M08-trial03,single_agent,Single agent,M08-T08,M08-T08-C02,government_cost_effect,1,0
M08,M08-B006,3,M08-trial03,single_agent,Single agent,M08-T08,M08-T08-C03,government_cost_effect,0,1
M08,M08-B006,3,M08-trial03,single_agent,Single agent,M08-T08,M08-T08-C04,government_cost_effect,1,0
M08,M08-B006,3,M08-trial03,single_agent,Single agent,M08-T08,M08-T08-C05,government_cost_effect,1,0
M08,M08-B006,3,M08-trial03,single_agent,Single agent,M08-T09,M08-T09-C01,revenue_effect,0,0
M08,M08-B006,3,M08-trial03,single_agent,Single agent,M08-T09,M08-T09-C02,revenue_effect,1,0
M08,M08-B006,3,M08-trial03,single_agent,Single agent,M08-T09,M08-T09-C03,revenue_effect,1,0
M08,M08-B006,3,M08-trial03,single_agent,Single agent,M08-T09,M08-T09-C04,revenue_effect,1,0
M08,M08-B007,2,M08-trial02,independent_ensemble,Independent ensemble,M08-T01,M08-T01-C01,legal_baseline,1,0
M08,M08-B007,2,M08-trial02,independent_ensemble,Independent ensemble,M08-T01,M08-T01-C02,legal_baseline,1,0
M08,M08-B007,2,M08-trial02,independent_ensemble,Independent ensemble,M08-T01,M08-T01-C03,legal_baseline,1,0
M08,M08-B007,2,M08-trial02,independent_ensemble,Independent ensemble,M08-T02,M08-T02-C01,wage_schedule_2025,1,0
M08,M08-B007,2,M08-trial02,independent_ensemble,Independent ensemble,M08-T02,M08-T02-C02,wage_schedule_2025,1,0
M08,M08-B007,2,M08-trial02,independent_ensemble,Independent ensemble,M08-T02,M08-T02-C03,wage_schedule_2025,1,0
M08,M08-B007,2,M08-trial02,independent_ensemble,Independent ensemble,M08-T02,M08-T02-C04,wage_schedule_2025,1,0
M08,M08-B007,2,M08-trial02,independent_ensemble,Independent ensemble,M08-T03,M08-T03-C01,wage_schedule_2026,1,0
M08,M08-B007,2,M08-trial02,independent_ensemble,Independent ensemble,M08-T03,M08-T03-C02,wage_schedule_2026,1,0
M08,M08-B007,2,M08-trial02,independent_ensemble,Independent ensemble,M08-T03,M08-T03-C03,wage_schedule_2026,1,0
M08,M08-B007,2,M08-trial02,independent_ensemble,Independent ensemble,M08-T04,M08-T04-C01,scope_limit,1,0
M08,M08-B007,2,M08-trial02,independent_ensemble,Independent ensemble,M08-T04,M08-T04-C02,scope_limit,1,0
M08,M08-B007,2,M08-trial02,independent_ensemble,Independent ensemble,M08-T05,M08-T05-C01,worker_effect,1,0
M08,M08-B007,2,M08-trial02,independent_ensemble,Independent ensemble,M08-T05,M08-T05-C02,worker_effect,1,0
M08,M08-B007,2,M08-trial02,independent_ensemble,Independent ensemble,M08-T06,M08-T06-C01,business_price_profit_effect,1,0
M08,M08-B007,2,M08-trial02,independent_ensemble,Independent ensemble,M08-T06,M08-T06-C02,business_price_profit_effect,1,0
M08,M08-B007,2,M08-trial02,independent_ensemble,Independent ensemble,M08-T06,M08-T06-C03,business_price_profit_effect,1,0
M08,M08-B007,2,M08-trial02,independent_ensemble,Independent ensemble,M08-T07,M08-T07-C01,employment_uncertainty,1,0
M08,M08-B007,2,M08-trial02,independent_ensemble,Independent ensemble,M08-T07,M08-T07-C02,employment_uncertainty,1,0
M08,M08-B007,2,M08-trial02,independent_ensemble,Independent ensemble,M08-T08,M08-T08-C01,government_cost_effect,1,0
M08,M08-B007,2,M08-trial02,independent_ensemble,Independent ensemble,M08-T08,M08-T08-C02,government_cost_effect,1,0
M08,M08-B007,2,M08-trial02,independent_ensemble,Independent ensemble,M08-T08,M08-T08-C03,government_cost_effect,1,0
M08,M08-B007,2,M08-trial02,independent_ensemble,Independent ensemble,M08-T08,M08-T08-C04,government_cost_effect,1,0
M08,M08-B007,2,M08-trial02,independent_ensemble,Independent ensemble,M08-T08,M08-T08-C05,government_cost_effect,1,0
M08,M08-B007,2,M08-trial02,independent_ensemble,Independent ensemble,M08-T09,M08-T09-C01,revenue_effect,0,0
M08,M08-B007,2,M08-trial02,independent_ensemble,Independent ensemble,M08-T09,M08-T09-C02,revenue_effect,1,0
M08,M08-B007,2,M08-trial02,independent_ensemble,Independent ensemble,M08-T09,M08-T09-C03,revenue_effect,1,0
M08,M08-B007,2,M08-trial02,independent_ensemble,Independent ensemble,M08-T09,M08-T09-C04,revenue_effect,1,0
M08,M08-B008,4,M08-trial04,normal_debate,Normal debate,M08-T01,M08-T01-C01,legal_baseline,1,0
M08,M08-B008,4,M08-trial04,normal_debate,Normal debate,M08-T01,M08-T01-C02,legal_baseline,1,0
M08,M08-B008,4,M08-trial04,normal_debate,Normal debate,M08-T01,M08-T01-C03,legal_baseline,1,0
M08,M08-B008,4,M08-trial04,normal_debate,Normal debate,M08-T02,M08-T02-C01,wage_schedule_2025,1,0
M08,M08-B008,4,M08-trial04,normal_debate,Normal debate,M08-T02,M08-T02-C02,wage_schedule_2025,1,0
M08,M08-B008,4,M08-trial04,normal_debate,Normal debate,M08-T02,M08-T02-C03,wage_schedule_2025,1,0
M08,M08-B008,4,M08-trial04,normal_debate,Normal debate,M08-T02,M08-T02-C04,wage_schedule_2025,1,0
M08,M08-B008,4,M08-trial04,normal_debate,Normal debate,M08-T03,M08-T03-C01,wage_schedule_2026,1,0
M08,M08-B008,4,M08-trial04,normal_debate,Normal debate,M08-T03,M08-T03-C02,wage_schedule_2026,1,0
M08,M08-B008,4,M08-trial04,normal_debate,Normal debate,M08-T03,M08-T03-C03,wage_schedule_2026,1,0
M08,M08-B008,4,M08-trial04,normal_debate,Normal debate,M08-T04,M08-T04-C01,scope_limit,1,0
M08,M08-B008,4,M08-trial04,normal_debate,Normal debate,M08-T04,M08-T04-C02,scope_limit,1,0
M08,M08-B008,4,M08-trial04,normal_debate,Normal debate,M08-T05,M08-T05-C01,worker_effect,1,0
M08,M08-B008,4,M08-trial04,normal_debate,Normal debate,M08-T05,M08-T05-C02,worker_effect,1,0
M08,M08-B008,4,M08-trial04,normal_debate,Normal debate,M08-T06,M08-T06-C01,business_price_profit_effect,1,0
M08,M08-B008,4,M08-trial04,normal_debate,Normal debate,M08-T06,M08-T06-C02,business_price_profit_effect,1,0
M08,M08-B008,4,M08-trial04,normal_debate,Normal debate,M08-T06,M08-T06-C03,business_price_profit_effect,1,0
M08,M08-B008,4,M08-trial04,normal_debate,Normal debate,M08-T07,M08-T07-C01,employment_uncertainty,1,0
M08,M08-B008,4,M08-trial04,normal_debate,Normal debate,M08-T07,M08-T07-C02,employment_uncertainty,1,0
M08,M08-B008,4,M08-trial04,normal_debate,Normal debate,M08-T08,M08-T08-C01,government_cost_effect,1,0
M08,M08-B008,4,M08-trial04,normal_debate,Normal debate,M08-T08,M08-T08-C02,government_cost_effect,0,1
M08,M08-B008,4,M08-trial04,normal_debate,Normal debate,M08-T08,M08-T08-C03,government_cost_effect,1,0
M08,M08-B008,4,M08-trial04,normal_debate,Normal debate,M08-T08,M08-T08-C04,government_cost_effect,1,0
M08,M08-B008,4,M08-trial04,normal_debate,Normal debate,M08-T08,M08-T08-C05,government_cost_effect,1,0
M08,M08-B008,4,M08-trial04,normal_debate,Normal debate,M08-T09,M08-T09-C01,revenue_effect,1,0
M08,M08-B008,4,M08-trial04,normal_debate,Normal debate,M08-T09,M08-T09-C02,revenue_effect,1,0
M08,M08-B008,4,M08-trial04,normal_debate,Normal debate,M08-T09,M08-T09-C03,revenue_effect,1,0
M08,M08-B008,4,M08-trial04,normal_debate,Normal debate,M08-T09,M08-T09-C04,revenue_effect,1,0
M08,M08-B009,1,M08-trial01,single_agent,Single agent,M08-T01,M08-T01-C01,legal_baseline,1,0
M08,M08-B009,1,M08-trial01,single_agent,Single agent,M08-T01,M08-T01-C02,legal_baseline,0,0
M08,M08-B009,1,M08-trial01,single_agent,Single agent,M08-T01,M08-T01-C03,legal_baseline,1,0
M08,M08-B009,1,M08-trial01,single_agent,Single agent,M08-T02,M08-T02-C01,wage_schedule_2025,1,0
M08,M08-B009,1,M08-trial01,single_agent,Single agent,M08-T02,M08-T02-C02,wage_schedule_2025,1,0
M08,M08-B009,1,M08-trial01,single_agent,Single agent,M08-T02,M08-T02-C03,wage_schedule_2025,1,0
M08,M08-B009,1,M08-trial01,single_agent,Single agent,M08-T02,M08-T02-C04,wage_schedule_2025,1,0
M08,M08-B009,1,M08-trial01,single_agent,Single agent,M08-T03,M08-T03-C01,wage_schedule_2026,1,0
M08,M08-B009,1,M08-trial01,single_agent,Single agent,M08-T03,M08-T03-C02,wage_schedule_2026,1,0
M08,M08-B009,1,M08-trial01,single_agent,Single agent,M08-T03,M08-T03-C03,wage_schedule_2026,1,0
M08,M08-B009,1,M08-trial01,single_agent,Single agent,M08-T04,M08-T04-C01,scope_limit,1,0
M08,M08-B009,1,M08-trial01,single_agent,Single agent,M08-T04,M08-T04-C02,scope_limit,1,0
M08,M08-B009,1,M08-trial01,single_agent,Single agent,M08-T05,M08-T05-C01,worker_effect,1,0
M08,M08-B009,1,M08-trial01,single_agent,Single agent,M08-T05,M08-T05-C02,worker_effect,1,0
M08,M08-B009,1,M08-trial01,single_agent,Single agent,M08-T06,M08-T06-C01,business_price_profit_effect,1,0
M08,M08-B009,1,M08-trial01,single_agent,Single agent,M08-T06,M08-T06-C02,business_price_profit_effect,1,0
M08,M08-B009,1,M08-trial01,single_agent,Single agent,M08-T06,M08-T06-C03,business_price_profit_effect,1,0
M08,M08-B009,1,M08-trial01,single_agent,Single agent,M08-T07,M08-T07-C01,employment_uncertainty,1,0
M08,M08-B009,1,M08-trial01,single_agent,Single agent,M08-T07,M08-T07-C02,employment_uncertainty,1,0
M08,M08-B009,1,M08-trial01,single_agent,Single agent,M08-T08,M08-T08-C01,government_cost_effect,1,0
M08,M08-B009,1,M08-trial01,single_agent,Single agent,M08-T08,M08-T08-C02,government_cost_effect,1,0
M08,M08-B009,1,M08-trial01,single_agent,Single agent,M08-T08,M08-T08-C03,government_cost_effect,1,1
M08,M08-B009,1,M08-trial01,single_agent,Single agent,M08-T08,M08-T08-C04,government_cost_effect,1,0
M08,M08-B009,1,M08-trial01,single_agent,Single agent,M08-T08,M08-T08-C05,government_cost_effect,1,0
M08,M08-B009,1,M08-trial01,single_agent,Single agent,M08-T09,M08-T09-C01,revenue_effect,1,0
M08,M08-B009,1,M08-trial01,single_agent,Single agent,M08-T09,M08-T09-C02,revenue_effect,1,0
M08,M08-B009,1,M08-trial01,single_agent,Single agent,M08-T09,M08-T09-C03,revenue_effect,1,0
M08,M08-B009,1,M08-trial01,single_agent,Single agent,M08-T09,M08-T09-C04,revenue_effect,1,0
M08,M08-B010,2,M08-trial02,single_agent,Single agent,M08-T01,M08-T01-C01,legal_baseline,1,0
M08,M08-B010,2,M08-trial02,single_agent,Single agent,M08-T01,M08-T01-C02,legal_baseline,1,0
M08,M08-B010,2,M08-trial02,single_agent,Single agent,M08-T01,M08-T01-C03,legal_baseline,1,0
M08,M08-B010,2,M08-trial02,single_agent,Single agent,M08-T02,M08-T02-C01,wage_schedule_2025,1,0
M08,M08-B010,2,M08-trial02,single_agent,Single agent,M08-T02,M08-T02-C02,wage_schedule_2025,1,0
M08,M08-B010,2,M08-trial02,single_agent,Single agent,M08-T02,M08-T02-C03,wage_schedule_2025,1,0
M08,M08-B010,2,M08-trial02,single_agent,Single agent,M08-T02,M08-T02-C04,wage_schedule_2025,1,0
M08,M08-B010,2,M08-trial02,single_agent,Single agent,M08-T03,M08-T03-C01,wage_schedule_2026,1,0
M08,M08-B010,2,M08-trial02,single_agent,Single agent,M08-T03,M08-T03-C02,wage_schedule_2026,1,0
M08,M08-B010,2,M08-trial02,single_agent,Single agent,M08-T03,M08-T03-C03,wage_schedule_2026,1,0
M08,M08-B010,2,M08-trial02,single_agent,Single agent,M08-T04,M08-T04-C01,scope_limit,1,0
M08,M08-B010,2,M08-trial02,single_agent,Single agent,M08-T04,M08-T04-C02,scope_limit,1,0
M08,M08-B010,2,M08-trial02,single_agent,Single agent,M08-T05,M08-T05-C01,worker_effect,1,0
M08,M08-B010,2,M08-trial02,single_agent,Single agent,M08-T05,M08-T05-C02,worker_effect,1,0
M08,M08-B010,2,M08-trial02,single_agent,Single agent,M08-T06,M08-T06-C01,business_price_profit_effect,1,0
M08,M08-B010,2,M08-trial02,single_agent,Single agent,M08-T06,M08-T06-C02,business_price_profit_effect,1,0
M08,M08-B010,2,M08-trial02,single_agent,Single agent,M08-T06,M08-T06-C03,business_price_profit_effect,1,0
M08,M08-B010,2,M08-trial02,single_agent,Single agent,M08-T07,M08-T07-C01,employment_uncertainty,1,0
M08,M08-B010,2,M08-trial02,single_agent,Single agent,M08-T07,M08-T07-C02,employment_uncertainty,1,0
M08,M08-B010,2,M08-trial02,single_agent,Single agent,M08-T08,M08-T08-C01,government_cost_effect,0,1
M08,M08-B010,2,M08-trial02,single_agent,Single agent,M08-T08,M08-T08-C02,government_cost_effect,0,1
M08,M08-B010,2,M08-trial02,single_agent,Single agent,M08-T08,M08-T08-C03,government_cost_effect,1,0
M08,M08-B010,2,M08-trial02,single_agent,Single agent,M08-T08,M08-T08-C04,government_cost_effect,1,0
M08,M08-B010,2,M08-trial02,single_agent,Single agent,M08-T08,M08-T08-C05,government_cost_effect,1,0
M08,M08-B010,2,M08-trial02,single_agent,Single agent,M08-T09,M08-T09-C01,revenue_effect,0,0
M08,M08-B010,2,M08-trial02,single_agent,Single agent,M08-T09,M08-T09-C02,revenue_effect,1,0
M08,M08-B010,2,M08-trial02,single_agent,Single agent,M08-T09,M08-T09-C03,revenue_effect,1,0
M08,M08-B010,2,M08-trial02,single_agent,Single agent,M08-T09,M08-T09-C04,revenue_effect,1,0
M08,M08-B011,2,M08-trial02,critic_debate,Critic debate,M08-T01,M08-T01-C01,legal_baseline,1,0
M08,M08-B011,2,M08-trial02,critic_debate,Critic debate,M08-T01,M08-T01-C02,legal_baseline,1,0
M08,M08-B011,2,M08-trial02,critic_debate,Critic debate,M08-T01,M08-T01-C03,legal_baseline,1,0
M08,M08-B011,2,M08-trial02,critic_debate,Critic debate,M08-T02,M08-T02-C01,wage_schedule_2025,1,0
M08,M08-B011,2,M08-trial02,critic_debate,Critic debate,M08-T02,M08-T02-C02,wage_schedule_2025,1,0
M08,M08-B011,2,M08-trial02,critic_debate,Critic debate,M08-T02,M08-T02-C03,wage_schedule_2025,1,0
M08,M08-B011,2,M08-trial02,critic_debate,Critic debate,M08-T02,M08-T02-C04,wage_schedule_2025,1,0
M08,M08-B011,2,M08-trial02,critic_debate,Critic debate,M08-T03,M08-T03-C01,wage_schedule_2026,1,0
M08,M08-B011,2,M08-trial02,critic_debate,Critic debate,M08-T03,M08-T03-C02,wage_schedule_2026,1,0
M08,M08-B011,2,M08-trial02,critic_debate,Critic debate,M08-T03,M08-T03-C03,wage_schedule_2026,1,0
M08,M08-B011,2,M08-trial02,critic_debate,Critic debate,M08-T04,M08-T04-C01,scope_limit,1,0
M08,M08-B011,2,M08-trial02,critic_debate,Critic debate,M08-T04,M08-T04-C02,scope_limit,1,0
M08,M08-B011,2,M08-trial02,critic_debate,Critic debate,M08-T05,M08-T05-C01,worker_effect,1,0
M08,M08-B011,2,M08-trial02,critic_debate,Critic debate,M08-T05,M08-T05-C02,worker_effect,1,0
M08,M08-B011,2,M08-trial02,critic_debate,Critic debate,M08-T06,M08-T06-C01,business_price_profit_effect,1,0
M08,M08-B011,2,M08-trial02,critic_debate,Critic debate,M08-T06,M08-T06-C02,business_price_profit_effect,1,0
M08,M08-B011,2,M08-trial02,critic_debate,Critic debate,M08-T06,M08-T06-C03,business_price_profit_effect,1,0
M08,M08-B011,2,M08-trial02,critic_debate,Critic debate,M08-T07,M08-T07-C01,employment_uncertainty,1,0
M08,M08-B011,2,M08-trial02,critic_debate,Critic debate,M08-T07,M08-T07-C02,employment_uncertainty,1,0
M08,M08-B011,2,M08-trial02,critic_debate,Critic debate,M08-T08,M08-T08-C01,government_cost_effect,1,0
M08,M08-B011,2,M08-trial02,critic_debate,Critic debate,M08-T08,M08-T08-C02,government_cost_effect,1,0
M08,M08-B011,2,M08-trial02,critic_debate,Critic debate,M08-T08,M08-T08-C03,government_cost_effect,1,0
M08,M08-B011,2,M08-trial02,critic_debate,Critic debate,M08-T08,M08-T08-C04,government_cost_effect,1,0
M08,M08-B011,2,M08-trial02,critic_debate,Critic debate,M08-T08,M08-T08-C05,government_cost_effect,1,0
M08,M08-B011,2,M08-trial02,critic_debate,Critic debate,M08-T09,M08-T09-C01,revenue_effect,1,0
M08,M08-B011,2,M08-trial02,critic_debate,Critic debate,M08-T09,M08-T09-C02,revenue_effect,1,0
M08,M08-B011,2,M08-trial02,critic_debate,Critic debate,M08-T09,M08-T09-C03,revenue_effect,1,0
M08,M08-B011,2,M08-trial02,critic_debate,Critic debate,M08-T09,M08-T09-C04,revenue_effect,1,0
M08,M08-B012,3,M08-trial03,critic_debate,Critic debate,M08-T01,M08-T01-C01,legal_baseline,1,0
M08,M08-B012,3,M08-trial03,critic_debate,Critic debate,M08-T01,M08-T01-C02,legal_baseline,1,0
M08,M08-B012,3,M08-trial03,critic_debate,Critic debate,M08-T01,M08-T01-C03,legal_baseline,1,0
M08,M08-B012,3,M08-trial03,critic_debate,Critic debate,M08-T02,M08-T02-C01,wage_schedule_2025,1,0
M08,M08-B012,3,M08-trial03,critic_debate,Critic debate,M08-T02,M08-T02-C02,wage_schedule_2025,1,0
M08,M08-B012,3,M08-trial03,critic_debate,Critic debate,M08-T02,M08-T02-C03,wage_schedule_2025,1,0
M08,M08-B012,3,M08-trial03,critic_debate,Critic debate,M08-T02,M08-T02-C04,wage_schedule_2025,1,0
M08,M08-B012,3,M08-trial03,critic_debate,Critic debate,M08-T03,M08-T03-C01,wage_schedule_2026,1,0
M08,M08-B012,3,M08-trial03,critic_debate,Critic debate,M08-T03,M08-T03-C02,wage_schedule_2026,1,0
M08,M08-B012,3,M08-trial03,critic_debate,Critic debate,M08-T03,M08-T03-C03,wage_schedule_2026,1,0
M08,M08-B012,3,M08-trial03,critic_debate,Critic debate,M08-T04,M08-T04-C01,scope_limit,1,0
M08,M08-B012,3,M08-trial03,critic_debate,Critic debate,M08-T04,M08-T04-C02,scope_limit,1,0
M08,M08-B012,3,M08-trial03,critic_debate,Critic debate,M08-T05,M08-T05-C01,worker_effect,1,0
M08,M08-B012,3,M08-trial03,critic_debate,Critic debate,M08-T05,M08-T05-C02,worker_effect,1,0
M08,M08-B012,3,M08-trial03,critic_debate,Critic debate,M08-T06,M08-T06-C01,business_price_profit_effect,1,0
M08,M08-B012,3,M08-trial03,critic_debate,Critic debate,M08-T06,M08-T06-C02,business_price_profit_effect,1,0
M08,M08-B012,3,M08-trial03,critic_debate,Critic debate,M08-T06,M08-T06-C03,business_price_profit_effect,1,0
M08,M08-B012,3,M08-trial03,critic_debate,Critic debate,M08-T07,M08-T07-C01,employment_uncertainty,1,0
M08,M08-B012,3,M08-trial03,critic_debate,Critic debate,M08-T07,M08-T07-C02,employment_uncertainty,1,0
M08,M08-B012,3,M08-trial03,critic_debate,Critic debate,M08-T08,M08-T08-C01,government_cost_effect,1,0
M08,M08-B012,3,M08-trial03,critic_debate,Critic debate,M08-T08,M08-T08-C02,government_cost_effect,1,0
M08,M08-B012,3,M08-trial03,critic_debate,Critic debate,M08-T08,M08-T08-C03,government_cost_effect,0,1
M08,M08-B012,3,M08-trial03,critic_debate,Critic debate,M08-T08,M08-T08-C04,government_cost_effect,1,0
M08,M08-B012,3,M08-trial03,critic_debate,Critic debate,M08-T08,M08-T08-C05,government_cost_effect,1,0
M08,M08-B012,3,M08-trial03,critic_debate,Critic debate,M08-T09,M08-T09-C01,revenue_effect,1,0
M08,M08-B012,3,M08-trial03,critic_debate,Critic debate,M08-T09,M08-T09-C02,revenue_effect,1,0
M08,M08-B012,3,M08-trial03,critic_debate,Critic debate,M08-T09,M08-T09-C03,revenue_effect,1,0
M08,M08-B012,3,M08-trial03,critic_debate,Critic debate,M08-T09,M08-T09-C04,revenue_effect,1,0
M08,M08-B013,3,M08-trial03,independent_ensemble,Independent ensemble,M08-T01,M08-T01-C01,legal_baseline,1,0
M08,M08-B013,3,M08-trial03,independent_ensemble,Independent ensemble,M08-T01,M08-T01-C02,legal_baseline,1,0
M08,M08-B013,3,M08-trial03,independent_ensemble,Independent ensemble,M08-T01,M08-T01-C03,legal_baseline,1,0
M08,M08-B013,3,M08-trial03,independent_ensemble,Independent ensemble,M08-T02,M08-T02-C01,wage_schedule_2025,1,0
M08,M08-B013,3,M08-trial03,independent_ensemble,Independent ensemble,M08-T02,M08-T02-C02,wage_schedule_2025,1,0
M08,M08-B013,3,M08-trial03,independent_ensemble,Independent ensemble,M08-T02,M08-T02-C03,wage_schedule_2025,1,0
M08,M08-B013,3,M08-trial03,independent_ensemble,Independent ensemble,M08-T02,M08-T02-C04,wage_schedule_2025,1,0
M08,M08-B013,3,M08-trial03,independent_ensemble,Independent ensemble,M08-T03,M08-T03-C01,wage_schedule_2026,1,0
M08,M08-B013,3,M08-trial03,independent_ensemble,Independent ensemble,M08-T03,M08-T03-C02,wage_schedule_2026,1,0
M08,M08-B013,3,M08-trial03,independent_ensemble,Independent ensemble,M08-T03,M08-T03-C03,wage_schedule_2026,1,0
M08,M08-B013,3,M08-trial03,independent_ensemble,Independent ensemble,M08-T04,M08-T04-C01,scope_limit,1,0
M08,M08-B013,3,M08-trial03,independent_ensemble,Independent ensemble,M08-T04,M08-T04-C02,scope_limit,1,0
M08,M08-B013,3,M08-trial03,independent_ensemble,Independent ensemble,M08-T05,M08-T05-C01,worker_effect,1,0
M08,M08-B013,3,M08-trial03,independent_ensemble,Independent ensemble,M08-T05,M08-T05-C02,worker_effect,1,0
M08,M08-B013,3,M08-trial03,independent_ensemble,Independent ensemble,M08-T06,M08-T06-C01,business_price_profit_effect,1,0
M08,M08-B013,3,M08-trial03,independent_ensemble,Independent ensemble,M08-T06,M08-T06-C02,business_price_profit_effect,1,0
M08,M08-B013,3,M08-trial03,independent_ensemble,Independent ensemble,M08-T06,M08-T06-C03,business_price_profit_effect,1,0
M08,M08-B013,3,M08-trial03,independent_ensemble,Independent ensemble,M08-T07,M08-T07-C01,employment_uncertainty,1,0
M08,M08-B013,3,M08-trial03,independent_ensemble,Independent ensemble,M08-T07,M08-T07-C02,employment_uncertainty,1,0
M08,M08-B013,3,M08-trial03,independent_ensemble,Independent ensemble,M08-T08,M08-T08-C01,government_cost_effect,1,0
M08,M08-B013,3,M08-trial03,independent_ensemble,Independent ensemble,M08-T08,M08-T08-C02,government_cost_effect,1,0
M08,M08-B013,3,M08-trial03,independent_ensemble,Independent ensemble,M08-T08,M08-T08-C03,government_cost_effect,1,0
M08,M08-B013,3,M08-trial03,independent_ensemble,Independent ensemble,M08-T08,M08-T08-C04,government_cost_effect,1,0
M08,M08-B013,3,M08-trial03,independent_ensemble,Independent ensemble,M08-T08,M08-T08-C05,government_cost_effect,1,0
M08,M08-B013,3,M08-trial03,independent_ensemble,Independent ensemble,M08-T09,M08-T09-C01,revenue_effect,0,0
M08,M08-B013,3,M08-trial03,independent_ensemble,Independent ensemble,M08-T09,M08-T09-C02,revenue_effect,1,0
M08,M08-B013,3,M08-trial03,independent_ensemble,Independent ensemble,M08-T09,M08-T09-C03,revenue_effect,1,0
M08,M08-B013,3,M08-trial03,independent_ensemble,Independent ensemble,M08-T09,M08-T09-C04,revenue_effect,1,0
M08,M08-B014,1,M08-trial01,independent_ensemble,Independent ensemble,M08-T01,M08-T01-C01,legal_baseline,1,0
M08,M08-B014,1,M08-trial01,independent_ensemble,Independent ensemble,M08-T01,M08-T01-C02,legal_baseline,1,0
M08,M08-B014,1,M08-trial01,independent_ensemble,Independent ensemble,M08-T01,M08-T01-C03,legal_baseline,1,0
M08,M08-B014,1,M08-trial01,independent_ensemble,Independent ensemble,M08-T02,M08-T02-C01,wage_schedule_2025,1,0
M08,M08-B014,1,M08-trial01,independent_ensemble,Independent ensemble,M08-T02,M08-T02-C02,wage_schedule_2025,1,0
M08,M08-B014,1,M08-trial01,independent_ensemble,Independent ensemble,M08-T02,M08-T02-C03,wage_schedule_2025,1,0
M08,M08-B014,1,M08-trial01,independent_ensemble,Independent ensemble,M08-T02,M08-T02-C04,wage_schedule_2025,1,0
M08,M08-B014,1,M08-trial01,independent_ensemble,Independent ensemble,M08-T03,M08-T03-C01,wage_schedule_2026,1,0
M08,M08-B014,1,M08-trial01,independent_ensemble,Independent ensemble,M08-T03,M08-T03-C02,wage_schedule_2026,1,0
M08,M08-B014,1,M08-trial01,independent_ensemble,Independent ensemble,M08-T03,M08-T03-C03,wage_schedule_2026,1,0
M08,M08-B014,1,M08-trial01,independent_ensemble,Independent ensemble,M08-T04,M08-T04-C01,scope_limit,1,0
M08,M08-B014,1,M08-trial01,independent_ensemble,Independent ensemble,M08-T04,M08-T04-C02,scope_limit,1,0
M08,M08-B014,1,M08-trial01,independent_ensemble,Independent ensemble,M08-T05,M08-T05-C01,worker_effect,1,0
M08,M08-B014,1,M08-trial01,independent_ensemble,Independent ensemble,M08-T05,M08-T05-C02,worker_effect,1,0
M08,M08-B014,1,M08-trial01,independent_ensemble,Independent ensemble,M08-T06,M08-T06-C01,business_price_profit_effect,1,0
M08,M08-B014,1,M08-trial01,independent_ensemble,Independent ensemble,M08-T06,M08-T06-C02,business_price_profit_effect,1,0
M08,M08-B014,1,M08-trial01,independent_ensemble,Independent ensemble,M08-T06,M08-T06-C03,business_price_profit_effect,1,0
M08,M08-B014,1,M08-trial01,independent_ensemble,Independent ensemble,M08-T07,M08-T07-C01,employment_uncertainty,1,0
M08,M08-B014,1,M08-trial01,independent_ensemble,Independent ensemble,M08-T07,M08-T07-C02,employment_uncertainty,1,0
M08,M08-B014,1,M08-trial01,independent_ensemble,Independent ensemble,M08-T08,M08-T08-C01,government_cost_effect,1,0
M08,M08-B014,1,M08-trial01,independent_ensemble,Independent ensemble,M08-T08,M08-T08-C02,government_cost_effect,1,0
M08,M08-B014,1,M08-trial01,independent_ensemble,Independent ensemble,M08-T08,M08-T08-C03,government_cost_effect,1,0
M08,M08-B014,1,M08-trial01,independent_ensemble,Independent ensemble,M08-T08,M08-T08-C04,government_cost_effect,1,0
M08,M08-B014,1,M08-trial01,independent_ensemble,Independent ensemble,M08-T08,M08-T08-C05,government_cost_effect,1,0
M08,M08-B014,1,M08-trial01,independent_ensemble,Independent ensemble,M08-T09,M08-T09-C01,revenue_effect,0,0
M08,M08-B014,1,M08-trial01,independent_ensemble,Independent ensemble,M08-T09,M08-T09-C02,revenue_effect,1,0
M08,M08-B014,1,M08-trial01,independent_ensemble,Independent ensemble,M08-T09,M08-T09-C03,revenue_effect,1,0
M08,M08-B014,1,M08-trial01,independent_ensemble,Independent ensemble,M08-T09,M08-T09-C04,revenue_effect,1,0
M08,M08-B015,4,M08-trial04,single_agent,Single agent,M08-T01,M08-T01-C01,legal_baseline,1,0
M08,M08-B015,4,M08-trial04,single_agent,Single agent,M08-T01,M08-T01-C02,legal_baseline,1,0
M08,M08-B015,4,M08-trial04,single_agent,Single agent,M08-T01,M08-T01-C03,legal_baseline,1,0
M08,M08-B015,4,M08-trial04,single_agent,Single agent,M08-T02,M08-T02-C01,wage_schedule_2025,1,0
M08,M08-B015,4,M08-trial04,single_agent,Single agent,M08-T02,M08-T02-C02,wage_schedule_2025,1,0
M08,M08-B015,4,M08-trial04,single_agent,Single agent,M08-T02,M08-T02-C03,wage_schedule_2025,1,0
M08,M08-B015,4,M08-trial04,single_agent,Single agent,M08-T02,M08-T02-C04,wage_schedule_2025,1,0
M08,M08-B015,4,M08-trial04,single_agent,Single agent,M08-T03,M08-T03-C01,wage_schedule_2026,1,0
M08,M08-B015,4,M08-trial04,single_agent,Single agent,M08-T03,M08-T03-C02,wage_schedule_2026,1,0
M08,M08-B015,4,M08-trial04,single_agent,Single agent,M08-T03,M08-T03-C03,wage_schedule_2026,1,0
M08,M08-B015,4,M08-trial04,single_agent,Single agent,M08-T04,M08-T04-C01,scope_limit,1,0
M08,M08-B015,4,M08-trial04,single_agent,Single agent,M08-T04,M08-T04-C02,scope_limit,1,0
M08,M08-B015,4,M08-trial04,single_agent,Single agent,M08-T05,M08-T05-C01,worker_effect,1,0
M08,M08-B015,4,M08-trial04,single_agent,Single agent,M08-T05,M08-T05-C02,worker_effect,1,0
M08,M08-B015,4,M08-trial04,single_agent,Single agent,M08-T06,M08-T06-C01,business_price_profit_effect,1,0
M08,M08-B015,4,M08-trial04,single_agent,Single agent,M08-T06,M08-T06-C02,business_price_profit_effect,1,0
M08,M08-B015,4,M08-trial04,single_agent,Single agent,M08-T06,M08-T06-C03,business_price_profit_effect,1,0
M08,M08-B015,4,M08-trial04,single_agent,Single agent,M08-T07,M08-T07-C01,employment_uncertainty,1,0
M08,M08-B015,4,M08-trial04,single_agent,Single agent,M08-T07,M08-T07-C02,employment_uncertainty,1,0
M08,M08-B015,4,M08-trial04,single_agent,Single agent,M08-T08,M08-T08-C01,government_cost_effect,1,0
M08,M08-B015,4,M08-trial04,single_agent,Single agent,M08-T08,M08-T08-C02,government_cost_effect,1,0
M08,M08-B015,4,M08-trial04,single_agent,Single agent,M08-T08,M08-T08-C03,government_cost_effect,1,0
M08,M08-B015,4,M08-trial04,single_agent,Single agent,M08-T08,M08-T08-C04,government_cost_effect,1,0
M08,M08-B015,4,M08-trial04,single_agent,Single agent,M08-T08,M08-T08-C05,government_cost_effect,1,0
M08,M08-B015,4,M08-trial04,single_agent,Single agent,M08-T09,M08-T09-C01,revenue_effect,0,0
M08,M08-B015,4,M08-trial04,single_agent,Single agent,M08-T09,M08-T09-C02,revenue_effect,1,0
M08,M08-B015,4,M08-trial04,single_agent,Single agent,M08-T09,M08-T09-C03,revenue_effect,1,0
M08,M08-B015,4,M08-trial04,single_agent,Single agent,M08-T09,M08-T09-C04,revenue_effect,1,0
M08,M08-B016,1,M08-trial01,critic_debate,Critic debate,M08-T01,M08-T01-C01,legal_baseline,1,0
M08,M08-B016,1,M08-trial01,critic_debate,Critic debate,M08-T01,M08-T01-C02,legal_baseline,1,0
M08,M08-B016,1,M08-trial01,critic_debate,Critic debate,M08-T01,M08-T01-C03,legal_baseline,1,0
M08,M08-B016,1,M08-trial01,critic_debate,Critic debate,M08-T02,M08-T02-C01,wage_schedule_2025,1,0
M08,M08-B016,1,M08-trial01,critic_debate,Critic debate,M08-T02,M08-T02-C02,wage_schedule_2025,1,0
M08,M08-B016,1,M08-trial01,critic_debate,Critic debate,M08-T02,M08-T02-C03,wage_schedule_2025,1,0
M08,M08-B016,1,M08-trial01,critic_debate,Critic debate,M08-T02,M08-T02-C04,wage_schedule_2025,1,0
M08,M08-B016,1,M08-trial01,critic_debate,Critic debate,M08-T03,M08-T03-C01,wage_schedule_2026,1,0
M08,M08-B016,1,M08-trial01,critic_debate,Critic debate,M08-T03,M08-T03-C02,wage_schedule_2026,1,0
M08,M08-B016,1,M08-trial01,critic_debate,Critic debate,M08-T03,M08-T03-C03,wage_schedule_2026,1,0
M08,M08-B016,1,M08-trial01,critic_debate,Critic debate,M08-T04,M08-T04-C01,scope_limit,1,0
M08,M08-B016,1,M08-trial01,critic_debate,Critic debate,M08-T04,M08-T04-C02,scope_limit,1,0
M08,M08-B016,1,M08-trial01,critic_debate,Critic debate,M08-T05,M08-T05-C01,worker_effect,1,0
M08,M08-B016,1,M08-trial01,critic_debate,Critic debate,M08-T05,M08-T05-C02,worker_effect,1,0
M08,M08-B016,1,M08-trial01,critic_debate,Critic debate,M08-T06,M08-T06-C01,business_price_profit_effect,1,0
M08,M08-B016,1,M08-trial01,critic_debate,Critic debate,M08-T06,M08-T06-C02,business_price_profit_effect,1,0
M08,M08-B016,1,M08-trial01,critic_debate,Critic debate,M08-T06,M08-T06-C03,business_price_profit_effect,1,0
M08,M08-B016,1,M08-trial01,critic_debate,Critic debate,M08-T07,M08-T07-C01,employment_uncertainty,1,0
M08,M08-B016,1,M08-trial01,critic_debate,Critic debate,M08-T07,M08-T07-C02,employment_uncertainty,1,0
M08,M08-B016,1,M08-trial01,critic_debate,Critic debate,M08-T08,M08-T08-C01,government_cost_effect,1,0
M08,M08-B016,1,M08-trial01,critic_debate,Critic debate,M08-T08,M08-T08-C02,government_cost_effect,1,0
M08,M08-B016,1,M08-trial01,critic_debate,Critic debate,M08-T08,M08-T08-C03,government_cost_effect,1,0
M08,M08-B016,1,M08-trial01,critic_debate,Critic debate,M08-T08,M08-T08-C04,government_cost_effect,1,0
M08,M08-B016,1,M08-trial01,critic_debate,Critic debate,M08-T08,M08-T08-C05,government_cost_effect,1,0
M08,M08-B016,1,M08-trial01,critic_debate,Critic debate,M08-T09,M08-T09-C01,revenue_effect,1,0
M08,M08-B016,1,M08-trial01,critic_debate,Critic debate,M08-T09,M08-T09-C02,revenue_effect,1,0
M08,M08-B016,1,M08-trial01,critic_debate,Critic debate,M08-T09,M08-T09-C03,revenue_effect,1,0
M08,M08-B016,1,M08-trial01,critic_debate,Critic debate,M08-T09,M08-T09-C04,revenue_effect,1,0
M09,M09-B001,1,M09-trial01,normal_debate,Normal debate,M09-T01,M09-T01-C01,legal_baseline,1,0
M09,M09-B001,1,M09-trial01,normal_debate,Normal debate,M09-T01,M09-T01-C02,legal_baseline,0,1
M09,M09-B001,1,M09-trial01,normal_debate,Normal debate,M09-T01,M09-T01-C03,legal_baseline,1,0
M09,M09-B001,1,M09-trial01,normal_debate,Normal debate,M09-T02,M09-T02-C01,policy_change,1,0
M09,M09-B001,1,M09-trial01,normal_debate,Normal debate,M09-T02,M09-T02-C02,policy_change,1,0
M09,M09-B001,1,M09-trial01,normal_debate,Normal debate,M09-T02,M09-T02-C03,policy_change,1,0
M09,M09-B001,1,M09-trial01,normal_debate,Normal debate,M09-T03,M09-T03-C01,implementation_condition,1,0
M09,M09-B001,1,M09-trial01,normal_debate,Normal debate,M09-T03,M09-T03-C02,implementation_condition,1,0
M09,M09-B001,1,M09-trial01,normal_debate,Normal debate,M09-T04,M09-T04-C01,state_authority_limit,1,0
M09,M09-B001,1,M09-trial01,normal_debate,Normal debate,M09-T05,M09-T05-C01,renter_effects,1,0
M09,M09-B001,1,M09-trial01,normal_debate,Normal debate,M09-T05,M09-T05-C02,renter_effects,1,0
M09,M09-B001,1,M09-trial01,normal_debate,Normal debate,M09-T05,M09-T05-C03,renter_effects,1,0
M09,M09-B001,1,M09-trial01,normal_debate,Normal debate,M09-T06,M09-T06-C01,rental_supply_effect,1,0
M09,M09-B001,1,M09-trial01,normal_debate,Normal debate,M09-T06,M09-T06-C02,rental_supply_effect,1,0
M09,M09-B001,1,M09-trial01,normal_debate,Normal debate,M09-T07,M09-T07-C01,property_value_effect,1,0
M09,M09-B001,1,M09-trial01,normal_debate,Normal debate,M09-T08,M09-T08-C01,effect_uncertainty,1,0
M09,M09-B001,1,M09-trial01,normal_debate,Normal debate,M09-T08,M09-T08-C02,effect_uncertainty,1,0
M09,M09-B001,1,M09-trial01,normal_debate,Normal debate,M09-T09,M09-T09-C01,property_tax_effect,1,0
M09,M09-B001,1,M09-trial01,normal_debate,Normal debate,M09-T09,M09-T09-C02,property_tax_effect,1,0
M09,M09-B001,1,M09-trial01,normal_debate,Normal debate,M09-T09,M09-T09-C03,property_tax_effect,1,0
M09,M09-B001,1,M09-trial01,normal_debate,Normal debate,M09-T09,M09-T09-C04,property_tax_effect,1,0
M09,M09-B001,1,M09-trial01,normal_debate,Normal debate,M09-T09,M09-T09-C05,property_tax_effect,1,0
M09,M09-B001,1,M09-trial01,normal_debate,Normal debate,M09-T10,M09-T10-C01,administrative_cost,1,0
M09,M09-B001,1,M09-trial01,normal_debate,Normal debate,M09-T10,M09-T10-C02,administrative_cost,1,0
M09,M09-B001,1,M09-trial01,normal_debate,Normal debate,M09-T10,M09-T10-C03,administrative_cost,1,0
M09,M09-B002,1,M09-trial01,critic_debate,Critic debate,M09-T01,M09-T01-C01,legal_baseline,1,0
M09,M09-B002,1,M09-trial01,critic_debate,Critic debate,M09-T01,M09-T01-C02,legal_baseline,0,2
M09,M09-B002,1,M09-trial01,critic_debate,Critic debate,M09-T01,M09-T01-C03,legal_baseline,1,0
M09,M09-B002,1,M09-trial01,critic_debate,Critic debate,M09-T02,M09-T02-C01,policy_change,1,0
M09,M09-B002,1,M09-trial01,critic_debate,Critic debate,M09-T02,M09-T02-C02,policy_change,1,0
M09,M09-B002,1,M09-trial01,critic_debate,Critic debate,M09-T02,M09-T02-C03,policy_change,1,0
M09,M09-B002,1,M09-trial01,critic_debate,Critic debate,M09-T03,M09-T03-C01,implementation_condition,1,0
M09,M09-B002,1,M09-trial01,critic_debate,Critic debate,M09-T03,M09-T03-C02,implementation_condition,1,0
M09,M09-B002,1,M09-trial01,critic_debate,Critic debate,M09-T04,M09-T04-C01,state_authority_limit,1,0
M09,M09-B002,1,M09-trial01,critic_debate,Critic debate,M09-T05,M09-T05-C01,renter_effects,1,0
M09,M09-B002,1,M09-trial01,critic_debate,Critic debate,M09-T05,M09-T05-C02,renter_effects,1,0
M09,M09-B002,1,M09-trial01,critic_debate,Critic debate,M09-T05,M09-T05-C03,renter_effects,1,0
M09,M09-B002,1,M09-trial01,critic_debate,Critic debate,M09-T06,M09-T06-C01,rental_supply_effect,1,0
M09,M09-B002,1,M09-trial01,critic_debate,Critic debate,M09-T06,M09-T06-C02,rental_supply_effect,1,0
M09,M09-B002,1,M09-trial01,critic_debate,Critic debate,M09-T07,M09-T07-C01,property_value_effect,1,0
M09,M09-B002,1,M09-trial01,critic_debate,Critic debate,M09-T08,M09-T08-C01,effect_uncertainty,1,0
M09,M09-B002,1,M09-trial01,critic_debate,Critic debate,M09-T08,M09-T08-C02,effect_uncertainty,1,0
M09,M09-B002,1,M09-trial01,critic_debate,Critic debate,M09-T09,M09-T09-C01,property_tax_effect,1,0
M09,M09-B002,1,M09-trial01,critic_debate,Critic debate,M09-T09,M09-T09-C02,property_tax_effect,1,0
M09,M09-B002,1,M09-trial01,critic_debate,Critic debate,M09-T09,M09-T09-C03,property_tax_effect,1,0
M09,M09-B002,1,M09-trial01,critic_debate,Critic debate,M09-T09,M09-T09-C04,property_tax_effect,1,0
M09,M09-B002,1,M09-trial01,critic_debate,Critic debate,M09-T09,M09-T09-C05,property_tax_effect,1,0
M09,M09-B002,1,M09-trial01,critic_debate,Critic debate,M09-T10,M09-T10-C01,administrative_cost,1,0
M09,M09-B002,1,M09-trial01,critic_debate,Critic debate,M09-T10,M09-T10-C02,administrative_cost,1,0
M09,M09-B002,1,M09-trial01,critic_debate,Critic debate,M09-T10,M09-T10-C03,administrative_cost,1,0
M09,M09-B003,2,M09-trial02,independent_ensemble,Independent ensemble,M09-T01,M09-T01-C01,legal_baseline,1,0
M09,M09-B003,2,M09-trial02,independent_ensemble,Independent ensemble,M09-T01,M09-T01-C02,legal_baseline,0,2
M09,M09-B003,2,M09-trial02,independent_ensemble,Independent ensemble,M09-T01,M09-T01-C03,legal_baseline,1,0
M09,M09-B003,2,M09-trial02,independent_ensemble,Independent ensemble,M09-T02,M09-T02-C01,policy_change,1,0
M09,M09-B003,2,M09-trial02,independent_ensemble,Independent ensemble,M09-T02,M09-T02-C02,policy_change,1,0
M09,M09-B003,2,M09-trial02,independent_ensemble,Independent ensemble,M09-T02,M09-T02-C03,policy_change,1,0
M09,M09-B003,2,M09-trial02,independent_ensemble,Independent ensemble,M09-T03,M09-T03-C01,implementation_condition,1,0
M09,M09-B003,2,M09-trial02,independent_ensemble,Independent ensemble,M09-T03,M09-T03-C02,implementation_condition,1,0
M09,M09-B003,2,M09-trial02,independent_ensemble,Independent ensemble,M09-T04,M09-T04-C01,state_authority_limit,1,0
M09,M09-B003,2,M09-trial02,independent_ensemble,Independent ensemble,M09-T05,M09-T05-C01,renter_effects,1,0
M09,M09-B003,2,M09-trial02,independent_ensemble,Independent ensemble,M09-T05,M09-T05-C02,renter_effects,1,0
M09,M09-B003,2,M09-trial02,independent_ensemble,Independent ensemble,M09-T05,M09-T05-C03,renter_effects,1,0
M09,M09-B003,2,M09-trial02,independent_ensemble,Independent ensemble,M09-T06,M09-T06-C01,rental_supply_effect,1,0
M09,M09-B003,2,M09-trial02,independent_ensemble,Independent ensemble,M09-T06,M09-T06-C02,rental_supply_effect,1,0
M09,M09-B003,2,M09-trial02,independent_ensemble,Independent ensemble,M09-T07,M09-T07-C01,property_value_effect,1,0
M09,M09-B003,2,M09-trial02,independent_ensemble,Independent ensemble,M09-T08,M09-T08-C01,effect_uncertainty,1,0
M09,M09-B003,2,M09-trial02,independent_ensemble,Independent ensemble,M09-T08,M09-T08-C02,effect_uncertainty,1,0
M09,M09-B003,2,M09-trial02,independent_ensemble,Independent ensemble,M09-T09,M09-T09-C01,property_tax_effect,1,0
M09,M09-B003,2,M09-trial02,independent_ensemble,Independent ensemble,M09-T09,M09-T09-C02,property_tax_effect,1,0
M09,M09-B003,2,M09-trial02,independent_ensemble,Independent ensemble,M09-T09,M09-T09-C03,property_tax_effect,1,0
M09,M09-B003,2,M09-trial02,independent_ensemble,Independent ensemble,M09-T09,M09-T09-C04,property_tax_effect,1,0
M09,M09-B003,2,M09-trial02,independent_ensemble,Independent ensemble,M09-T09,M09-T09-C05,property_tax_effect,1,0
M09,M09-B003,2,M09-trial02,independent_ensemble,Independent ensemble,M09-T10,M09-T10-C01,administrative_cost,1,0
M09,M09-B003,2,M09-trial02,independent_ensemble,Independent ensemble,M09-T10,M09-T10-C02,administrative_cost,1,0
M09,M09-B003,2,M09-trial02,independent_ensemble,Independent ensemble,M09-T10,M09-T10-C03,administrative_cost,1,0
M09,M09-B004,4,M09-trial04,single_agent,Single agent,M09-T01,M09-T01-C01,legal_baseline,1,0
M09,M09-B004,4,M09-trial04,single_agent,Single agent,M09-T01,M09-T01-C02,legal_baseline,0,1
M09,M09-B004,4,M09-trial04,single_agent,Single agent,M09-T01,M09-T01-C03,legal_baseline,1,0
M09,M09-B004,4,M09-trial04,single_agent,Single agent,M09-T02,M09-T02-C01,policy_change,1,0
M09,M09-B004,4,M09-trial04,single_agent,Single agent,M09-T02,M09-T02-C02,policy_change,1,0
M09,M09-B004,4,M09-trial04,single_agent,Single agent,M09-T02,M09-T02-C03,policy_change,1,0
M09,M09-B004,4,M09-trial04,single_agent,Single agent,M09-T03,M09-T03-C01,implementation_condition,1,0
M09,M09-B004,4,M09-trial04,single_agent,Single agent,M09-T03,M09-T03-C02,implementation_condition,1,0
M09,M09-B004,4,M09-trial04,single_agent,Single agent,M09-T04,M09-T04-C01,state_authority_limit,1,0
M09,M09-B004,4,M09-trial04,single_agent,Single agent,M09-T05,M09-T05-C01,renter_effects,1,0
M09,M09-B004,4,M09-trial04,single_agent,Single agent,M09-T05,M09-T05-C02,renter_effects,1,0
M09,M09-B004,4,M09-trial04,single_agent,Single agent,M09-T05,M09-T05-C03,renter_effects,1,0
M09,M09-B004,4,M09-trial04,single_agent,Single agent,M09-T06,M09-T06-C01,rental_supply_effect,1,0
M09,M09-B004,4,M09-trial04,single_agent,Single agent,M09-T06,M09-T06-C02,rental_supply_effect,1,0
M09,M09-B004,4,M09-trial04,single_agent,Single agent,M09-T07,M09-T07-C01,property_value_effect,1,0
M09,M09-B004,4,M09-trial04,single_agent,Single agent,M09-T08,M09-T08-C01,effect_uncertainty,1,0
M09,M09-B004,4,M09-trial04,single_agent,Single agent,M09-T08,M09-T08-C02,effect_uncertainty,1,0
M09,M09-B004,4,M09-trial04,single_agent,Single agent,M09-T09,M09-T09-C01,property_tax_effect,1,0
M09,M09-B004,4,M09-trial04,single_agent,Single agent,M09-T09,M09-T09-C02,property_tax_effect,1,0
M09,M09-B004,4,M09-trial04,single_agent,Single agent,M09-T09,M09-T09-C03,property_tax_effect,1,0
M09,M09-B004,4,M09-trial04,single_agent,Single agent,M09-T09,M09-T09-C04,property_tax_effect,1,0
M09,M09-B004,4,M09-trial04,single_agent,Single agent,M09-T09,M09-T09-C05,property_tax_effect,1,0
M09,M09-B004,4,M09-trial04,single_agent,Single agent,M09-T10,M09-T10-C01,administrative_cost,1,0
M09,M09-B004,4,M09-trial04,single_agent,Single agent,M09-T10,M09-T10-C02,administrative_cost,1,0
M09,M09-B004,4,M09-trial04,single_agent,Single agent,M09-T10,M09-T10-C03,administrative_cost,1,0
M09,M09-B005,2,M09-trial02,normal_debate,Normal debate,M09-T01,M09-T01-C01,legal_baseline,1,0
M09,M09-B005,2,M09-trial02,normal_debate,Normal debate,M09-T01,M09-T01-C02,legal_baseline,0,1
M09,M09-B005,2,M09-trial02,normal_debate,Normal debate,M09-T01,M09-T01-C03,legal_baseline,1,0
M09,M09-B005,2,M09-trial02,normal_debate,Normal debate,M09-T02,M09-T02-C01,policy_change,1,0
M09,M09-B005,2,M09-trial02,normal_debate,Normal debate,M09-T02,M09-T02-C02,policy_change,1,0
M09,M09-B005,2,M09-trial02,normal_debate,Normal debate,M09-T02,M09-T02-C03,policy_change,1,0
M09,M09-B005,2,M09-trial02,normal_debate,Normal debate,M09-T03,M09-T03-C01,implementation_condition,1,0
M09,M09-B005,2,M09-trial02,normal_debate,Normal debate,M09-T03,M09-T03-C02,implementation_condition,1,0
M09,M09-B005,2,M09-trial02,normal_debate,Normal debate,M09-T04,M09-T04-C01,state_authority_limit,1,0
M09,M09-B005,2,M09-trial02,normal_debate,Normal debate,M09-T05,M09-T05-C01,renter_effects,1,0
M09,M09-B005,2,M09-trial02,normal_debate,Normal debate,M09-T05,M09-T05-C02,renter_effects,1,0
M09,M09-B005,2,M09-trial02,normal_debate,Normal debate,M09-T05,M09-T05-C03,renter_effects,1,0
M09,M09-B005,2,M09-trial02,normal_debate,Normal debate,M09-T06,M09-T06-C01,rental_supply_effect,1,0
M09,M09-B005,2,M09-trial02,normal_debate,Normal debate,M09-T06,M09-T06-C02,rental_supply_effect,1,0
M09,M09-B005,2,M09-trial02,normal_debate,Normal debate,M09-T07,M09-T07-C01,property_value_effect,1,0
M09,M09-B005,2,M09-trial02,normal_debate,Normal debate,M09-T08,M09-T08-C01,effect_uncertainty,1,0
M09,M09-B005,2,M09-trial02,normal_debate,Normal debate,M09-T08,M09-T08-C02,effect_uncertainty,1,0
M09,M09-B005,2,M09-trial02,normal_debate,Normal debate,M09-T09,M09-T09-C01,property_tax_effect,1,0
M09,M09-B005,2,M09-trial02,normal_debate,Normal debate,M09-T09,M09-T09-C02,property_tax_effect,1,0
M09,M09-B005,2,M09-trial02,normal_debate,Normal debate,M09-T09,M09-T09-C03,property_tax_effect,1,0
M09,M09-B005,2,M09-trial02,normal_debate,Normal debate,M09-T09,M09-T09-C04,property_tax_effect,1,0
M09,M09-B005,2,M09-trial02,normal_debate,Normal debate,M09-T09,M09-T09-C05,property_tax_effect,1,0
M09,M09-B005,2,M09-trial02,normal_debate,Normal debate,M09-T10,M09-T10-C01,administrative_cost,1,0
M09,M09-B005,2,M09-trial02,normal_debate,Normal debate,M09-T10,M09-T10-C02,administrative_cost,1,0
M09,M09-B005,2,M09-trial02,normal_debate,Normal debate,M09-T10,M09-T10-C03,administrative_cost,1,0
M09,M09-B006,3,M09-trial03,independent_ensemble,Independent ensemble,M09-T01,M09-T01-C01,legal_baseline,1,0
M09,M09-B006,3,M09-trial03,independent_ensemble,Independent ensemble,M09-T01,M09-T01-C02,legal_baseline,0,1
M09,M09-B006,3,M09-trial03,independent_ensemble,Independent ensemble,M09-T01,M09-T01-C03,legal_baseline,1,0
M09,M09-B006,3,M09-trial03,independent_ensemble,Independent ensemble,M09-T02,M09-T02-C01,policy_change,1,0
M09,M09-B006,3,M09-trial03,independent_ensemble,Independent ensemble,M09-T02,M09-T02-C02,policy_change,1,0
M09,M09-B006,3,M09-trial03,independent_ensemble,Independent ensemble,M09-T02,M09-T02-C03,policy_change,1,0
M09,M09-B006,3,M09-trial03,independent_ensemble,Independent ensemble,M09-T03,M09-T03-C01,implementation_condition,1,0
M09,M09-B006,3,M09-trial03,independent_ensemble,Independent ensemble,M09-T03,M09-T03-C02,implementation_condition,1,0
M09,M09-B006,3,M09-trial03,independent_ensemble,Independent ensemble,M09-T04,M09-T04-C01,state_authority_limit,1,0
M09,M09-B006,3,M09-trial03,independent_ensemble,Independent ensemble,M09-T05,M09-T05-C01,renter_effects,1,0
M09,M09-B006,3,M09-trial03,independent_ensemble,Independent ensemble,M09-T05,M09-T05-C02,renter_effects,1,0
M09,M09-B006,3,M09-trial03,independent_ensemble,Independent ensemble,M09-T05,M09-T05-C03,renter_effects,1,0
M09,M09-B006,3,M09-trial03,independent_ensemble,Independent ensemble,M09-T06,M09-T06-C01,rental_supply_effect,1,0
M09,M09-B006,3,M09-trial03,independent_ensemble,Independent ensemble,M09-T06,M09-T06-C02,rental_supply_effect,1,0
M09,M09-B006,3,M09-trial03,independent_ensemble,Independent ensemble,M09-T07,M09-T07-C01,property_value_effect,1,0
M09,M09-B006,3,M09-trial03,independent_ensemble,Independent ensemble,M09-T08,M09-T08-C01,effect_uncertainty,1,0
M09,M09-B006,3,M09-trial03,independent_ensemble,Independent ensemble,M09-T08,M09-T08-C02,effect_uncertainty,1,0
M09,M09-B006,3,M09-trial03,independent_ensemble,Independent ensemble,M09-T09,M09-T09-C01,property_tax_effect,1,0
M09,M09-B006,3,M09-trial03,independent_ensemble,Independent ensemble,M09-T09,M09-T09-C02,property_tax_effect,1,0
M09,M09-B006,3,M09-trial03,independent_ensemble,Independent ensemble,M09-T09,M09-T09-C03,property_tax_effect,1,0
M09,M09-B006,3,M09-trial03,independent_ensemble,Independent ensemble,M09-T09,M09-T09-C04,property_tax_effect,1,0
M09,M09-B006,3,M09-trial03,independent_ensemble,Independent ensemble,M09-T09,M09-T09-C05,property_tax_effect,1,0
M09,M09-B006,3,M09-trial03,independent_ensemble,Independent ensemble,M09-T10,M09-T10-C01,administrative_cost,1,0
M09,M09-B006,3,M09-trial03,independent_ensemble,Independent ensemble,M09-T10,M09-T10-C02,administrative_cost,1,0
M09,M09-B006,3,M09-trial03,independent_ensemble,Independent ensemble,M09-T10,M09-T10-C03,administrative_cost,1,0
M09,M09-B007,4,M09-trial04,critic_debate,Critic debate,M09-T01,M09-T01-C01,legal_baseline,1,0
M09,M09-B007,4,M09-trial04,critic_debate,Critic debate,M09-T01,M09-T01-C02,legal_baseline,0,1
M09,M09-B007,4,M09-trial04,critic_debate,Critic debate,M09-T01,M09-T01-C03,legal_baseline,1,0
M09,M09-B007,4,M09-trial04,critic_debate,Critic debate,M09-T02,M09-T02-C01,policy_change,1,0
M09,M09-B007,4,M09-trial04,critic_debate,Critic debate,M09-T02,M09-T02-C02,policy_change,1,0
M09,M09-B007,4,M09-trial04,critic_debate,Critic debate,M09-T02,M09-T02-C03,policy_change,1,0
M09,M09-B007,4,M09-trial04,critic_debate,Critic debate,M09-T03,M09-T03-C01,implementation_condition,1,0
M09,M09-B007,4,M09-trial04,critic_debate,Critic debate,M09-T03,M09-T03-C02,implementation_condition,1,0
M09,M09-B007,4,M09-trial04,critic_debate,Critic debate,M09-T04,M09-T04-C01,state_authority_limit,1,0
M09,M09-B007,4,M09-trial04,critic_debate,Critic debate,M09-T05,M09-T05-C01,renter_effects,1,0
M09,M09-B007,4,M09-trial04,critic_debate,Critic debate,M09-T05,M09-T05-C02,renter_effects,1,0
M09,M09-B007,4,M09-trial04,critic_debate,Critic debate,M09-T05,M09-T05-C03,renter_effects,1,0
M09,M09-B007,4,M09-trial04,critic_debate,Critic debate,M09-T06,M09-T06-C01,rental_supply_effect,1,0
M09,M09-B007,4,M09-trial04,critic_debate,Critic debate,M09-T06,M09-T06-C02,rental_supply_effect,1,0
M09,M09-B007,4,M09-trial04,critic_debate,Critic debate,M09-T07,M09-T07-C01,property_value_effect,1,0
M09,M09-B007,4,M09-trial04,critic_debate,Critic debate,M09-T08,M09-T08-C01,effect_uncertainty,1,0
M09,M09-B007,4,M09-trial04,critic_debate,Critic debate,M09-T08,M09-T08-C02,effect_uncertainty,1,0
M09,M09-B007,4,M09-trial04,critic_debate,Critic debate,M09-T09,M09-T09-C01,property_tax_effect,1,0
M09,M09-B007,4,M09-trial04,critic_debate,Critic debate,M09-T09,M09-T09-C02,property_tax_effect,1,0
M09,M09-B007,4,M09-trial04,critic_debate,Critic debate,M09-T09,M09-T09-C03,property_tax_effect,1,0
M09,M09-B007,4,M09-trial04,critic_debate,Critic debate,M09-T09,M09-T09-C04,property_tax_effect,1,0
M09,M09-B007,4,M09-trial04,critic_debate,Critic debate,M09-T09,M09-T09-C05,property_tax_effect,1,0
M09,M09-B007,4,M09-trial04,critic_debate,Critic debate,M09-T10,M09-T10-C01,administrative_cost,1,0
M09,M09-B007,4,M09-trial04,critic_debate,Critic debate,M09-T10,M09-T10-C02,administrative_cost,1,0
M09,M09-B007,4,M09-trial04,critic_debate,Critic debate,M09-T10,M09-T10-C03,administrative_cost,1,0
M09,M09-B008,1,M09-trial01,independent_ensemble,Independent ensemble,M09-T01,M09-T01-C01,legal_baseline,1,0
M09,M09-B008,1,M09-trial01,independent_ensemble,Independent ensemble,M09-T01,M09-T01-C02,legal_baseline,0,2
M09,M09-B008,1,M09-trial01,independent_ensemble,Independent ensemble,M09-T01,M09-T01-C03,legal_baseline,1,0
M09,M09-B008,1,M09-trial01,independent_ensemble,Independent ensemble,M09-T02,M09-T02-C01,policy_change,1,0
M09,M09-B008,1,M09-trial01,independent_ensemble,Independent ensemble,M09-T02,M09-T02-C02,policy_change,1,0
M09,M09-B008,1,M09-trial01,independent_ensemble,Independent ensemble,M09-T02,M09-T02-C03,policy_change,1,0
M09,M09-B008,1,M09-trial01,independent_ensemble,Independent ensemble,M09-T03,M09-T03-C01,implementation_condition,1,0
M09,M09-B008,1,M09-trial01,independent_ensemble,Independent ensemble,M09-T03,M09-T03-C02,implementation_condition,1,0
M09,M09-B008,1,M09-trial01,independent_ensemble,Independent ensemble,M09-T04,M09-T04-C01,state_authority_limit,1,0
M09,M09-B008,1,M09-trial01,independent_ensemble,Independent ensemble,M09-T05,M09-T05-C01,renter_effects,1,0
M09,M09-B008,1,M09-trial01,independent_ensemble,Independent ensemble,M09-T05,M09-T05-C02,renter_effects,1,0
M09,M09-B008,1,M09-trial01,independent_ensemble,Independent ensemble,M09-T05,M09-T05-C03,renter_effects,1,0
M09,M09-B008,1,M09-trial01,independent_ensemble,Independent ensemble,M09-T06,M09-T06-C01,rental_supply_effect,1,0
M09,M09-B008,1,M09-trial01,independent_ensemble,Independent ensemble,M09-T06,M09-T06-C02,rental_supply_effect,1,0
M09,M09-B008,1,M09-trial01,independent_ensemble,Independent ensemble,M09-T07,M09-T07-C01,property_value_effect,1,0
M09,M09-B008,1,M09-trial01,independent_ensemble,Independent ensemble,M09-T08,M09-T08-C01,effect_uncertainty,1,0
M09,M09-B008,1,M09-trial01,independent_ensemble,Independent ensemble,M09-T08,M09-T08-C02,effect_uncertainty,1,0
M09,M09-B008,1,M09-trial01,independent_ensemble,Independent ensemble,M09-T09,M09-T09-C01,property_tax_effect,1,0
M09,M09-B008,1,M09-trial01,independent_ensemble,Independent ensemble,M09-T09,M09-T09-C02,property_tax_effect,1,0
M09,M09-B008,1,M09-trial01,independent_ensemble,Independent ensemble,M09-T09,M09-T09-C03,property_tax_effect,1,0
M09,M09-B008,1,M09-trial01,independent_ensemble,Independent ensemble,M09-T09,M09-T09-C04,property_tax_effect,1,0
M09,M09-B008,1,M09-trial01,independent_ensemble,Independent ensemble,M09-T09,M09-T09-C05,property_tax_effect,1,0
M09,M09-B008,1,M09-trial01,independent_ensemble,Independent ensemble,M09-T10,M09-T10-C01,administrative_cost,1,0
M09,M09-B008,1,M09-trial01,independent_ensemble,Independent ensemble,M09-T10,M09-T10-C02,administrative_cost,1,0
M09,M09-B008,1,M09-trial01,independent_ensemble,Independent ensemble,M09-T10,M09-T10-C03,administrative_cost,1,0
M09,M09-B009,3,M09-trial03,critic_debate,Critic debate,M09-T01,M09-T01-C01,legal_baseline,1,0
M09,M09-B009,3,M09-trial03,critic_debate,Critic debate,M09-T01,M09-T01-C02,legal_baseline,0,2
M09,M09-B009,3,M09-trial03,critic_debate,Critic debate,M09-T01,M09-T01-C03,legal_baseline,1,0
M09,M09-B009,3,M09-trial03,critic_debate,Critic debate,M09-T02,M09-T02-C01,policy_change,1,0
M09,M09-B009,3,M09-trial03,critic_debate,Critic debate,M09-T02,M09-T02-C02,policy_change,1,0
M09,M09-B009,3,M09-trial03,critic_debate,Critic debate,M09-T02,M09-T02-C03,policy_change,1,0
M09,M09-B009,3,M09-trial03,critic_debate,Critic debate,M09-T03,M09-T03-C01,implementation_condition,1,0
M09,M09-B009,3,M09-trial03,critic_debate,Critic debate,M09-T03,M09-T03-C02,implementation_condition,1,0
M09,M09-B009,3,M09-trial03,critic_debate,Critic debate,M09-T04,M09-T04-C01,state_authority_limit,1,0
M09,M09-B009,3,M09-trial03,critic_debate,Critic debate,M09-T05,M09-T05-C01,renter_effects,1,0
M09,M09-B009,3,M09-trial03,critic_debate,Critic debate,M09-T05,M09-T05-C02,renter_effects,1,0
M09,M09-B009,3,M09-trial03,critic_debate,Critic debate,M09-T05,M09-T05-C03,renter_effects,1,0
M09,M09-B009,3,M09-trial03,critic_debate,Critic debate,M09-T06,M09-T06-C01,rental_supply_effect,1,0
M09,M09-B009,3,M09-trial03,critic_debate,Critic debate,M09-T06,M09-T06-C02,rental_supply_effect,1,0
M09,M09-B009,3,M09-trial03,critic_debate,Critic debate,M09-T07,M09-T07-C01,property_value_effect,1,0
M09,M09-B009,3,M09-trial03,critic_debate,Critic debate,M09-T08,M09-T08-C01,effect_uncertainty,1,0
M09,M09-B009,3,M09-trial03,critic_debate,Critic debate,M09-T08,M09-T08-C02,effect_uncertainty,1,0
M09,M09-B009,3,M09-trial03,critic_debate,Critic debate,M09-T09,M09-T09-C01,property_tax_effect,1,0
M09,M09-B009,3,M09-trial03,critic_debate,Critic debate,M09-T09,M09-T09-C02,property_tax_effect,1,0
M09,M09-B009,3,M09-trial03,critic_debate,Critic debate,M09-T09,M09-T09-C03,property_tax_effect,1,0
M09,M09-B009,3,M09-trial03,critic_debate,Critic debate,M09-T09,M09-T09-C04,property_tax_effect,1,0
M09,M09-B009,3,M09-trial03,critic_debate,Critic debate,M09-T09,M09-T09-C05,property_tax_effect,1,0
M09,M09-B009,3,M09-trial03,critic_debate,Critic debate,M09-T10,M09-T10-C01,administrative_cost,1,0
M09,M09-B009,3,M09-trial03,critic_debate,Critic debate,M09-T10,M09-T10-C02,administrative_cost,1,0
M09,M09-B009,3,M09-trial03,critic_debate,Critic debate,M09-T10,M09-T10-C03,administrative_cost,1,0
M09,M09-B010,4,M09-trial04,normal_debate,Normal debate,M09-T01,M09-T01-C01,legal_baseline,1,0
M09,M09-B010,4,M09-trial04,normal_debate,Normal debate,M09-T01,M09-T01-C02,legal_baseline,0,1
M09,M09-B010,4,M09-trial04,normal_debate,Normal debate,M09-T01,M09-T01-C03,legal_baseline,1,0
M09,M09-B010,4,M09-trial04,normal_debate,Normal debate,M09-T02,M09-T02-C01,policy_change,1,0
M09,M09-B010,4,M09-trial04,normal_debate,Normal debate,M09-T02,M09-T02-C02,policy_change,1,0
M09,M09-B010,4,M09-trial04,normal_debate,Normal debate,M09-T02,M09-T02-C03,policy_change,1,0
M09,M09-B010,4,M09-trial04,normal_debate,Normal debate,M09-T03,M09-T03-C01,implementation_condition,1,0
M09,M09-B010,4,M09-trial04,normal_debate,Normal debate,M09-T03,M09-T03-C02,implementation_condition,1,0
M09,M09-B010,4,M09-trial04,normal_debate,Normal debate,M09-T04,M09-T04-C01,state_authority_limit,1,0
M09,M09-B010,4,M09-trial04,normal_debate,Normal debate,M09-T05,M09-T05-C01,renter_effects,1,0
M09,M09-B010,4,M09-trial04,normal_debate,Normal debate,M09-T05,M09-T05-C02,renter_effects,1,0
M09,M09-B010,4,M09-trial04,normal_debate,Normal debate,M09-T05,M09-T05-C03,renter_effects,1,0
M09,M09-B010,4,M09-trial04,normal_debate,Normal debate,M09-T06,M09-T06-C01,rental_supply_effect,1,0
M09,M09-B010,4,M09-trial04,normal_debate,Normal debate,M09-T06,M09-T06-C02,rental_supply_effect,1,0
M09,M09-B010,4,M09-trial04,normal_debate,Normal debate,M09-T07,M09-T07-C01,property_value_effect,1,0
M09,M09-B010,4,M09-trial04,normal_debate,Normal debate,M09-T08,M09-T08-C01,effect_uncertainty,1,0
M09,M09-B010,4,M09-trial04,normal_debate,Normal debate,M09-T08,M09-T08-C02,effect_uncertainty,1,0
M09,M09-B010,4,M09-trial04,normal_debate,Normal debate,M09-T09,M09-T09-C01,property_tax_effect,1,0
M09,M09-B010,4,M09-trial04,normal_debate,Normal debate,M09-T09,M09-T09-C02,property_tax_effect,1,0
M09,M09-B010,4,M09-trial04,normal_debate,Normal debate,M09-T09,M09-T09-C03,property_tax_effect,1,0
M09,M09-B010,4,M09-trial04,normal_debate,Normal debate,M09-T09,M09-T09-C04,property_tax_effect,1,0
M09,M09-B010,4,M09-trial04,normal_debate,Normal debate,M09-T09,M09-T09-C05,property_tax_effect,1,0
M09,M09-B010,4,M09-trial04,normal_debate,Normal debate,M09-T10,M09-T10-C01,administrative_cost,1,0
M09,M09-B010,4,M09-trial04,normal_debate,Normal debate,M09-T10,M09-T10-C02,administrative_cost,1,0
M09,M09-B010,4,M09-trial04,normal_debate,Normal debate,M09-T10,M09-T10-C03,administrative_cost,1,0
M09,M09-B011,2,M09-trial02,critic_debate,Critic debate,M09-T01,M09-T01-C01,legal_baseline,1,0
M09,M09-B011,2,M09-trial02,critic_debate,Critic debate,M09-T01,M09-T01-C02,legal_baseline,0,1
M09,M09-B011,2,M09-trial02,critic_debate,Critic debate,M09-T01,M09-T01-C03,legal_baseline,1,0
M09,M09-B011,2,M09-trial02,critic_debate,Critic debate,M09-T02,M09-T02-C01,policy_change,1,0
M09,M09-B011,2,M09-trial02,critic_debate,Critic debate,M09-T02,M09-T02-C02,policy_change,1,0
M09,M09-B011,2,M09-trial02,critic_debate,Critic debate,M09-T02,M09-T02-C03,policy_change,1,0
M09,M09-B011,2,M09-trial02,critic_debate,Critic debate,M09-T03,M09-T03-C01,implementation_condition,1,0
M09,M09-B011,2,M09-trial02,critic_debate,Critic debate,M09-T03,M09-T03-C02,implementation_condition,1,0
M09,M09-B011,2,M09-trial02,critic_debate,Critic debate,M09-T04,M09-T04-C01,state_authority_limit,1,0
M09,M09-B011,2,M09-trial02,critic_debate,Critic debate,M09-T05,M09-T05-C01,renter_effects,1,0
M09,M09-B011,2,M09-trial02,critic_debate,Critic debate,M09-T05,M09-T05-C02,renter_effects,1,0
M09,M09-B011,2,M09-trial02,critic_debate,Critic debate,M09-T05,M09-T05-C03,renter_effects,1,0
M09,M09-B011,2,M09-trial02,critic_debate,Critic debate,M09-T06,M09-T06-C01,rental_supply_effect,1,0
M09,M09-B011,2,M09-trial02,critic_debate,Critic debate,M09-T06,M09-T06-C02,rental_supply_effect,1,0
M09,M09-B011,2,M09-trial02,critic_debate,Critic debate,M09-T07,M09-T07-C01,property_value_effect,1,0
M09,M09-B011,2,M09-trial02,critic_debate,Critic debate,M09-T08,M09-T08-C01,effect_uncertainty,1,0
M09,M09-B011,2,M09-trial02,critic_debate,Critic debate,M09-T08,M09-T08-C02,effect_uncertainty,1,0
M09,M09-B011,2,M09-trial02,critic_debate,Critic debate,M09-T09,M09-T09-C01,property_tax_effect,1,0
M09,M09-B011,2,M09-trial02,critic_debate,Critic debate,M09-T09,M09-T09-C02,property_tax_effect,1,0
M09,M09-B011,2,M09-trial02,critic_debate,Critic debate,M09-T09,M09-T09-C03,property_tax_effect,1,0
M09,M09-B011,2,M09-trial02,critic_debate,Critic debate,M09-T09,M09-T09-C04,property_tax_effect,1,0
M09,M09-B011,2,M09-trial02,critic_debate,Critic debate,M09-T09,M09-T09-C05,property_tax_effect,1,0
M09,M09-B011,2,M09-trial02,critic_debate,Critic debate,M09-T10,M09-T10-C01,administrative_cost,1,0
M09,M09-B011,2,M09-trial02,critic_debate,Critic debate,M09-T10,M09-T10-C02,administrative_cost,1,0
M09,M09-B011,2,M09-trial02,critic_debate,Critic debate,M09-T10,M09-T10-C03,administrative_cost,1,0
M09,M09-B012,3,M09-trial03,normal_debate,Normal debate,M09-T01,M09-T01-C01,legal_baseline,1,0
M09,M09-B012,3,M09-trial03,normal_debate,Normal debate,M09-T01,M09-T01-C02,legal_baseline,0,1
M09,M09-B012,3,M09-trial03,normal_debate,Normal debate,M09-T01,M09-T01-C03,legal_baseline,1,0
M09,M09-B012,3,M09-trial03,normal_debate,Normal debate,M09-T02,M09-T02-C01,policy_change,1,0
M09,M09-B012,3,M09-trial03,normal_debate,Normal debate,M09-T02,M09-T02-C02,policy_change,1,0
M09,M09-B012,3,M09-trial03,normal_debate,Normal debate,M09-T02,M09-T02-C03,policy_change,1,0
M09,M09-B012,3,M09-trial03,normal_debate,Normal debate,M09-T03,M09-T03-C01,implementation_condition,1,0
M09,M09-B012,3,M09-trial03,normal_debate,Normal debate,M09-T03,M09-T03-C02,implementation_condition,1,0
M09,M09-B012,3,M09-trial03,normal_debate,Normal debate,M09-T04,M09-T04-C01,state_authority_limit,1,0
M09,M09-B012,3,M09-trial03,normal_debate,Normal debate,M09-T05,M09-T05-C01,renter_effects,1,0
M09,M09-B012,3,M09-trial03,normal_debate,Normal debate,M09-T05,M09-T05-C02,renter_effects,1,0
M09,M09-B012,3,M09-trial03,normal_debate,Normal debate,M09-T05,M09-T05-C03,renter_effects,1,0
M09,M09-B012,3,M09-trial03,normal_debate,Normal debate,M09-T06,M09-T06-C01,rental_supply_effect,1,0
M09,M09-B012,3,M09-trial03,normal_debate,Normal debate,M09-T06,M09-T06-C02,rental_supply_effect,1,0
M09,M09-B012,3,M09-trial03,normal_debate,Normal debate,M09-T07,M09-T07-C01,property_value_effect,1,0
M09,M09-B012,3,M09-trial03,normal_debate,Normal debate,M09-T08,M09-T08-C01,effect_uncertainty,1,0
M09,M09-B012,3,M09-trial03,normal_debate,Normal debate,M09-T08,M09-T08-C02,effect_uncertainty,1,0
M09,M09-B012,3,M09-trial03,normal_debate,Normal debate,M09-T09,M09-T09-C01,property_tax_effect,1,0
M09,M09-B012,3,M09-trial03,normal_debate,Normal debate,M09-T09,M09-T09-C02,property_tax_effect,1,0
M09,M09-B012,3,M09-trial03,normal_debate,Normal debate,M09-T09,M09-T09-C03,property_tax_effect,1,0
M09,M09-B012,3,M09-trial03,normal_debate,Normal debate,M09-T09,M09-T09-C04,property_tax_effect,1,0
M09,M09-B012,3,M09-trial03,normal_debate,Normal debate,M09-T09,M09-T09-C05,property_tax_effect,1,0
M09,M09-B012,3,M09-trial03,normal_debate,Normal debate,M09-T10,M09-T10-C01,administrative_cost,1,0
M09,M09-B012,3,M09-trial03,normal_debate,Normal debate,M09-T10,M09-T10-C02,administrative_cost,1,0
M09,M09-B012,3,M09-trial03,normal_debate,Normal debate,M09-T10,M09-T10-C03,administrative_cost,1,0
M09,M09-B013,3,M09-trial03,single_agent,Single agent,M09-T01,M09-T01-C01,legal_baseline,1,0
M09,M09-B013,3,M09-trial03,single_agent,Single agent,M09-T01,M09-T01-C02,legal_baseline,0,1
M09,M09-B013,3,M09-trial03,single_agent,Single agent,M09-T01,M09-T01-C03,legal_baseline,1,0
M09,M09-B013,3,M09-trial03,single_agent,Single agent,M09-T02,M09-T02-C01,policy_change,1,0
M09,M09-B013,3,M09-trial03,single_agent,Single agent,M09-T02,M09-T02-C02,policy_change,1,0
M09,M09-B013,3,M09-trial03,single_agent,Single agent,M09-T02,M09-T02-C03,policy_change,1,0
M09,M09-B013,3,M09-trial03,single_agent,Single agent,M09-T03,M09-T03-C01,implementation_condition,1,0
M09,M09-B013,3,M09-trial03,single_agent,Single agent,M09-T03,M09-T03-C02,implementation_condition,1,0
M09,M09-B013,3,M09-trial03,single_agent,Single agent,M09-T04,M09-T04-C01,state_authority_limit,1,0
M09,M09-B013,3,M09-trial03,single_agent,Single agent,M09-T05,M09-T05-C01,renter_effects,1,0
M09,M09-B013,3,M09-trial03,single_agent,Single agent,M09-T05,M09-T05-C02,renter_effects,1,0
M09,M09-B013,3,M09-trial03,single_agent,Single agent,M09-T05,M09-T05-C03,renter_effects,1,0
M09,M09-B013,3,M09-trial03,single_agent,Single agent,M09-T06,M09-T06-C01,rental_supply_effect,1,0
M09,M09-B013,3,M09-trial03,single_agent,Single agent,M09-T06,M09-T06-C02,rental_supply_effect,1,0
M09,M09-B013,3,M09-trial03,single_agent,Single agent,M09-T07,M09-T07-C01,property_value_effect,1,0
M09,M09-B013,3,M09-trial03,single_agent,Single agent,M09-T08,M09-T08-C01,effect_uncertainty,1,0
M09,M09-B013,3,M09-trial03,single_agent,Single agent,M09-T08,M09-T08-C02,effect_uncertainty,1,0
M09,M09-B013,3,M09-trial03,single_agent,Single agent,M09-T09,M09-T09-C01,property_tax_effect,1,0
M09,M09-B013,3,M09-trial03,single_agent,Single agent,M09-T09,M09-T09-C02,property_tax_effect,1,0
M09,M09-B013,3,M09-trial03,single_agent,Single agent,M09-T09,M09-T09-C03,property_tax_effect,1,0
M09,M09-B013,3,M09-trial03,single_agent,Single agent,M09-T09,M09-T09-C04,property_tax_effect,1,0
M09,M09-B013,3,M09-trial03,single_agent,Single agent,M09-T09,M09-T09-C05,property_tax_effect,1,0
M09,M09-B013,3,M09-trial03,single_agent,Single agent,M09-T10,M09-T10-C01,administrative_cost,0,1
M09,M09-B013,3,M09-trial03,single_agent,Single agent,M09-T10,M09-T10-C02,administrative_cost,1,0
M09,M09-B013,3,M09-trial03,single_agent,Single agent,M09-T10,M09-T10-C03,administrative_cost,1,0
M09,M09-B014,1,M09-trial01,single_agent,Single agent,M09-T01,M09-T01-C01,legal_baseline,1,0
M09,M09-B014,1,M09-trial01,single_agent,Single agent,M09-T01,M09-T01-C02,legal_baseline,0,2
M09,M09-B014,1,M09-trial01,single_agent,Single agent,M09-T01,M09-T01-C03,legal_baseline,1,0
M09,M09-B014,1,M09-trial01,single_agent,Single agent,M09-T02,M09-T02-C01,policy_change,1,0
M09,M09-B014,1,M09-trial01,single_agent,Single agent,M09-T02,M09-T02-C02,policy_change,1,0
M09,M09-B014,1,M09-trial01,single_agent,Single agent,M09-T02,M09-T02-C03,policy_change,1,0
M09,M09-B014,1,M09-trial01,single_agent,Single agent,M09-T03,M09-T03-C01,implementation_condition,1,0
M09,M09-B014,1,M09-trial01,single_agent,Single agent,M09-T03,M09-T03-C02,implementation_condition,1,0
M09,M09-B014,1,M09-trial01,single_agent,Single agent,M09-T04,M09-T04-C01,state_authority_limit,1,0
M09,M09-B014,1,M09-trial01,single_agent,Single agent,M09-T05,M09-T05-C01,renter_effects,1,0
M09,M09-B014,1,M09-trial01,single_agent,Single agent,M09-T05,M09-T05-C02,renter_effects,1,0
M09,M09-B014,1,M09-trial01,single_agent,Single agent,M09-T05,M09-T05-C03,renter_effects,1,0
M09,M09-B014,1,M09-trial01,single_agent,Single agent,M09-T06,M09-T06-C01,rental_supply_effect,1,0
M09,M09-B014,1,M09-trial01,single_agent,Single agent,M09-T06,M09-T06-C02,rental_supply_effect,1,0
M09,M09-B014,1,M09-trial01,single_agent,Single agent,M09-T07,M09-T07-C01,property_value_effect,1,0
M09,M09-B014,1,M09-trial01,single_agent,Single agent,M09-T08,M09-T08-C01,effect_uncertainty,1,0
M09,M09-B014,1,M09-trial01,single_agent,Single agent,M09-T08,M09-T08-C02,effect_uncertainty,1,0
M09,M09-B014,1,M09-trial01,single_agent,Single agent,M09-T09,M09-T09-C01,property_tax_effect,1,0
M09,M09-B014,1,M09-trial01,single_agent,Single agent,M09-T09,M09-T09-C02,property_tax_effect,1,0
M09,M09-B014,1,M09-trial01,single_agent,Single agent,M09-T09,M09-T09-C03,property_tax_effect,1,0
M09,M09-B014,1,M09-trial01,single_agent,Single agent,M09-T09,M09-T09-C04,property_tax_effect,1,0
M09,M09-B014,1,M09-trial01,single_agent,Single agent,M09-T09,M09-T09-C05,property_tax_effect,1,0
M09,M09-B014,1,M09-trial01,single_agent,Single agent,M09-T10,M09-T10-C01,administrative_cost,1,0
M09,M09-B014,1,M09-trial01,single_agent,Single agent,M09-T10,M09-T10-C02,administrative_cost,1,0
M09,M09-B014,1,M09-trial01,single_agent,Single agent,M09-T10,M09-T10-C03,administrative_cost,1,0
M09,M09-B015,2,M09-trial02,single_agent,Single agent,M09-T01,M09-T01-C01,legal_baseline,1,0
M09,M09-B015,2,M09-trial02,single_agent,Single agent,M09-T01,M09-T01-C02,legal_baseline,0,1
M09,M09-B015,2,M09-trial02,single_agent,Single agent,M09-T01,M09-T01-C03,legal_baseline,1,0
M09,M09-B015,2,M09-trial02,single_agent,Single agent,M09-T02,M09-T02-C01,policy_change,1,0
M09,M09-B015,2,M09-trial02,single_agent,Single agent,M09-T02,M09-T02-C02,policy_change,1,0
M09,M09-B015,2,M09-trial02,single_agent,Single agent,M09-T02,M09-T02-C03,policy_change,1,0
M09,M09-B015,2,M09-trial02,single_agent,Single agent,M09-T03,M09-T03-C01,implementation_condition,1,0
M09,M09-B015,2,M09-trial02,single_agent,Single agent,M09-T03,M09-T03-C02,implementation_condition,1,0
M09,M09-B015,2,M09-trial02,single_agent,Single agent,M09-T04,M09-T04-C01,state_authority_limit,1,0
M09,M09-B015,2,M09-trial02,single_agent,Single agent,M09-T05,M09-T05-C01,renter_effects,1,0
M09,M09-B015,2,M09-trial02,single_agent,Single agent,M09-T05,M09-T05-C02,renter_effects,1,0
M09,M09-B015,2,M09-trial02,single_agent,Single agent,M09-T05,M09-T05-C03,renter_effects,1,0
M09,M09-B015,2,M09-trial02,single_agent,Single agent,M09-T06,M09-T06-C01,rental_supply_effect,1,0
M09,M09-B015,2,M09-trial02,single_agent,Single agent,M09-T06,M09-T06-C02,rental_supply_effect,1,0
M09,M09-B015,2,M09-trial02,single_agent,Single agent,M09-T07,M09-T07-C01,property_value_effect,1,0
M09,M09-B015,2,M09-trial02,single_agent,Single agent,M09-T08,M09-T08-C01,effect_uncertainty,1,0
M09,M09-B015,2,M09-trial02,single_agent,Single agent,M09-T08,M09-T08-C02,effect_uncertainty,1,0
M09,M09-B015,2,M09-trial02,single_agent,Single agent,M09-T09,M09-T09-C01,property_tax_effect,1,0
M09,M09-B015,2,M09-trial02,single_agent,Single agent,M09-T09,M09-T09-C02,property_tax_effect,1,0
M09,M09-B015,2,M09-trial02,single_agent,Single agent,M09-T09,M09-T09-C03,property_tax_effect,1,0
M09,M09-B015,2,M09-trial02,single_agent,Single agent,M09-T09,M09-T09-C04,property_tax_effect,1,0
M09,M09-B015,2,M09-trial02,single_agent,Single agent,M09-T09,M09-T09-C05,property_tax_effect,1,0
M09,M09-B015,2,M09-trial02,single_agent,Single agent,M09-T10,M09-T10-C01,administrative_cost,1,0
M09,M09-B015,2,M09-trial02,single_agent,Single agent,M09-T10,M09-T10-C02,administrative_cost,1,0
M09,M09-B015,2,M09-trial02,single_agent,Single agent,M09-T10,M09-T10-C03,administrative_cost,1,0
M09,M09-B016,4,M09-trial04,independent_ensemble,Independent ensemble,M09-T01,M09-T01-C01,legal_baseline,1,0
M09,M09-B016,4,M09-trial04,independent_ensemble,Independent ensemble,M09-T01,M09-T01-C02,legal_baseline,1,0
M09,M09-B016,4,M09-trial04,independent_ensemble,Independent ensemble,M09-T01,M09-T01-C03,legal_baseline,1,0
M09,M09-B016,4,M09-trial04,independent_ensemble,Independent ensemble,M09-T02,M09-T02-C01,policy_change,1,0
M09,M09-B016,4,M09-trial04,independent_ensemble,Independent ensemble,M09-T02,M09-T02-C02,policy_change,1,0
M09,M09-B016,4,M09-trial04,independent_ensemble,Independent ensemble,M09-T02,M09-T02-C03,policy_change,1,0
M09,M09-B016,4,M09-trial04,independent_ensemble,Independent ensemble,M09-T03,M09-T03-C01,implementation_condition,1,0
M09,M09-B016,4,M09-trial04,independent_ensemble,Independent ensemble,M09-T03,M09-T03-C02,implementation_condition,1,0
M09,M09-B016,4,M09-trial04,independent_ensemble,Independent ensemble,M09-T04,M09-T04-C01,state_authority_limit,1,0
M09,M09-B016,4,M09-trial04,independent_ensemble,Independent ensemble,M09-T05,M09-T05-C01,renter_effects,1,0
M09,M09-B016,4,M09-trial04,independent_ensemble,Independent ensemble,M09-T05,M09-T05-C02,renter_effects,1,0
M09,M09-B016,4,M09-trial04,independent_ensemble,Independent ensemble,M09-T05,M09-T05-C03,renter_effects,1,0
M09,M09-B016,4,M09-trial04,independent_ensemble,Independent ensemble,M09-T06,M09-T06-C01,rental_supply_effect,1,0
M09,M09-B016,4,M09-trial04,independent_ensemble,Independent ensemble,M09-T06,M09-T06-C02,rental_supply_effect,1,0
M09,M09-B016,4,M09-trial04,independent_ensemble,Independent ensemble,M09-T07,M09-T07-C01,property_value_effect,1,0
M09,M09-B016,4,M09-trial04,independent_ensemble,Independent ensemble,M09-T08,M09-T08-C01,effect_uncertainty,1,0
M09,M09-B016,4,M09-trial04,independent_ensemble,Independent ensemble,M09-T08,M09-T08-C02,effect_uncertainty,1,0
M09,M09-B016,4,M09-trial04,independent_ensemble,Independent ensemble,M09-T09,M09-T09-C01,property_tax_effect,1,0
M09,M09-B016,4,M09-trial04,independent_ensemble,Independent ensemble,M09-T09,M09-T09-C02,property_tax_effect,1,0
M09,M09-B016,4,M09-trial04,independent_ensemble,Independent ensemble,M09-T09,M09-T09-C03,property_tax_effect,1,0
M09,M09-B016,4,M09-trial04,independent_ensemble,Independent ensemble,M09-T09,M09-T09-C04,property_tax_effect,1,0
M09,M09-B016,4,M09-trial04,independent_ensemble,Independent ensemble,M09-T09,M09-T09-C05,property_tax_effect,1,0
M09,M09-B016,4,M09-trial04,independent_ensemble,Independent ensemble,M09-T10,M09-T10-C01,administrative_cost,1,0
M09,M09-B016,4,M09-trial04,independent_ensemble,Independent ensemble,M09-T10,M09-T10-C02,administrative_cost,1,0
M09,M09-B016,4,M09-trial04,independent_ensemble,Independent ensemble,M09-T10,M09-T10-C03,administrative_cost,1,0
M10,M10-B001,3,M10-trial03,single_agent,Single agent,M10-T01,M10-T01-C01,program_baseline,1,0
M10,M10-B001,3,M10-trial03,single_agent,Single agent,M10-T01,M10-T01-C02,program_baseline,1,0
M10,M10-B001,3,M10-trial03,single_agent,Single agent,M10-T01,M10-T01-C03,program_baseline,1,0
M10,M10-B001,3,M10-trial03,single_agent,Single agent,M10-T02,M10-T02-C01,spending_rule,1,0
M10,M10-B001,3,M10-trial03,single_agent,Single agent,M10-T02,M10-T02-C02,spending_rule,1,0
M10,M10-B001,3,M10-trial03,single_agent,Single agent,M10-T03,M10-T03-C01,applicability,1,0
M10,M10-B001,3,M10-trial03,single_agent,Single agent,M10-T03,M10-T03-C02,applicability,1,0
M10,M10-B001,3,M10-trial03,single_agent,Single agent,M10-T03,M10-T03-C03,applicability,1,0
M10,M10-B001,3,M10-trial03,single_agent,Single agent,M10-T03,M10-T03-C04,applicability,1,0
M10,M10-B001,3,M10-trial03,single_agent,Single agent,M10-T04,M10-T04-C01,reporting_and_enforcement,1,0
M10,M10-B001,3,M10-trial03,single_agent,Single agent,M10-T04,M10-T04-C02,reporting_and_enforcement,1,0
M10,M10-B001,3,M10-trial03,single_agent,Single agent,M10-T04,M10-T04-C03,reporting_and_enforcement,1,0
M10,M10-B001,3,M10-trial03,single_agent,Single agent,M10-T04,M10-T04-C04,reporting_and_enforcement,1,0
M10,M10-B001,3,M10-trial03,single_agent,Single agent,M10-T05,M10-T05-C01,penalties,1,0
M10,M10-B001,3,M10-trial03,single_agent,Single agent,M10-T05,M10-T05-C02,penalties,1,0
M10,M10-B001,3,M10-trial03,single_agent,Single agent,M10-T05,M10-T05-C03,penalties,1,0
M10,M10-B001,3,M10-trial03,single_agent,Single agent,M10-T05,M10-T05-C04,penalties,1,0
M10,M10-B001,3,M10-trial03,single_agent,Single agent,M10-T05,M10-T05-C05,penalties,1,0
M10,M10-B001,3,M10-trial03,single_agent,Single agent,M10-T05,M10-T05-C06,penalties,1,0
M10,M10-B001,3,M10-trial03,single_agent,Single agent,M10-T06,M10-T06-C01,medi_cal_rx,1,0
M10,M10-B001,3,M10-trial03,single_agent,Single agent,M10-T06,M10-T06-C02,medi_cal_rx,1,0
M10,M10-B001,3,M10-trial03,single_agent,Single agent,M10-T07,M10-T07-C01,scope_uncertainty,1,0
M10,M10-B001,3,M10-trial03,single_agent,Single agent,M10-T07,M10-T07-C02,scope_uncertainty,0,0
M10,M10-B001,3,M10-trial03,single_agent,Single agent,M10-T08,M10-T08-C01,state_enforcement_cost,1,0
M10,M10-B001,3,M10-trial03,single_agent,Single agent,M10-T08,M10-T08-C02,state_enforcement_cost,1,0
M10,M10-B001,3,M10-trial03,single_agent,Single agent,M10-T09,M10-T09-C01,potential_state_savings,1,0
M10,M10-B001,3,M10-trial03,single_agent,Single agent,M10-T09,M10-T09-C02,potential_state_savings,0,1
M10,M10-B001,3,M10-trial03,single_agent,Single agent,M10-T10,M10-T10-C01,potential_discount_cost,1,0
M10,M10-B001,3,M10-trial03,single_agent,Single agent,M10-T10,M10-T10-C02,potential_discount_cost,1,0
M10,M10-B001,3,M10-trial03,single_agent,Single agent,M10-T11,M10-T11-C01,penalty_fiscal_uncertainty,1,0
M10,M10-B001,3,M10-trial03,single_agent,Single agent,M10-T11,M10-T11-C02,penalty_fiscal_uncertainty,1,0
M10,M10-B002,4,M10-trial04,independent_ensemble,Independent ensemble,M10-T01,M10-T01-C01,program_baseline,1,0
M10,M10-B002,4,M10-trial04,independent_ensemble,Independent ensemble,M10-T01,M10-T01-C02,program_baseline,1,0
M10,M10-B002,4,M10-trial04,independent_ensemble,Independent ensemble,M10-T01,M10-T01-C03,program_baseline,1,0
M10,M10-B002,4,M10-trial04,independent_ensemble,Independent ensemble,M10-T02,M10-T02-C01,spending_rule,1,0
M10,M10-B002,4,M10-trial04,independent_ensemble,Independent ensemble,M10-T02,M10-T02-C02,spending_rule,1,0
M10,M10-B002,4,M10-trial04,independent_ensemble,Independent ensemble,M10-T03,M10-T03-C01,applicability,1,0
M10,M10-B002,4,M10-trial04,independent_ensemble,Independent ensemble,M10-T03,M10-T03-C02,applicability,1,0
M10,M10-B002,4,M10-trial04,independent_ensemble,Independent ensemble,M10-T03,M10-T03-C03,applicability,1,0
M10,M10-B002,4,M10-trial04,independent_ensemble,Independent ensemble,M10-T03,M10-T03-C04,applicability,1,0
M10,M10-B002,4,M10-trial04,independent_ensemble,Independent ensemble,M10-T04,M10-T04-C01,reporting_and_enforcement,1,0
M10,M10-B002,4,M10-trial04,independent_ensemble,Independent ensemble,M10-T04,M10-T04-C02,reporting_and_enforcement,1,0
M10,M10-B002,4,M10-trial04,independent_ensemble,Independent ensemble,M10-T04,M10-T04-C03,reporting_and_enforcement,1,0
M10,M10-B002,4,M10-trial04,independent_ensemble,Independent ensemble,M10-T04,M10-T04-C04,reporting_and_enforcement,1,0
M10,M10-B002,4,M10-trial04,independent_ensemble,Independent ensemble,M10-T05,M10-T05-C01,penalties,1,0
M10,M10-B002,4,M10-trial04,independent_ensemble,Independent ensemble,M10-T05,M10-T05-C02,penalties,1,0
M10,M10-B002,4,M10-trial04,independent_ensemble,Independent ensemble,M10-T05,M10-T05-C03,penalties,1,0
M10,M10-B002,4,M10-trial04,independent_ensemble,Independent ensemble,M10-T05,M10-T05-C04,penalties,1,0
M10,M10-B002,4,M10-trial04,independent_ensemble,Independent ensemble,M10-T05,M10-T05-C05,penalties,1,0
M10,M10-B002,4,M10-trial04,independent_ensemble,Independent ensemble,M10-T05,M10-T05-C06,penalties,1,0
M10,M10-B002,4,M10-trial04,independent_ensemble,Independent ensemble,M10-T06,M10-T06-C01,medi_cal_rx,1,0
M10,M10-B002,4,M10-trial04,independent_ensemble,Independent ensemble,M10-T06,M10-T06-C02,medi_cal_rx,1,0
M10,M10-B002,4,M10-trial04,independent_ensemble,Independent ensemble,M10-T07,M10-T07-C01,scope_uncertainty,1,0
M10,M10-B002,4,M10-trial04,independent_ensemble,Independent ensemble,M10-T07,M10-T07-C02,scope_uncertainty,0,2
M10,M10-B002,4,M10-trial04,independent_ensemble,Independent ensemble,M10-T08,M10-T08-C01,state_enforcement_cost,1,0
M10,M10-B002,4,M10-trial04,independent_ensemble,Independent ensemble,M10-T08,M10-T08-C02,state_enforcement_cost,1,0
M10,M10-B002,4,M10-trial04,independent_ensemble,Independent ensemble,M10-T09,M10-T09-C01,potential_state_savings,1,0
M10,M10-B002,4,M10-trial04,independent_ensemble,Independent ensemble,M10-T09,M10-T09-C02,potential_state_savings,0,1
M10,M10-B002,4,M10-trial04,independent_ensemble,Independent ensemble,M10-T10,M10-T10-C01,potential_discount_cost,1,0
M10,M10-B002,4,M10-trial04,independent_ensemble,Independent ensemble,M10-T10,M10-T10-C02,potential_discount_cost,1,0
M10,M10-B002,4,M10-trial04,independent_ensemble,Independent ensemble,M10-T11,M10-T11-C01,penalty_fiscal_uncertainty,1,0
M10,M10-B002,4,M10-trial04,independent_ensemble,Independent ensemble,M10-T11,M10-T11-C02,penalty_fiscal_uncertainty,0,0
M10,M10-B003,2,M10-trial02,normal_debate,Normal debate,M10-T01,M10-T01-C01,program_baseline,1,0
M10,M10-B003,2,M10-trial02,normal_debate,Normal debate,M10-T01,M10-T01-C02,program_baseline,1,0
M10,M10-B003,2,M10-trial02,normal_debate,Normal debate,M10-T01,M10-T01-C03,program_baseline,1,0
M10,M10-B003,2,M10-trial02,normal_debate,Normal debate,M10-T02,M10-T02-C01,spending_rule,1,0
M10,M10-B003,2,M10-trial02,normal_debate,Normal debate,M10-T02,M10-T02-C02,spending_rule,1,0
M10,M10-B003,2,M10-trial02,normal_debate,Normal debate,M10-T03,M10-T03-C01,applicability,1,0
M10,M10-B003,2,M10-trial02,normal_debate,Normal debate,M10-T03,M10-T03-C02,applicability,1,0
M10,M10-B003,2,M10-trial02,normal_debate,Normal debate,M10-T03,M10-T03-C03,applicability,1,0
M10,M10-B003,2,M10-trial02,normal_debate,Normal debate,M10-T03,M10-T03-C04,applicability,1,0
M10,M10-B003,2,M10-trial02,normal_debate,Normal debate,M10-T04,M10-T04-C01,reporting_and_enforcement,1,0
M10,M10-B003,2,M10-trial02,normal_debate,Normal debate,M10-T04,M10-T04-C02,reporting_and_enforcement,1,0
M10,M10-B003,2,M10-trial02,normal_debate,Normal debate,M10-T04,M10-T04-C03,reporting_and_enforcement,1,0
M10,M10-B003,2,M10-trial02,normal_debate,Normal debate,M10-T04,M10-T04-C04,reporting_and_enforcement,1,0
M10,M10-B003,2,M10-trial02,normal_debate,Normal debate,M10-T05,M10-T05-C01,penalties,1,0
M10,M10-B003,2,M10-trial02,normal_debate,Normal debate,M10-T05,M10-T05-C02,penalties,1,0
M10,M10-B003,2,M10-trial02,normal_debate,Normal debate,M10-T05,M10-T05-C03,penalties,1,0
M10,M10-B003,2,M10-trial02,normal_debate,Normal debate,M10-T05,M10-T05-C04,penalties,1,0
M10,M10-B003,2,M10-trial02,normal_debate,Normal debate,M10-T05,M10-T05-C05,penalties,1,0
M10,M10-B003,2,M10-trial02,normal_debate,Normal debate,M10-T05,M10-T05-C06,penalties,1,0
M10,M10-B003,2,M10-trial02,normal_debate,Normal debate,M10-T06,M10-T06-C01,medi_cal_rx,1,0
M10,M10-B003,2,M10-trial02,normal_debate,Normal debate,M10-T06,M10-T06-C02,medi_cal_rx,1,0
M10,M10-B003,2,M10-trial02,normal_debate,Normal debate,M10-T07,M10-T07-C01,scope_uncertainty,1,0
M10,M10-B003,2,M10-trial02,normal_debate,Normal debate,M10-T07,M10-T07-C02,scope_uncertainty,0,1
M10,M10-B003,2,M10-trial02,normal_debate,Normal debate,M10-T08,M10-T08-C01,state_enforcement_cost,1,0
M10,M10-B003,2,M10-trial02,normal_debate,Normal debate,M10-T08,M10-T08-C02,state_enforcement_cost,1,0
M10,M10-B003,2,M10-trial02,normal_debate,Normal debate,M10-T09,M10-T09-C01,potential_state_savings,1,0
M10,M10-B003,2,M10-trial02,normal_debate,Normal debate,M10-T09,M10-T09-C02,potential_state_savings,0,1
M10,M10-B003,2,M10-trial02,normal_debate,Normal debate,M10-T10,M10-T10-C01,potential_discount_cost,1,0
M10,M10-B003,2,M10-trial02,normal_debate,Normal debate,M10-T10,M10-T10-C02,potential_discount_cost,1,0
M10,M10-B003,2,M10-trial02,normal_debate,Normal debate,M10-T11,M10-T11-C01,penalty_fiscal_uncertainty,1,0
M10,M10-B003,2,M10-trial02,normal_debate,Normal debate,M10-T11,M10-T11-C02,penalty_fiscal_uncertainty,0,0
M10,M10-B004,2,M10-trial02,single_agent,Single agent,M10-T01,M10-T01-C01,program_baseline,1,0
M10,M10-B004,2,M10-trial02,single_agent,Single agent,M10-T01,M10-T01-C02,program_baseline,1,0
M10,M10-B004,2,M10-trial02,single_agent,Single agent,M10-T01,M10-T01-C03,program_baseline,1,0
M10,M10-B004,2,M10-trial02,single_agent,Single agent,M10-T02,M10-T02-C01,spending_rule,1,0
M10,M10-B004,2,M10-trial02,single_agent,Single agent,M10-T02,M10-T02-C02,spending_rule,1,0
M10,M10-B004,2,M10-trial02,single_agent,Single agent,M10-T03,M10-T03-C01,applicability,1,0
M10,M10-B004,2,M10-trial02,single_agent,Single agent,M10-T03,M10-T03-C02,applicability,1,0
M10,M10-B004,2,M10-trial02,single_agent,Single agent,M10-T03,M10-T03-C03,applicability,1,0
M10,M10-B004,2,M10-trial02,single_agent,Single agent,M10-T03,M10-T03-C04,applicability,1,0
M10,M10-B004,2,M10-trial02,single_agent,Single agent,M10-T04,M10-T04-C01,reporting_and_enforcement,1,0
M10,M10-B004,2,M10-trial02,single_agent,Single agent,M10-T04,M10-T04-C02,reporting_and_enforcement,1,0
M10,M10-B004,2,M10-trial02,single_agent,Single agent,M10-T04,M10-T04-C03,reporting_and_enforcement,1,0
M10,M10-B004,2,M10-trial02,single_agent,Single agent,M10-T04,M10-T04-C04,reporting_and_enforcement,1,0
M10,M10-B004,2,M10-trial02,single_agent,Single agent,M10-T05,M10-T05-C01,penalties,1,0
M10,M10-B004,2,M10-trial02,single_agent,Single agent,M10-T05,M10-T05-C02,penalties,1,0
M10,M10-B004,2,M10-trial02,single_agent,Single agent,M10-T05,M10-T05-C03,penalties,1,0
M10,M10-B004,2,M10-trial02,single_agent,Single agent,M10-T05,M10-T05-C04,penalties,1,0
M10,M10-B004,2,M10-trial02,single_agent,Single agent,M10-T05,M10-T05-C05,penalties,1,0
M10,M10-B004,2,M10-trial02,single_agent,Single agent,M10-T05,M10-T05-C06,penalties,1,0
M10,M10-B004,2,M10-trial02,single_agent,Single agent,M10-T06,M10-T06-C01,medi_cal_rx,1,0
M10,M10-B004,2,M10-trial02,single_agent,Single agent,M10-T06,M10-T06-C02,medi_cal_rx,1,0
M10,M10-B004,2,M10-trial02,single_agent,Single agent,M10-T07,M10-T07-C01,scope_uncertainty,1,0
M10,M10-B004,2,M10-trial02,single_agent,Single agent,M10-T07,M10-T07-C02,scope_uncertainty,1,0
M10,M10-B004,2,M10-trial02,single_agent,Single agent,M10-T08,M10-T08-C01,state_enforcement_cost,1,0
M10,M10-B004,2,M10-trial02,single_agent,Single agent,M10-T08,M10-T08-C02,state_enforcement_cost,1,0
M10,M10-B004,2,M10-trial02,single_agent,Single agent,M10-T09,M10-T09-C01,potential_state_savings,1,0
M10,M10-B004,2,M10-trial02,single_agent,Single agent,M10-T09,M10-T09-C02,potential_state_savings,0,0
M10,M10-B004,2,M10-trial02,single_agent,Single agent,M10-T10,M10-T10-C01,potential_discount_cost,1,0
M10,M10-B004,2,M10-trial02,single_agent,Single agent,M10-T10,M10-T10-C02,potential_discount_cost,1,0
M10,M10-B004,2,M10-trial02,single_agent,Single agent,M10-T11,M10-T11-C01,penalty_fiscal_uncertainty,1,0
M10,M10-B004,2,M10-trial02,single_agent,Single agent,M10-T11,M10-T11-C02,penalty_fiscal_uncertainty,1,0
M10,M10-B005,3,M10-trial03,independent_ensemble,Independent ensemble,M10-T01,M10-T01-C01,program_baseline,1,0
M10,M10-B005,3,M10-trial03,independent_ensemble,Independent ensemble,M10-T01,M10-T01-C02,program_baseline,1,0
M10,M10-B005,3,M10-trial03,independent_ensemble,Independent ensemble,M10-T01,M10-T01-C03,program_baseline,1,0
M10,M10-B005,3,M10-trial03,independent_ensemble,Independent ensemble,M10-T02,M10-T02-C01,spending_rule,1,0
M10,M10-B005,3,M10-trial03,independent_ensemble,Independent ensemble,M10-T02,M10-T02-C02,spending_rule,1,0
M10,M10-B005,3,M10-trial03,independent_ensemble,Independent ensemble,M10-T03,M10-T03-C01,applicability,1,0
M10,M10-B005,3,M10-trial03,independent_ensemble,Independent ensemble,M10-T03,M10-T03-C02,applicability,1,0
M10,M10-B005,3,M10-trial03,independent_ensemble,Independent ensemble,M10-T03,M10-T03-C03,applicability,1,0
M10,M10-B005,3,M10-trial03,independent_ensemble,Independent ensemble,M10-T03,M10-T03-C04,applicability,1,0
M10,M10-B005,3,M10-trial03,independent_ensemble,Independent ensemble,M10-T04,M10-T04-C01,reporting_and_enforcement,1,0
M10,M10-B005,3,M10-trial03,independent_ensemble,Independent ensemble,M10-T04,M10-T04-C02,reporting_and_enforcement,1,0
M10,M10-B005,3,M10-trial03,independent_ensemble,Independent ensemble,M10-T04,M10-T04-C03,reporting_and_enforcement,1,0
M10,M10-B005,3,M10-trial03,independent_ensemble,Independent ensemble,M10-T04,M10-T04-C04,reporting_and_enforcement,1,0
M10,M10-B005,3,M10-trial03,independent_ensemble,Independent ensemble,M10-T05,M10-T05-C01,penalties,1,0
M10,M10-B005,3,M10-trial03,independent_ensemble,Independent ensemble,M10-T05,M10-T05-C02,penalties,1,0
M10,M10-B005,3,M10-trial03,independent_ensemble,Independent ensemble,M10-T05,M10-T05-C03,penalties,1,0
M10,M10-B005,3,M10-trial03,independent_ensemble,Independent ensemble,M10-T05,M10-T05-C04,penalties,1,0
M10,M10-B005,3,M10-trial03,independent_ensemble,Independent ensemble,M10-T05,M10-T05-C05,penalties,1,0
M10,M10-B005,3,M10-trial03,independent_ensemble,Independent ensemble,M10-T05,M10-T05-C06,penalties,1,0
M10,M10-B005,3,M10-trial03,independent_ensemble,Independent ensemble,M10-T06,M10-T06-C01,medi_cal_rx,1,0
M10,M10-B005,3,M10-trial03,independent_ensemble,Independent ensemble,M10-T06,M10-T06-C02,medi_cal_rx,1,0
M10,M10-B005,3,M10-trial03,independent_ensemble,Independent ensemble,M10-T07,M10-T07-C01,scope_uncertainty,1,0
M10,M10-B005,3,M10-trial03,independent_ensemble,Independent ensemble,M10-T07,M10-T07-C02,scope_uncertainty,0,1
M10,M10-B005,3,M10-trial03,independent_ensemble,Independent ensemble,M10-T08,M10-T08-C01,state_enforcement_cost,1,0
M10,M10-B005,3,M10-trial03,independent_ensemble,Independent ensemble,M10-T08,M10-T08-C02,state_enforcement_cost,1,0
M10,M10-B005,3,M10-trial03,independent_ensemble,Independent ensemble,M10-T09,M10-T09-C01,potential_state_savings,1,0
M10,M10-B005,3,M10-trial03,independent_ensemble,Independent ensemble,M10-T09,M10-T09-C02,potential_state_savings,0,1
M10,M10-B005,3,M10-trial03,independent_ensemble,Independent ensemble,M10-T10,M10-T10-C01,potential_discount_cost,1,0
M10,M10-B005,3,M10-trial03,independent_ensemble,Independent ensemble,M10-T10,M10-T10-C02,potential_discount_cost,1,0
M10,M10-B005,3,M10-trial03,independent_ensemble,Independent ensemble,M10-T11,M10-T11-C01,penalty_fiscal_uncertainty,1,0
M10,M10-B005,3,M10-trial03,independent_ensemble,Independent ensemble,M10-T11,M10-T11-C02,penalty_fiscal_uncertainty,0,0
M10,M10-B006,3,M10-trial03,normal_debate,Normal debate,M10-T01,M10-T01-C01,program_baseline,1,0
M10,M10-B006,3,M10-trial03,normal_debate,Normal debate,M10-T01,M10-T01-C02,program_baseline,1,0
M10,M10-B006,3,M10-trial03,normal_debate,Normal debate,M10-T01,M10-T01-C03,program_baseline,1,0
M10,M10-B006,3,M10-trial03,normal_debate,Normal debate,M10-T02,M10-T02-C01,spending_rule,1,0
M10,M10-B006,3,M10-trial03,normal_debate,Normal debate,M10-T02,M10-T02-C02,spending_rule,1,0
M10,M10-B006,3,M10-trial03,normal_debate,Normal debate,M10-T03,M10-T03-C01,applicability,1,0
M10,M10-B006,3,M10-trial03,normal_debate,Normal debate,M10-T03,M10-T03-C02,applicability,1,0
M10,M10-B006,3,M10-trial03,normal_debate,Normal debate,M10-T03,M10-T03-C03,applicability,1,0
M10,M10-B006,3,M10-trial03,normal_debate,Normal debate,M10-T03,M10-T03-C04,applicability,1,0
M10,M10-B006,3,M10-trial03,normal_debate,Normal debate,M10-T04,M10-T04-C01,reporting_and_enforcement,1,0
M10,M10-B006,3,M10-trial03,normal_debate,Normal debate,M10-T04,M10-T04-C02,reporting_and_enforcement,1,0
M10,M10-B006,3,M10-trial03,normal_debate,Normal debate,M10-T04,M10-T04-C03,reporting_and_enforcement,1,0
M10,M10-B006,3,M10-trial03,normal_debate,Normal debate,M10-T04,M10-T04-C04,reporting_and_enforcement,1,0
M10,M10-B006,3,M10-trial03,normal_debate,Normal debate,M10-T05,M10-T05-C01,penalties,1,0
M10,M10-B006,3,M10-trial03,normal_debate,Normal debate,M10-T05,M10-T05-C02,penalties,1,0
M10,M10-B006,3,M10-trial03,normal_debate,Normal debate,M10-T05,M10-T05-C03,penalties,1,0
M10,M10-B006,3,M10-trial03,normal_debate,Normal debate,M10-T05,M10-T05-C04,penalties,1,0
M10,M10-B006,3,M10-trial03,normal_debate,Normal debate,M10-T05,M10-T05-C05,penalties,1,0
M10,M10-B006,3,M10-trial03,normal_debate,Normal debate,M10-T05,M10-T05-C06,penalties,1,0
M10,M10-B006,3,M10-trial03,normal_debate,Normal debate,M10-T06,M10-T06-C01,medi_cal_rx,1,0
M10,M10-B006,3,M10-trial03,normal_debate,Normal debate,M10-T06,M10-T06-C02,medi_cal_rx,1,0
M10,M10-B006,3,M10-trial03,normal_debate,Normal debate,M10-T07,M10-T07-C01,scope_uncertainty,1,0
M10,M10-B006,3,M10-trial03,normal_debate,Normal debate,M10-T07,M10-T07-C02,scope_uncertainty,0,1
M10,M10-B006,3,M10-trial03,normal_debate,Normal debate,M10-T08,M10-T08-C01,state_enforcement_cost,1,0
M10,M10-B006,3,M10-trial03,normal_debate,Normal debate,M10-T08,M10-T08-C02,state_enforcement_cost,1,0
M10,M10-B006,3,M10-trial03,normal_debate,Normal debate,M10-T09,M10-T09-C01,potential_state_savings,1,0
M10,M10-B006,3,M10-trial03,normal_debate,Normal debate,M10-T09,M10-T09-C02,potential_state_savings,0,1
M10,M10-B006,3,M10-trial03,normal_debate,Normal debate,M10-T10,M10-T10-C01,potential_discount_cost,1,0
M10,M10-B006,3,M10-trial03,normal_debate,Normal debate,M10-T10,M10-T10-C02,potential_discount_cost,1,0
M10,M10-B006,3,M10-trial03,normal_debate,Normal debate,M10-T11,M10-T11-C01,penalty_fiscal_uncertainty,1,0
M10,M10-B006,3,M10-trial03,normal_debate,Normal debate,M10-T11,M10-T11-C02,penalty_fiscal_uncertainty,0,0
M10,M10-B007,4,M10-trial04,normal_debate,Normal debate,M10-T01,M10-T01-C01,program_baseline,1,0
M10,M10-B007,4,M10-trial04,normal_debate,Normal debate,M10-T01,M10-T01-C02,program_baseline,1,0
M10,M10-B007,4,M10-trial04,normal_debate,Normal debate,M10-T01,M10-T01-C03,program_baseline,1,0
M10,M10-B007,4,M10-trial04,normal_debate,Normal debate,M10-T02,M10-T02-C01,spending_rule,1,0
M10,M10-B007,4,M10-trial04,normal_debate,Normal debate,M10-T02,M10-T02-C02,spending_rule,1,0
M10,M10-B007,4,M10-trial04,normal_debate,Normal debate,M10-T03,M10-T03-C01,applicability,1,0
M10,M10-B007,4,M10-trial04,normal_debate,Normal debate,M10-T03,M10-T03-C02,applicability,1,0
M10,M10-B007,4,M10-trial04,normal_debate,Normal debate,M10-T03,M10-T03-C03,applicability,1,0
M10,M10-B007,4,M10-trial04,normal_debate,Normal debate,M10-T03,M10-T03-C04,applicability,1,0
M10,M10-B007,4,M10-trial04,normal_debate,Normal debate,M10-T04,M10-T04-C01,reporting_and_enforcement,0,1
M10,M10-B007,4,M10-trial04,normal_debate,Normal debate,M10-T04,M10-T04-C02,reporting_and_enforcement,1,0
M10,M10-B007,4,M10-trial04,normal_debate,Normal debate,M10-T04,M10-T04-C03,reporting_and_enforcement,1,0
M10,M10-B007,4,M10-trial04,normal_debate,Normal debate,M10-T04,M10-T04-C04,reporting_and_enforcement,1,0
M10,M10-B007,4,M10-trial04,normal_debate,Normal debate,M10-T05,M10-T05-C01,penalties,1,0
M10,M10-B007,4,M10-trial04,normal_debate,Normal debate,M10-T05,M10-T05-C02,penalties,1,0
M10,M10-B007,4,M10-trial04,normal_debate,Normal debate,M10-T05,M10-T05-C03,penalties,1,0
M10,M10-B007,4,M10-trial04,normal_debate,Normal debate,M10-T05,M10-T05-C04,penalties,1,0
M10,M10-B007,4,M10-trial04,normal_debate,Normal debate,M10-T05,M10-T05-C05,penalties,1,0
M10,M10-B007,4,M10-trial04,normal_debate,Normal debate,M10-T05,M10-T05-C06,penalties,1,0
M10,M10-B007,4,M10-trial04,normal_debate,Normal debate,M10-T06,M10-T06-C01,medi_cal_rx,1,0
M10,M10-B007,4,M10-trial04,normal_debate,Normal debate,M10-T06,M10-T06-C02,medi_cal_rx,1,0
M10,M10-B007,4,M10-trial04,normal_debate,Normal debate,M10-T07,M10-T07-C01,scope_uncertainty,1,0
M10,M10-B007,4,M10-trial04,normal_debate,Normal debate,M10-T07,M10-T07-C02,scope_uncertainty,1,0
M10,M10-B007,4,M10-trial04,normal_debate,Normal debate,M10-T08,M10-T08-C01,state_enforcement_cost,1,0
M10,M10-B007,4,M10-trial04,normal_debate,Normal debate,M10-T08,M10-T08-C02,state_enforcement_cost,1,0
M10,M10-B007,4,M10-trial04,normal_debate,Normal debate,M10-T09,M10-T09-C01,potential_state_savings,1,0
M10,M10-B007,4,M10-trial04,normal_debate,Normal debate,M10-T09,M10-T09-C02,potential_state_savings,0,1
M10,M10-B007,4,M10-trial04,normal_debate,Normal debate,M10-T10,M10-T10-C01,potential_discount_cost,1,0
M10,M10-B007,4,M10-trial04,normal_debate,Normal debate,M10-T10,M10-T10-C02,potential_discount_cost,1,0
M10,M10-B007,4,M10-trial04,normal_debate,Normal debate,M10-T11,M10-T11-C01,penalty_fiscal_uncertainty,1,0
M10,M10-B007,4,M10-trial04,normal_debate,Normal debate,M10-T11,M10-T11-C02,penalty_fiscal_uncertainty,0,0
M10,M10-B008,1,M10-trial01,single_agent,Single agent,M10-T01,M10-T01-C01,program_baseline,1,0
M10,M10-B008,1,M10-trial01,single_agent,Single agent,M10-T01,M10-T01-C02,program_baseline,1,0
M10,M10-B008,1,M10-trial01,single_agent,Single agent,M10-T01,M10-T01-C03,program_baseline,1,0
M10,M10-B008,1,M10-trial01,single_agent,Single agent,M10-T02,M10-T02-C01,spending_rule,1,0
M10,M10-B008,1,M10-trial01,single_agent,Single agent,M10-T02,M10-T02-C02,spending_rule,1,0
M10,M10-B008,1,M10-trial01,single_agent,Single agent,M10-T03,M10-T03-C01,applicability,1,0
M10,M10-B008,1,M10-trial01,single_agent,Single agent,M10-T03,M10-T03-C02,applicability,1,0
M10,M10-B008,1,M10-trial01,single_agent,Single agent,M10-T03,M10-T03-C03,applicability,1,0
M10,M10-B008,1,M10-trial01,single_agent,Single agent,M10-T03,M10-T03-C04,applicability,1,0
M10,M10-B008,1,M10-trial01,single_agent,Single agent,M10-T04,M10-T04-C01,reporting_and_enforcement,0,0
M10,M10-B008,1,M10-trial01,single_agent,Single agent,M10-T04,M10-T04-C02,reporting_and_enforcement,1,0
M10,M10-B008,1,M10-trial01,single_agent,Single agent,M10-T04,M10-T04-C03,reporting_and_enforcement,1,0
M10,M10-B008,1,M10-trial01,single_agent,Single agent,M10-T04,M10-T04-C04,reporting_and_enforcement,1,0
M10,M10-B008,1,M10-trial01,single_agent,Single agent,M10-T05,M10-T05-C01,penalties,1,0
M10,M10-B008,1,M10-trial01,single_agent,Single agent,M10-T05,M10-T05-C02,penalties,1,0
M10,M10-B008,1,M10-trial01,single_agent,Single agent,M10-T05,M10-T05-C03,penalties,1,0
M10,M10-B008,1,M10-trial01,single_agent,Single agent,M10-T05,M10-T05-C04,penalties,1,0
M10,M10-B008,1,M10-trial01,single_agent,Single agent,M10-T05,M10-T05-C05,penalties,1,0
M10,M10-B008,1,M10-trial01,single_agent,Single agent,M10-T05,M10-T05-C06,penalties,1,0
M10,M10-B008,1,M10-trial01,single_agent,Single agent,M10-T06,M10-T06-C01,medi_cal_rx,1,0
M10,M10-B008,1,M10-trial01,single_agent,Single agent,M10-T06,M10-T06-C02,medi_cal_rx,1,0
M10,M10-B008,1,M10-trial01,single_agent,Single agent,M10-T07,M10-T07-C01,scope_uncertainty,1,0
M10,M10-B008,1,M10-trial01,single_agent,Single agent,M10-T07,M10-T07-C02,scope_uncertainty,0,0
M10,M10-B008,1,M10-trial01,single_agent,Single agent,M10-T08,M10-T08-C01,state_enforcement_cost,1,0
M10,M10-B008,1,M10-trial01,single_agent,Single agent,M10-T08,M10-T08-C02,state_enforcement_cost,1,0
M10,M10-B008,1,M10-trial01,single_agent,Single agent,M10-T09,M10-T09-C01,potential_state_savings,1,0
M10,M10-B008,1,M10-trial01,single_agent,Single agent,M10-T09,M10-T09-C02,potential_state_savings,0,1
M10,M10-B008,1,M10-trial01,single_agent,Single agent,M10-T10,M10-T10-C01,potential_discount_cost,1,0
M10,M10-B008,1,M10-trial01,single_agent,Single agent,M10-T10,M10-T10-C02,potential_discount_cost,1,0
M10,M10-B008,1,M10-trial01,single_agent,Single agent,M10-T11,M10-T11-C01,penalty_fiscal_uncertainty,1,0
M10,M10-B008,1,M10-trial01,single_agent,Single agent,M10-T11,M10-T11-C02,penalty_fiscal_uncertainty,1,0
M10,M10-B009,3,M10-trial03,critic_debate,Critic debate,M10-T01,M10-T01-C01,program_baseline,1,0
M10,M10-B009,3,M10-trial03,critic_debate,Critic debate,M10-T01,M10-T01-C02,program_baseline,1,0
M10,M10-B009,3,M10-trial03,critic_debate,Critic debate,M10-T01,M10-T01-C03,program_baseline,1,0
M10,M10-B009,3,M10-trial03,critic_debate,Critic debate,M10-T02,M10-T02-C01,spending_rule,1,0
M10,M10-B009,3,M10-trial03,critic_debate,Critic debate,M10-T02,M10-T02-C02,spending_rule,1,0
M10,M10-B009,3,M10-trial03,critic_debate,Critic debate,M10-T03,M10-T03-C01,applicability,1,0
M10,M10-B009,3,M10-trial03,critic_debate,Critic debate,M10-T03,M10-T03-C02,applicability,1,0
M10,M10-B009,3,M10-trial03,critic_debate,Critic debate,M10-T03,M10-T03-C03,applicability,1,0
M10,M10-B009,3,M10-trial03,critic_debate,Critic debate,M10-T03,M10-T03-C04,applicability,1,0
M10,M10-B009,3,M10-trial03,critic_debate,Critic debate,M10-T04,M10-T04-C01,reporting_and_enforcement,1,0
M10,M10-B009,3,M10-trial03,critic_debate,Critic debate,M10-T04,M10-T04-C02,reporting_and_enforcement,1,0
M10,M10-B009,3,M10-trial03,critic_debate,Critic debate,M10-T04,M10-T04-C03,reporting_and_enforcement,1,0
M10,M10-B009,3,M10-trial03,critic_debate,Critic debate,M10-T04,M10-T04-C04,reporting_and_enforcement,1,0
M10,M10-B009,3,M10-trial03,critic_debate,Critic debate,M10-T05,M10-T05-C01,penalties,1,0
M10,M10-B009,3,M10-trial03,critic_debate,Critic debate,M10-T05,M10-T05-C02,penalties,1,0
M10,M10-B009,3,M10-trial03,critic_debate,Critic debate,M10-T05,M10-T05-C03,penalties,1,0
M10,M10-B009,3,M10-trial03,critic_debate,Critic debate,M10-T05,M10-T05-C04,penalties,1,0
M10,M10-B009,3,M10-trial03,critic_debate,Critic debate,M10-T05,M10-T05-C05,penalties,1,0
M10,M10-B009,3,M10-trial03,critic_debate,Critic debate,M10-T05,M10-T05-C06,penalties,1,0
M10,M10-B009,3,M10-trial03,critic_debate,Critic debate,M10-T06,M10-T06-C01,medi_cal_rx,1,0
M10,M10-B009,3,M10-trial03,critic_debate,Critic debate,M10-T06,M10-T06-C02,medi_cal_rx,1,0
M10,M10-B009,3,M10-trial03,critic_debate,Critic debate,M10-T07,M10-T07-C01,scope_uncertainty,1,0
M10,M10-B009,3,M10-trial03,critic_debate,Critic debate,M10-T07,M10-T07-C02,scope_uncertainty,0,0
M10,M10-B009,3,M10-trial03,critic_debate,Critic debate,M10-T08,M10-T08-C01,state_enforcement_cost,1,0
M10,M10-B009,3,M10-trial03,critic_debate,Critic debate,M10-T08,M10-T08-C02,state_enforcement_cost,1,0
M10,M10-B009,3,M10-trial03,critic_debate,Critic debate,M10-T09,M10-T09-C01,potential_state_savings,1,0
M10,M10-B009,3,M10-trial03,critic_debate,Critic debate,M10-T09,M10-T09-C02,potential_state_savings,1,0
M10,M10-B009,3,M10-trial03,critic_debate,Critic debate,M10-T10,M10-T10-C01,potential_discount_cost,1,0
M10,M10-B009,3,M10-trial03,critic_debate,Critic debate,M10-T10,M10-T10-C02,potential_discount_cost,1,0
M10,M10-B009,3,M10-trial03,critic_debate,Critic debate,M10-T11,M10-T11-C01,penalty_fiscal_uncertainty,1,0
M10,M10-B009,3,M10-trial03,critic_debate,Critic debate,M10-T11,M10-T11-C02,penalty_fiscal_uncertainty,0,0
M10,M10-B010,4,M10-trial04,critic_debate,Critic debate,M10-T01,M10-T01-C01,program_baseline,1,0
M10,M10-B010,4,M10-trial04,critic_debate,Critic debate,M10-T01,M10-T01-C02,program_baseline,1,0
M10,M10-B010,4,M10-trial04,critic_debate,Critic debate,M10-T01,M10-T01-C03,program_baseline,1,0
M10,M10-B010,4,M10-trial04,critic_debate,Critic debate,M10-T02,M10-T02-C01,spending_rule,1,0
M10,M10-B010,4,M10-trial04,critic_debate,Critic debate,M10-T02,M10-T02-C02,spending_rule,1,0
M10,M10-B010,4,M10-trial04,critic_debate,Critic debate,M10-T03,M10-T03-C01,applicability,1,0
M10,M10-B010,4,M10-trial04,critic_debate,Critic debate,M10-T03,M10-T03-C02,applicability,1,0
M10,M10-B010,4,M10-trial04,critic_debate,Critic debate,M10-T03,M10-T03-C03,applicability,1,0
M10,M10-B010,4,M10-trial04,critic_debate,Critic debate,M10-T03,M10-T03-C04,applicability,1,0
M10,M10-B010,4,M10-trial04,critic_debate,Critic debate,M10-T04,M10-T04-C01,reporting_and_enforcement,0,1
M10,M10-B010,4,M10-trial04,critic_debate,Critic debate,M10-T04,M10-T04-C02,reporting_and_enforcement,1,0
M10,M10-B010,4,M10-trial04,critic_debate,Critic debate,M10-T04,M10-T04-C03,reporting_and_enforcement,1,0
M10,M10-B010,4,M10-trial04,critic_debate,Critic debate,M10-T04,M10-T04-C04,reporting_and_enforcement,1,0
M10,M10-B010,4,M10-trial04,critic_debate,Critic debate,M10-T05,M10-T05-C01,penalties,1,0
M10,M10-B010,4,M10-trial04,critic_debate,Critic debate,M10-T05,M10-T05-C02,penalties,1,0
M10,M10-B010,4,M10-trial04,critic_debate,Critic debate,M10-T05,M10-T05-C03,penalties,1,0
M10,M10-B010,4,M10-trial04,critic_debate,Critic debate,M10-T05,M10-T05-C04,penalties,1,0
M10,M10-B010,4,M10-trial04,critic_debate,Critic debate,M10-T05,M10-T05-C05,penalties,1,0
M10,M10-B010,4,M10-trial04,critic_debate,Critic debate,M10-T05,M10-T05-C06,penalties,1,0
M10,M10-B010,4,M10-trial04,critic_debate,Critic debate,M10-T06,M10-T06-C01,medi_cal_rx,1,0
M10,M10-B010,4,M10-trial04,critic_debate,Critic debate,M10-T06,M10-T06-C02,medi_cal_rx,1,0
M10,M10-B010,4,M10-trial04,critic_debate,Critic debate,M10-T07,M10-T07-C01,scope_uncertainty,1,0
M10,M10-B010,4,M10-trial04,critic_debate,Critic debate,M10-T07,M10-T07-C02,scope_uncertainty,0,1
M10,M10-B010,4,M10-trial04,critic_debate,Critic debate,M10-T08,M10-T08-C01,state_enforcement_cost,1,0
M10,M10-B010,4,M10-trial04,critic_debate,Critic debate,M10-T08,M10-T08-C02,state_enforcement_cost,1,0
M10,M10-B010,4,M10-trial04,critic_debate,Critic debate,M10-T09,M10-T09-C01,potential_state_savings,1,0
M10,M10-B010,4,M10-trial04,critic_debate,Critic debate,M10-T09,M10-T09-C02,potential_state_savings,1,0
M10,M10-B010,4,M10-trial04,critic_debate,Critic debate,M10-T10,M10-T10-C01,potential_discount_cost,1,0
M10,M10-B010,4,M10-trial04,critic_debate,Critic debate,M10-T10,M10-T10-C02,potential_discount_cost,1,0
M10,M10-B010,4,M10-trial04,critic_debate,Critic debate,M10-T11,M10-T11-C01,penalty_fiscal_uncertainty,1,0
M10,M10-B010,4,M10-trial04,critic_debate,Critic debate,M10-T11,M10-T11-C02,penalty_fiscal_uncertainty,0,0
M10,M10-B011,1,M10-trial01,critic_debate,Critic debate,M10-T01,M10-T01-C01,program_baseline,1,0
M10,M10-B011,1,M10-trial01,critic_debate,Critic debate,M10-T01,M10-T01-C02,program_baseline,1,0
M10,M10-B011,1,M10-trial01,critic_debate,Critic debate,M10-T01,M10-T01-C03,program_baseline,1,0
M10,M10-B011,1,M10-trial01,critic_debate,Critic debate,M10-T02,M10-T02-C01,spending_rule,1,0
M10,M10-B011,1,M10-trial01,critic_debate,Critic debate,M10-T02,M10-T02-C02,spending_rule,1,0
M10,M10-B011,1,M10-trial01,critic_debate,Critic debate,M10-T03,M10-T03-C01,applicability,1,0
M10,M10-B011,1,M10-trial01,critic_debate,Critic debate,M10-T03,M10-T03-C02,applicability,1,0
M10,M10-B011,1,M10-trial01,critic_debate,Critic debate,M10-T03,M10-T03-C03,applicability,1,0
M10,M10-B011,1,M10-trial01,critic_debate,Critic debate,M10-T03,M10-T03-C04,applicability,1,0
M10,M10-B011,1,M10-trial01,critic_debate,Critic debate,M10-T04,M10-T04-C01,reporting_and_enforcement,1,0
M10,M10-B011,1,M10-trial01,critic_debate,Critic debate,M10-T04,M10-T04-C02,reporting_and_enforcement,1,0
M10,M10-B011,1,M10-trial01,critic_debate,Critic debate,M10-T04,M10-T04-C03,reporting_and_enforcement,1,0
M10,M10-B011,1,M10-trial01,critic_debate,Critic debate,M10-T04,M10-T04-C04,reporting_and_enforcement,1,0
M10,M10-B011,1,M10-trial01,critic_debate,Critic debate,M10-T05,M10-T05-C01,penalties,1,0
M10,M10-B011,1,M10-trial01,critic_debate,Critic debate,M10-T05,M10-T05-C02,penalties,1,0
M10,M10-B011,1,M10-trial01,critic_debate,Critic debate,M10-T05,M10-T05-C03,penalties,1,0
M10,M10-B011,1,M10-trial01,critic_debate,Critic debate,M10-T05,M10-T05-C04,penalties,1,0
M10,M10-B011,1,M10-trial01,critic_debate,Critic debate,M10-T05,M10-T05-C05,penalties,1,0
M10,M10-B011,1,M10-trial01,critic_debate,Critic debate,M10-T05,M10-T05-C06,penalties,1,0
M10,M10-B011,1,M10-trial01,critic_debate,Critic debate,M10-T06,M10-T06-C01,medi_cal_rx,1,0
M10,M10-B011,1,M10-trial01,critic_debate,Critic debate,M10-T06,M10-T06-C02,medi_cal_rx,1,0
M10,M10-B011,1,M10-trial01,critic_debate,Critic debate,M10-T07,M10-T07-C01,scope_uncertainty,1,0
M10,M10-B011,1,M10-trial01,critic_debate,Critic debate,M10-T07,M10-T07-C02,scope_uncertainty,0,1
M10,M10-B011,1,M10-trial01,critic_debate,Critic debate,M10-T08,M10-T08-C01,state_enforcement_cost,1,0
M10,M10-B011,1,M10-trial01,critic_debate,Critic debate,M10-T08,M10-T08-C02,state_enforcement_cost,1,0
M10,M10-B011,1,M10-trial01,critic_debate,Critic debate,M10-T09,M10-T09-C01,potential_state_savings,1,0
M10,M10-B011,1,M10-trial01,critic_debate,Critic debate,M10-T09,M10-T09-C02,potential_state_savings,1,0
M10,M10-B011,1,M10-trial01,critic_debate,Critic debate,M10-T10,M10-T10-C01,potential_discount_cost,1,0
M10,M10-B011,1,M10-trial01,critic_debate,Critic debate,M10-T10,M10-T10-C02,potential_discount_cost,1,0
M10,M10-B011,1,M10-trial01,critic_debate,Critic debate,M10-T11,M10-T11-C01,penalty_fiscal_uncertainty,1,0
M10,M10-B011,1,M10-trial01,critic_debate,Critic debate,M10-T11,M10-T11-C02,penalty_fiscal_uncertainty,0,0
M10,M10-B012,4,M10-trial04,single_agent,Single agent,M10-T01,M10-T01-C01,program_baseline,1,0
M10,M10-B012,4,M10-trial04,single_agent,Single agent,M10-T01,M10-T01-C02,program_baseline,1,0
M10,M10-B012,4,M10-trial04,single_agent,Single agent,M10-T01,M10-T01-C03,program_baseline,1,0
M10,M10-B012,4,M10-trial04,single_agent,Single agent,M10-T02,M10-T02-C01,spending_rule,1,0
M10,M10-B012,4,M10-trial04,single_agent,Single agent,M10-T02,M10-T02-C02,spending_rule,1,0
M10,M10-B012,4,M10-trial04,single_agent,Single agent,M10-T03,M10-T03-C01,applicability,1,0
M10,M10-B012,4,M10-trial04,single_agent,Single agent,M10-T03,M10-T03-C02,applicability,1,0
M10,M10-B012,4,M10-trial04,single_agent,Single agent,M10-T03,M10-T03-C03,applicability,1,0
M10,M10-B012,4,M10-trial04,single_agent,Single agent,M10-T03,M10-T03-C04,applicability,1,0
M10,M10-B012,4,M10-trial04,single_agent,Single agent,M10-T04,M10-T04-C01,reporting_and_enforcement,1,0
M10,M10-B012,4,M10-trial04,single_agent,Single agent,M10-T04,M10-T04-C02,reporting_and_enforcement,1,0
M10,M10-B012,4,M10-trial04,single_agent,Single agent,M10-T04,M10-T04-C03,reporting_and_enforcement,1,0
M10,M10-B012,4,M10-trial04,single_agent,Single agent,M10-T04,M10-T04-C04,reporting_and_enforcement,1,0
M10,M10-B012,4,M10-trial04,single_agent,Single agent,M10-T05,M10-T05-C01,penalties,1,0
M10,M10-B012,4,M10-trial04,single_agent,Single agent,M10-T05,M10-T05-C02,penalties,1,0
M10,M10-B012,4,M10-trial04,single_agent,Single agent,M10-T05,M10-T05-C03,penalties,1,0
M10,M10-B012,4,M10-trial04,single_agent,Single agent,M10-T05,M10-T05-C04,penalties,1,0
M10,M10-B012,4,M10-trial04,single_agent,Single agent,M10-T05,M10-T05-C05,penalties,1,0
M10,M10-B012,4,M10-trial04,single_agent,Single agent,M10-T05,M10-T05-C06,penalties,1,0
M10,M10-B012,4,M10-trial04,single_agent,Single agent,M10-T06,M10-T06-C01,medi_cal_rx,1,0
M10,M10-B012,4,M10-trial04,single_agent,Single agent,M10-T06,M10-T06-C02,medi_cal_rx,1,0
M10,M10-B012,4,M10-trial04,single_agent,Single agent,M10-T07,M10-T07-C01,scope_uncertainty,1,0
M10,M10-B012,4,M10-trial04,single_agent,Single agent,M10-T07,M10-T07-C02,scope_uncertainty,1,0
M10,M10-B012,4,M10-trial04,single_agent,Single agent,M10-T08,M10-T08-C01,state_enforcement_cost,1,0
M10,M10-B012,4,M10-trial04,single_agent,Single agent,M10-T08,M10-T08-C02,state_enforcement_cost,1,0
M10,M10-B012,4,M10-trial04,single_agent,Single agent,M10-T09,M10-T09-C01,potential_state_savings,1,0
M10,M10-B012,4,M10-trial04,single_agent,Single agent,M10-T09,M10-T09-C02,potential_state_savings,0,1
M10,M10-B012,4,M10-trial04,single_agent,Single agent,M10-T10,M10-T10-C01,potential_discount_cost,1,0
M10,M10-B012,4,M10-trial04,single_agent,Single agent,M10-T10,M10-T10-C02,potential_discount_cost,0,1
M10,M10-B012,4,M10-trial04,single_agent,Single agent,M10-T11,M10-T11-C01,penalty_fiscal_uncertainty,1,0
M10,M10-B012,4,M10-trial04,single_agent,Single agent,M10-T11,M10-T11-C02,penalty_fiscal_uncertainty,0,0
M10,M10-B013,1,M10-trial01,independent_ensemble,Independent ensemble,M10-T01,M10-T01-C01,program_baseline,1,0
M10,M10-B013,1,M10-trial01,independent_ensemble,Independent ensemble,M10-T01,M10-T01-C02,program_baseline,1,0
M10,M10-B013,1,M10-trial01,independent_ensemble,Independent ensemble,M10-T01,M10-T01-C03,program_baseline,1,0
M10,M10-B013,1,M10-trial01,independent_ensemble,Independent ensemble,M10-T02,M10-T02-C01,spending_rule,1,0
M10,M10-B013,1,M10-trial01,independent_ensemble,Independent ensemble,M10-T02,M10-T02-C02,spending_rule,1,0
M10,M10-B013,1,M10-trial01,independent_ensemble,Independent ensemble,M10-T03,M10-T03-C01,applicability,1,0
M10,M10-B013,1,M10-trial01,independent_ensemble,Independent ensemble,M10-T03,M10-T03-C02,applicability,1,0
M10,M10-B013,1,M10-trial01,independent_ensemble,Independent ensemble,M10-T03,M10-T03-C03,applicability,1,0
M10,M10-B013,1,M10-trial01,independent_ensemble,Independent ensemble,M10-T03,M10-T03-C04,applicability,1,0
M10,M10-B013,1,M10-trial01,independent_ensemble,Independent ensemble,M10-T04,M10-T04-C01,reporting_and_enforcement,0,1
M10,M10-B013,1,M10-trial01,independent_ensemble,Independent ensemble,M10-T04,M10-T04-C02,reporting_and_enforcement,1,0
M10,M10-B013,1,M10-trial01,independent_ensemble,Independent ensemble,M10-T04,M10-T04-C03,reporting_and_enforcement,1,0
M10,M10-B013,1,M10-trial01,independent_ensemble,Independent ensemble,M10-T04,M10-T04-C04,reporting_and_enforcement,1,0
M10,M10-B013,1,M10-trial01,independent_ensemble,Independent ensemble,M10-T05,M10-T05-C01,penalties,1,0
M10,M10-B013,1,M10-trial01,independent_ensemble,Independent ensemble,M10-T05,M10-T05-C02,penalties,1,0
M10,M10-B013,1,M10-trial01,independent_ensemble,Independent ensemble,M10-T05,M10-T05-C03,penalties,1,0
M10,M10-B013,1,M10-trial01,independent_ensemble,Independent ensemble,M10-T05,M10-T05-C04,penalties,1,0
M10,M10-B013,1,M10-trial01,independent_ensemble,Independent ensemble,M10-T05,M10-T05-C05,penalties,1,0
M10,M10-B013,1,M10-trial01,independent_ensemble,Independent ensemble,M10-T05,M10-T05-C06,penalties,1,0
M10,M10-B013,1,M10-trial01,independent_ensemble,Independent ensemble,M10-T06,M10-T06-C01,medi_cal_rx,1,0
M10,M10-B013,1,M10-trial01,independent_ensemble,Independent ensemble,M10-T06,M10-T06-C02,medi_cal_rx,1,0
M10,M10-B013,1,M10-trial01,independent_ensemble,Independent ensemble,M10-T07,M10-T07-C01,scope_uncertainty,1,0
M10,M10-B013,1,M10-trial01,independent_ensemble,Independent ensemble,M10-T07,M10-T07-C02,scope_uncertainty,1,0
M10,M10-B013,1,M10-trial01,independent_ensemble,Independent ensemble,M10-T08,M10-T08-C01,state_enforcement_cost,1,0
M10,M10-B013,1,M10-trial01,independent_ensemble,Independent ensemble,M10-T08,M10-T08-C02,state_enforcement_cost,1,0
M10,M10-B013,1,M10-trial01,independent_ensemble,Independent ensemble,M10-T09,M10-T09-C01,potential_state_savings,1,0
M10,M10-B013,1,M10-trial01,independent_ensemble,Independent ensemble,M10-T09,M10-T09-C02,potential_state_savings,0,0
M10,M10-B013,1,M10-trial01,independent_ensemble,Independent ensemble,M10-T10,M10-T10-C01,potential_discount_cost,1,0
M10,M10-B013,1,M10-trial01,independent_ensemble,Independent ensemble,M10-T10,M10-T10-C02,potential_discount_cost,1,0
M10,M10-B013,1,M10-trial01,independent_ensemble,Independent ensemble,M10-T11,M10-T11-C01,penalty_fiscal_uncertainty,1,0
M10,M10-B013,1,M10-trial01,independent_ensemble,Independent ensemble,M10-T11,M10-T11-C02,penalty_fiscal_uncertainty,1,0
M10,M10-B014,2,M10-trial02,critic_debate,Critic debate,M10-T01,M10-T01-C01,program_baseline,1,0
M10,M10-B014,2,M10-trial02,critic_debate,Critic debate,M10-T01,M10-T01-C02,program_baseline,1,0
M10,M10-B014,2,M10-trial02,critic_debate,Critic debate,M10-T01,M10-T01-C03,program_baseline,1,0
M10,M10-B014,2,M10-trial02,critic_debate,Critic debate,M10-T02,M10-T02-C01,spending_rule,1,0
M10,M10-B014,2,M10-trial02,critic_debate,Critic debate,M10-T02,M10-T02-C02,spending_rule,1,0
M10,M10-B014,2,M10-trial02,critic_debate,Critic debate,M10-T03,M10-T03-C01,applicability,1,0
M10,M10-B014,2,M10-trial02,critic_debate,Critic debate,M10-T03,M10-T03-C02,applicability,1,0
M10,M10-B014,2,M10-trial02,critic_debate,Critic debate,M10-T03,M10-T03-C03,applicability,1,0
M10,M10-B014,2,M10-trial02,critic_debate,Critic debate,M10-T03,M10-T03-C04,applicability,1,0
M10,M10-B014,2,M10-trial02,critic_debate,Critic debate,M10-T04,M10-T04-C01,reporting_and_enforcement,1,0
M10,M10-B014,2,M10-trial02,critic_debate,Critic debate,M10-T04,M10-T04-C02,reporting_and_enforcement,1,0
M10,M10-B014,2,M10-trial02,critic_debate,Critic debate,M10-T04,M10-T04-C03,reporting_and_enforcement,1,0
M10,M10-B014,2,M10-trial02,critic_debate,Critic debate,M10-T04,M10-T04-C04,reporting_and_enforcement,1,0
M10,M10-B014,2,M10-trial02,critic_debate,Critic debate,M10-T05,M10-T05-C01,penalties,1,0
M10,M10-B014,2,M10-trial02,critic_debate,Critic debate,M10-T05,M10-T05-C02,penalties,1,0
M10,M10-B014,2,M10-trial02,critic_debate,Critic debate,M10-T05,M10-T05-C03,penalties,1,0
M10,M10-B014,2,M10-trial02,critic_debate,Critic debate,M10-T05,M10-T05-C04,penalties,1,0
M10,M10-B014,2,M10-trial02,critic_debate,Critic debate,M10-T05,M10-T05-C05,penalties,1,0
M10,M10-B014,2,M10-trial02,critic_debate,Critic debate,M10-T05,M10-T05-C06,penalties,1,0
M10,M10-B014,2,M10-trial02,critic_debate,Critic debate,M10-T06,M10-T06-C01,medi_cal_rx,1,0
M10,M10-B014,2,M10-trial02,critic_debate,Critic debate,M10-T06,M10-T06-C02,medi_cal_rx,1,0
M10,M10-B014,2,M10-trial02,critic_debate,Critic debate,M10-T07,M10-T07-C01,scope_uncertainty,1,0
M10,M10-B014,2,M10-trial02,critic_debate,Critic debate,M10-T07,M10-T07-C02,scope_uncertainty,0,1
M10,M10-B014,2,M10-trial02,critic_debate,Critic debate,M10-T08,M10-T08-C01,state_enforcement_cost,1,0
M10,M10-B014,2,M10-trial02,critic_debate,Critic debate,M10-T08,M10-T08-C02,state_enforcement_cost,1,0
M10,M10-B014,2,M10-trial02,critic_debate,Critic debate,M10-T09,M10-T09-C01,potential_state_savings,1,0
M10,M10-B014,2,M10-trial02,critic_debate,Critic debate,M10-T09,M10-T09-C02,potential_state_savings,1,0
M10,M10-B014,2,M10-trial02,critic_debate,Critic debate,M10-T10,M10-T10-C01,potential_discount_cost,1,0
M10,M10-B014,2,M10-trial02,critic_debate,Critic debate,M10-T10,M10-T10-C02,potential_discount_cost,1,0
M10,M10-B014,2,M10-trial02,critic_debate,Critic debate,M10-T11,M10-T11-C01,penalty_fiscal_uncertainty,1,0
M10,M10-B014,2,M10-trial02,critic_debate,Critic debate,M10-T11,M10-T11-C02,penalty_fiscal_uncertainty,0,0
M10,M10-B015,1,M10-trial01,normal_debate,Normal debate,M10-T01,M10-T01-C01,program_baseline,1,0
M10,M10-B015,1,M10-trial01,normal_debate,Normal debate,M10-T01,M10-T01-C02,program_baseline,1,0
M10,M10-B015,1,M10-trial01,normal_debate,Normal debate,M10-T01,M10-T01-C03,program_baseline,1,0
M10,M10-B015,1,M10-trial01,normal_debate,Normal debate,M10-T02,M10-T02-C01,spending_rule,1,0
M10,M10-B015,1,M10-trial01,normal_debate,Normal debate,M10-T02,M10-T02-C02,spending_rule,1,0
M10,M10-B015,1,M10-trial01,normal_debate,Normal debate,M10-T03,M10-T03-C01,applicability,1,0
M10,M10-B015,1,M10-trial01,normal_debate,Normal debate,M10-T03,M10-T03-C02,applicability,1,0
M10,M10-B015,1,M10-trial01,normal_debate,Normal debate,M10-T03,M10-T03-C03,applicability,1,0
M10,M10-B015,1,M10-trial01,normal_debate,Normal debate,M10-T03,M10-T03-C04,applicability,1,0
M10,M10-B015,1,M10-trial01,normal_debate,Normal debate,M10-T04,M10-T04-C01,reporting_and_enforcement,1,0
M10,M10-B015,1,M10-trial01,normal_debate,Normal debate,M10-T04,M10-T04-C02,reporting_and_enforcement,1,0
M10,M10-B015,1,M10-trial01,normal_debate,Normal debate,M10-T04,M10-T04-C03,reporting_and_enforcement,1,0
M10,M10-B015,1,M10-trial01,normal_debate,Normal debate,M10-T04,M10-T04-C04,reporting_and_enforcement,1,0
M10,M10-B015,1,M10-trial01,normal_debate,Normal debate,M10-T05,M10-T05-C01,penalties,1,0
M10,M10-B015,1,M10-trial01,normal_debate,Normal debate,M10-T05,M10-T05-C02,penalties,1,0
M10,M10-B015,1,M10-trial01,normal_debate,Normal debate,M10-T05,M10-T05-C03,penalties,1,0
M10,M10-B015,1,M10-trial01,normal_debate,Normal debate,M10-T05,M10-T05-C04,penalties,1,0
M10,M10-B015,1,M10-trial01,normal_debate,Normal debate,M10-T05,M10-T05-C05,penalties,1,0
M10,M10-B015,1,M10-trial01,normal_debate,Normal debate,M10-T05,M10-T05-C06,penalties,1,0
M10,M10-B015,1,M10-trial01,normal_debate,Normal debate,M10-T06,M10-T06-C01,medi_cal_rx,1,0
M10,M10-B015,1,M10-trial01,normal_debate,Normal debate,M10-T06,M10-T06-C02,medi_cal_rx,1,0
M10,M10-B015,1,M10-trial01,normal_debate,Normal debate,M10-T07,M10-T07-C01,scope_uncertainty,1,0
M10,M10-B015,1,M10-trial01,normal_debate,Normal debate,M10-T07,M10-T07-C02,scope_uncertainty,0,1
M10,M10-B015,1,M10-trial01,normal_debate,Normal debate,M10-T08,M10-T08-C01,state_enforcement_cost,1,0
M10,M10-B015,1,M10-trial01,normal_debate,Normal debate,M10-T08,M10-T08-C02,state_enforcement_cost,1,0
M10,M10-B015,1,M10-trial01,normal_debate,Normal debate,M10-T09,M10-T09-C01,potential_state_savings,1,0
M10,M10-B015,1,M10-trial01,normal_debate,Normal debate,M10-T09,M10-T09-C02,potential_state_savings,0,0
M10,M10-B015,1,M10-trial01,normal_debate,Normal debate,M10-T10,M10-T10-C01,potential_discount_cost,1,0
M10,M10-B015,1,M10-trial01,normal_debate,Normal debate,M10-T10,M10-T10-C02,potential_discount_cost,1,0
M10,M10-B015,1,M10-trial01,normal_debate,Normal debate,M10-T11,M10-T11-C01,penalty_fiscal_uncertainty,1,0
M10,M10-B015,1,M10-trial01,normal_debate,Normal debate,M10-T11,M10-T11-C02,penalty_fiscal_uncertainty,0,0
M10,M10-B016,2,M10-trial02,independent_ensemble,Independent ensemble,M10-T01,M10-T01-C01,program_baseline,1,0
M10,M10-B016,2,M10-trial02,independent_ensemble,Independent ensemble,M10-T01,M10-T01-C02,program_baseline,1,0
M10,M10-B016,2,M10-trial02,independent_ensemble,Independent ensemble,M10-T01,M10-T01-C03,program_baseline,1,0
M10,M10-B016,2,M10-trial02,independent_ensemble,Independent ensemble,M10-T02,M10-T02-C01,spending_rule,1,0
M10,M10-B016,2,M10-trial02,independent_ensemble,Independent ensemble,M10-T02,M10-T02-C02,spending_rule,1,0
M10,M10-B016,2,M10-trial02,independent_ensemble,Independent ensemble,M10-T03,M10-T03-C01,applicability,1,0
M10,M10-B016,2,M10-trial02,independent_ensemble,Independent ensemble,M10-T03,M10-T03-C02,applicability,1,0
M10,M10-B016,2,M10-trial02,independent_ensemble,Independent ensemble,M10-T03,M10-T03-C03,applicability,1,0
M10,M10-B016,2,M10-trial02,independent_ensemble,Independent ensemble,M10-T03,M10-T03-C04,applicability,1,0
M10,M10-B016,2,M10-trial02,independent_ensemble,Independent ensemble,M10-T04,M10-T04-C01,reporting_and_enforcement,0,1
M10,M10-B016,2,M10-trial02,independent_ensemble,Independent ensemble,M10-T04,M10-T04-C02,reporting_and_enforcement,1,0
M10,M10-B016,2,M10-trial02,independent_ensemble,Independent ensemble,M10-T04,M10-T04-C03,reporting_and_enforcement,1,0
M10,M10-B016,2,M10-trial02,independent_ensemble,Independent ensemble,M10-T04,M10-T04-C04,reporting_and_enforcement,1,0
M10,M10-B016,2,M10-trial02,independent_ensemble,Independent ensemble,M10-T05,M10-T05-C01,penalties,1,0
M10,M10-B016,2,M10-trial02,independent_ensemble,Independent ensemble,M10-T05,M10-T05-C02,penalties,1,0
M10,M10-B016,2,M10-trial02,independent_ensemble,Independent ensemble,M10-T05,M10-T05-C03,penalties,1,0
M10,M10-B016,2,M10-trial02,independent_ensemble,Independent ensemble,M10-T05,M10-T05-C04,penalties,1,0
M10,M10-B016,2,M10-trial02,independent_ensemble,Independent ensemble,M10-T05,M10-T05-C05,penalties,1,0
M10,M10-B016,2,M10-trial02,independent_ensemble,Independent ensemble,M10-T05,M10-T05-C06,penalties,1,0
M10,M10-B016,2,M10-trial02,independent_ensemble,Independent ensemble,M10-T06,M10-T06-C01,medi_cal_rx,1,0
M10,M10-B016,2,M10-trial02,independent_ensemble,Independent ensemble,M10-T06,M10-T06-C02,medi_cal_rx,1,0
M10,M10-B016,2,M10-trial02,independent_ensemble,Independent ensemble,M10-T07,M10-T07-C01,scope_uncertainty,1,0
M10,M10-B016,2,M10-trial02,independent_ensemble,Independent ensemble,M10-T07,M10-T07-C02,scope_uncertainty,1,0
M10,M10-B016,2,M10-trial02,independent_ensemble,Independent ensemble,M10-T08,M10-T08-C01,state_enforcement_cost,1,0
M10,M10-B016,2,M10-trial02,independent_ensemble,Independent ensemble,M10-T08,M10-T08-C02,state_enforcement_cost,1,0
M10,M10-B016,2,M10-trial02,independent_ensemble,Independent ensemble,M10-T09,M10-T09-C01,potential_state_savings,1,0
M10,M10-B016,2,M10-trial02,independent_ensemble,Independent ensemble,M10-T09,M10-T09-C02,potential_state_savings,0,1
M10,M10-B016,2,M10-trial02,independent_ensemble,Independent ensemble,M10-T10,M10-T10-C01,potential_discount_cost,1,0
M10,M10-B016,2,M10-trial02,independent_ensemble,Independent ensemble,M10-T10,M10-T10-C02,potential_discount_cost,1,0
M10,M10-B016,2,M10-trial02,independent_ensemble,Independent ensemble,M10-T11,M10-T11-C01,penalty_fiscal_uncertainty,1,0
M10,M10-B016,2,M10-trial02,independent_ensemble,Independent ensemble,M10-T11,M10-T11-C02,penalty_fiscal_uncertainty,0,0
M11,M11-B001,3,M11-trial03,single_agent,Single agent,M11-T01,M11-T01-C01,legal_baseline,0,0
M11,M11-B001,3,M11-trial03,single_agent,Single agent,M11-T01,M11-T01-C02,legal_baseline,0,0
M11,M11-B001,3,M11-trial03,single_agent,Single agent,M11-T02,M11-T02-C01,repeat_theft_felony,1,0
M11,M11-B001,3,M11-trial03,single_agent,Single agent,M11-T02,M11-T02-C02,repeat_theft_felony,1,0
M11,M11-B001,3,M11-trial03,single_agent,Single agent,M11-T02,M11-T02-C03,repeat_theft_felony,0,0
M11,M11-B001,3,M11-trial03,single_agent,Single agent,M11-T03,M11-T03-C01,group_crime_enhancement,1,0
M11,M11-B001,3,M11-trial03,single_agent,Single agent,M11-T03,M11-T03-C02,group_crime_enhancement,1,0
M11,M11-B001,3,M11-trial03,single_agent,Single agent,M11-T04,M11-T04-C01,drug_sentence_location,1,0
M11,M11-B001,3,M11-trial03,single_agent,Single agent,M11-T04,M11-T04-C02,drug_sentence_location,1,0
M11,M11-B001,3,M11-trial03,single_agent,Single agent,M11-T05,M11-T05-C01,treatment_mandated_felony,1,0
M11,M11-B001,3,M11-trial03,single_agent,Single agent,M11-T05,M11-T05-C02,treatment_mandated_felony,1,0
M11,M11-B001,3,M11-trial03,single_agent,Single agent,M11-T05,M11-T05-C03,treatment_mandated_felony,1,0
M11,M11-B001,3,M11-trial03,single_agent,Single agent,M11-T05,M11-T05-C04,treatment_mandated_felony,1,0
M11,M11-B001,3,M11-trial03,single_agent,Single agent,M11-T05,M11-T05-C05,treatment_mandated_felony,0,0
M11,M11-B001,3,M11-trial03,single_agent,Single agent,M11-T06,M11-T06-C01,murder_warning,1,0
M11,M11-B001,3,M11-trial03,single_agent,Single agent,M11-T06,M11-T06-C02,murder_warning,1,0
M11,M11-B001,3,M11-trial03,single_agent,Single agent,M11-T06,M11-T06-C03,murder_warning,1,0
M11,M11-B001,3,M11-trial03,single_agent,Single agent,M11-T07,M11-T07-C01,state_population_and_workload,1,0
M11,M11-B001,3,M11-trial03,single_agent,Single agent,M11-T07,M11-T07-C02,state_population_and_workload,1,0
M11,M11-B001,3,M11-trial03,single_agent,Single agent,M11-T07,M11-T07-C03,state_population_and_workload,0,1
M11,M11-B001,3,M11-trial03,single_agent,Single agent,M11-T08,M11-T08-C01,state_fiscal_effect,1,0
M11,M11-B001,3,M11-trial03,single_agent,Single agent,M11-T08,M11-T08-C02,state_fiscal_effect,1,0
M11,M11-B001,3,M11-trial03,single_agent,Single agent,M11-T09,M11-T09-C01,local_population_and_workload,1,0
M11,M11-B001,3,M11-trial03,single_agent,Single agent,M11-T09,M11-T09-C02,local_population_and_workload,0,0
M11,M11-B001,3,M11-trial03,single_agent,Single agent,M11-T09,M11-T09-C03,local_population_and_workload,1,0
M11,M11-B001,3,M11-trial03,single_agent,Single agent,M11-T09,M11-T09-C04,local_population_and_workload,1,0
M11,M11-B001,3,M11-trial03,single_agent,Single agent,M11-T10,M11-T10-C01,local_fiscal_effect,1,0
M11,M11-B001,3,M11-trial03,single_agent,Single agent,M11-T11,M11-T11-C01,prop47_savings_effect,0,0
M11,M11-B001,3,M11-trial03,single_agent,Single agent,M11-T11,M11-T11-C02,prop47_savings_effect,1,0
M11,M11-B001,3,M11-trial03,single_agent,Single agent,M11-T11,M11-T11-C03,prop47_savings_effect,1,0
M11,M11-B001,3,M11-trial03,single_agent,Single agent,M11-T11,M11-T11-C04,prop47_savings_effect,1,0
M11,M11-B001,3,M11-trial03,single_agent,Single agent,M11-T12,M11-T12-C01,crime_reduction_uncertainty,1,0
M11,M11-B001,3,M11-trial03,single_agent,Single agent,M11-T12,M11-T12-C02,crime_reduction_uncertainty,1,0
M11,M11-B002,2,M11-trial02,single_agent,Single agent,M11-T01,M11-T01-C01,legal_baseline,0,0
M11,M11-B002,2,M11-trial02,single_agent,Single agent,M11-T01,M11-T01-C02,legal_baseline,0,0
M11,M11-B002,2,M11-trial02,single_agent,Single agent,M11-T02,M11-T02-C01,repeat_theft_felony,1,0
M11,M11-B002,2,M11-trial02,single_agent,Single agent,M11-T02,M11-T02-C02,repeat_theft_felony,1,0
M11,M11-B002,2,M11-trial02,single_agent,Single agent,M11-T02,M11-T02-C03,repeat_theft_felony,0,0
M11,M11-B002,2,M11-trial02,single_agent,Single agent,M11-T03,M11-T03-C01,group_crime_enhancement,1,0
M11,M11-B002,2,M11-trial02,single_agent,Single agent,M11-T03,M11-T03-C02,group_crime_enhancement,1,0
M11,M11-B002,2,M11-trial02,single_agent,Single agent,M11-T04,M11-T04-C01,drug_sentence_location,0,0
M11,M11-B002,2,M11-trial02,single_agent,Single agent,M11-T04,M11-T04-C02,drug_sentence_location,1,0
M11,M11-B002,2,M11-trial02,single_agent,Single agent,M11-T05,M11-T05-C01,treatment_mandated_felony,1,0
M11,M11-B002,2,M11-trial02,single_agent,Single agent,M11-T05,M11-T05-C02,treatment_mandated_felony,1,0
M11,M11-B002,2,M11-trial02,single_agent,Single agent,M11-T05,M11-T05-C03,treatment_mandated_felony,1,0
M11,M11-B002,2,M11-trial02,single_agent,Single agent,M11-T05,M11-T05-C04,treatment_mandated_felony,1,0
M11,M11-B002,2,M11-trial02,single_agent,Single agent,M11-T05,M11-T05-C05,treatment_mandated_felony,0,0
M11,M11-B002,2,M11-trial02,single_agent,Single agent,M11-T06,M11-T06-C01,murder_warning,1,0
M11,M11-B002,2,M11-trial02,single_agent,Single agent,M11-T06,M11-T06-C02,murder_warning,1,0
M11,M11-B002,2,M11-trial02,single_agent,Single agent,M11-T06,M11-T06-C03,murder_warning,1,0
M11,M11-B002,2,M11-trial02,single_agent,Single agent,M11-T07,M11-T07-C01,state_population_and_workload,1,0
M11,M11-B002,2,M11-trial02,single_agent,Single agent,M11-T07,M11-T07-C02,state_population_and_workload,1,0
M11,M11-B002,2,M11-trial02,single_agent,Single agent,M11-T07,M11-T07-C03,state_population_and_workload,0,0
M11,M11-B002,2,M11-trial02,single_agent,Single agent,M11-T08,M11-T08-C01,state_fiscal_effect,1,0
M11,M11-B002,2,M11-trial02,single_agent,Single agent,M11-T08,M11-T08-C02,state_fiscal_effect,1,0
M11,M11-B002,2,M11-trial02,single_agent,Single agent,M11-T09,M11-T09-C01,local_population_and_workload,1,0
M11,M11-B002,2,M11-trial02,single_agent,Single agent,M11-T09,M11-T09-C02,local_population_and_workload,0,0
M11,M11-B002,2,M11-trial02,single_agent,Single agent,M11-T09,M11-T09-C03,local_population_and_workload,1,0
M11,M11-B002,2,M11-trial02,single_agent,Single agent,M11-T09,M11-T09-C04,local_population_and_workload,1,0
M11,M11-B002,2,M11-trial02,single_agent,Single agent,M11-T10,M11-T10-C01,local_fiscal_effect,1,0
M11,M11-B002,2,M11-trial02,single_agent,Single agent,M11-T11,M11-T11-C01,prop47_savings_effect,0,0
M11,M11-B002,2,M11-trial02,single_agent,Single agent,M11-T11,M11-T11-C02,prop47_savings_effect,1,0
M11,M11-B002,2,M11-trial02,single_agent,Single agent,M11-T11,M11-T11-C03,prop47_savings_effect,1,0
M11,M11-B002,2,M11-trial02,single_agent,Single agent,M11-T11,M11-T11-C04,prop47_savings_effect,1,0
M11,M11-B002,2,M11-trial02,single_agent,Single agent,M11-T12,M11-T12-C01,crime_reduction_uncertainty,1,0
M11,M11-B002,2,M11-trial02,single_agent,Single agent,M11-T12,M11-T12-C02,crime_reduction_uncertainty,1,0
M11,M11-B003,4,M11-trial04,normal_debate,Normal debate,M11-T01,M11-T01-C01,legal_baseline,0,0
M11,M11-B003,4,M11-trial04,normal_debate,Normal debate,M11-T01,M11-T01-C02,legal_baseline,0,0
M11,M11-B003,4,M11-trial04,normal_debate,Normal debate,M11-T02,M11-T02-C01,repeat_theft_felony,1,0
M11,M11-B003,4,M11-trial04,normal_debate,Normal debate,M11-T02,M11-T02-C02,repeat_theft_felony,1,0
M11,M11-B003,4,M11-trial04,normal_debate,Normal debate,M11-T02,M11-T02-C03,repeat_theft_felony,0,1
M11,M11-B003,4,M11-trial04,normal_debate,Normal debate,M11-T03,M11-T03-C01,group_crime_enhancement,1,0
M11,M11-B003,4,M11-trial04,normal_debate,Normal debate,M11-T03,M11-T03-C02,group_crime_enhancement,1,0
M11,M11-B003,4,M11-trial04,normal_debate,Normal debate,M11-T04,M11-T04-C01,drug_sentence_location,1,0
M11,M11-B003,4,M11-trial04,normal_debate,Normal debate,M11-T04,M11-T04-C02,drug_sentence_location,1,0
M11,M11-B003,4,M11-trial04,normal_debate,Normal debate,M11-T05,M11-T05-C01,treatment_mandated_felony,1,0
M11,M11-B003,4,M11-trial04,normal_debate,Normal debate,M11-T05,M11-T05-C02,treatment_mandated_felony,1,0
M11,M11-B003,4,M11-trial04,normal_debate,Normal debate,M11-T05,M11-T05-C03,treatment_mandated_felony,1,0
M11,M11-B003,4,M11-trial04,normal_debate,Normal debate,M11-T05,M11-T05-C04,treatment_mandated_felony,1,0
M11,M11-B003,4,M11-trial04,normal_debate,Normal debate,M11-T05,M11-T05-C05,treatment_mandated_felony,0,1
M11,M11-B003,4,M11-trial04,normal_debate,Normal debate,M11-T06,M11-T06-C01,murder_warning,1,0
M11,M11-B003,4,M11-trial04,normal_debate,Normal debate,M11-T06,M11-T06-C02,murder_warning,1,0
M11,M11-B003,4,M11-trial04,normal_debate,Normal debate,M11-T06,M11-T06-C03,murder_warning,1,0
M11,M11-B003,4,M11-trial04,normal_debate,Normal debate,M11-T07,M11-T07-C01,state_population_and_workload,1,0
M11,M11-B003,4,M11-trial04,normal_debate,Normal debate,M11-T07,M11-T07-C02,state_population_and_workload,1,0
M11,M11-B003,4,M11-trial04,normal_debate,Normal debate,M11-T07,M11-T07-C03,state_population_and_workload,0,1
M11,M11-B003,4,M11-trial04,normal_debate,Normal debate,M11-T08,M11-T08-C01,state_fiscal_effect,1,0
M11,M11-B003,4,M11-trial04,normal_debate,Normal debate,M11-T08,M11-T08-C02,state_fiscal_effect,1,0
M11,M11-B003,4,M11-trial04,normal_debate,Normal debate,M11-T09,M11-T09-C01,local_population_and_workload,1,0
M11,M11-B003,4,M11-trial04,normal_debate,Normal debate,M11-T09,M11-T09-C02,local_population_and_workload,0,1
M11,M11-B003,4,M11-trial04,normal_debate,Normal debate,M11-T09,M11-T09-C03,local_population_and_workload,1,0
M11,M11-B003,4,M11-trial04,normal_debate,Normal debate,M11-T09,M11-T09-C04,local_population_and_workload,1,0
M11,M11-B003,4,M11-trial04,normal_debate,Normal debate,M11-T10,M11-T10-C01,local_fiscal_effect,1,0
M11,M11-B003,4,M11-trial04,normal_debate,Normal debate,M11-T11,M11-T11-C01,prop47_savings_effect,1,0
M11,M11-B003,4,M11-trial04,normal_debate,Normal debate,M11-T11,M11-T11-C02,prop47_savings_effect,1,0
M11,M11-B003,4,M11-trial04,normal_debate,Normal debate,M11-T11,M11-T11-C03,prop47_savings_effect,1,0
M11,M11-B003,4,M11-trial04,normal_debate,Normal debate,M11-T11,M11-T11-C04,prop47_savings_effect,1,0
M11,M11-B003,4,M11-trial04,normal_debate,Normal debate,M11-T12,M11-T12-C01,crime_reduction_uncertainty,0,1
M11,M11-B003,4,M11-trial04,normal_debate,Normal debate,M11-T12,M11-T12-C02,crime_reduction_uncertainty,1,0
M11,M11-B004,3,M11-trial03,critic_debate,Critic debate,M11-T01,M11-T01-C01,legal_baseline,0,0
M11,M11-B004,3,M11-trial03,critic_debate,Critic debate,M11-T01,M11-T01-C02,legal_baseline,0,0
M11,M11-B004,3,M11-trial03,critic_debate,Critic debate,M11-T02,M11-T02-C01,repeat_theft_felony,1,0
M11,M11-B004,3,M11-trial03,critic_debate,Critic debate,M11-T02,M11-T02-C02,repeat_theft_felony,1,0
M11,M11-B004,3,M11-trial03,critic_debate,Critic debate,M11-T02,M11-T02-C03,repeat_theft_felony,1,0
M11,M11-B004,3,M11-trial03,critic_debate,Critic debate,M11-T03,M11-T03-C01,group_crime_enhancement,1,0
M11,M11-B004,3,M11-trial03,critic_debate,Critic debate,M11-T03,M11-T03-C02,group_crime_enhancement,1,0
M11,M11-B004,3,M11-trial03,critic_debate,Critic debate,M11-T04,M11-T04-C01,drug_sentence_location,1,0
M11,M11-B004,3,M11-trial03,critic_debate,Critic debate,M11-T04,M11-T04-C02,drug_sentence_location,1,0
M11,M11-B004,3,M11-trial03,critic_debate,Critic debate,M11-T05,M11-T05-C01,treatment_mandated_felony,1,0
M11,M11-B004,3,M11-trial03,critic_debate,Critic debate,M11-T05,M11-T05-C02,treatment_mandated_felony,1,0
M11,M11-B004,3,M11-trial03,critic_debate,Critic debate,M11-T05,M11-T05-C03,treatment_mandated_felony,0,1
M11,M11-B004,3,M11-trial03,critic_debate,Critic debate,M11-T05,M11-T05-C04,treatment_mandated_felony,1,0
M11,M11-B004,3,M11-trial03,critic_debate,Critic debate,M11-T05,M11-T05-C05,treatment_mandated_felony,1,0
M11,M11-B004,3,M11-trial03,critic_debate,Critic debate,M11-T06,M11-T06-C01,murder_warning,1,0
M11,M11-B004,3,M11-trial03,critic_debate,Critic debate,M11-T06,M11-T06-C02,murder_warning,1,0
M11,M11-B004,3,M11-trial03,critic_debate,Critic debate,M11-T06,M11-T06-C03,murder_warning,1,0
M11,M11-B004,3,M11-trial03,critic_debate,Critic debate,M11-T07,M11-T07-C01,state_population_and_workload,1,0
M11,M11-B004,3,M11-trial03,critic_debate,Critic debate,M11-T07,M11-T07-C02,state_population_and_workload,1,0
M11,M11-B004,3,M11-trial03,critic_debate,Critic debate,M11-T07,M11-T07-C03,state_population_and_workload,0,0
M11,M11-B004,3,M11-trial03,critic_debate,Critic debate,M11-T08,M11-T08-C01,state_fiscal_effect,1,0
M11,M11-B004,3,M11-trial03,critic_debate,Critic debate,M11-T08,M11-T08-C02,state_fiscal_effect,1,0
M11,M11-B004,3,M11-trial03,critic_debate,Critic debate,M11-T09,M11-T09-C01,local_population_and_workload,1,0
M11,M11-B004,3,M11-trial03,critic_debate,Critic debate,M11-T09,M11-T09-C02,local_population_and_workload,0,0
M11,M11-B004,3,M11-trial03,critic_debate,Critic debate,M11-T09,M11-T09-C03,local_population_and_workload,1,0
M11,M11-B004,3,M11-trial03,critic_debate,Critic debate,M11-T09,M11-T09-C04,local_population_and_workload,1,0
M11,M11-B004,3,M11-trial03,critic_debate,Critic debate,M11-T10,M11-T10-C01,local_fiscal_effect,1,0
M11,M11-B004,3,M11-trial03,critic_debate,Critic debate,M11-T11,M11-T11-C01,prop47_savings_effect,1,0
M11,M11-B004,3,M11-trial03,critic_debate,Critic debate,M11-T11,M11-T11-C02,prop47_savings_effect,1,0
M11,M11-B004,3,M11-trial03,critic_debate,Critic debate,M11-T11,M11-T11-C03,prop47_savings_effect,1,0
M11,M11-B004,3,M11-trial03,critic_debate,Critic debate,M11-T11,M11-T11-C04,prop47_savings_effect,1,0
M11,M11-B004,3,M11-trial03,critic_debate,Critic debate,M11-T12,M11-T12-C01,crime_reduction_uncertainty,0,1
M11,M11-B004,3,M11-trial03,critic_debate,Critic debate,M11-T12,M11-T12-C02,crime_reduction_uncertainty,1,0
M11,M11-B005,3,M11-trial03,normal_debate,Normal debate,M11-T01,M11-T01-C01,legal_baseline,1,0
M11,M11-B005,3,M11-trial03,normal_debate,Normal debate,M11-T01,M11-T01-C02,legal_baseline,0,1
M11,M11-B005,3,M11-trial03,normal_debate,Normal debate,M11-T02,M11-T02-C01,repeat_theft_felony,1,0
M11,M11-B005,3,M11-trial03,normal_debate,Normal debate,M11-T02,M11-T02-C02,repeat_theft_felony,1,0
M11,M11-B005,3,M11-trial03,normal_debate,Normal debate,M11-T02,M11-T02-C03,repeat_theft_felony,1,0
M11,M11-B005,3,M11-trial03,normal_debate,Normal debate,M11-T03,M11-T03-C01,group_crime_enhancement,1,0
M11,M11-B005,3,M11-trial03,normal_debate,Normal debate,M11-T03,M11-T03-C02,group_crime_enhancement,1,0
M11,M11-B005,3,M11-trial03,normal_debate,Normal debate,M11-T04,M11-T04-C01,drug_sentence_location,1,0
M11,M11-B005,3,M11-trial03,normal_debate,Normal debate,M11-T04,M11-T04-C02,drug_sentence_location,1,0
M11,M11-B005,3,M11-trial03,normal_debate,Normal debate,M11-T05,M11-T05-C01,treatment_mandated_felony,1,0
M11,M11-B005,3,M11-trial03,normal_debate,Normal debate,M11-T05,M11-T05-C02,treatment_mandated_felony,1,0
M11,M11-B005,3,M11-trial03,normal_debate,Normal debate,M11-T05,M11-T05-C03,treatment_mandated_felony,1,0
M11,M11-B005,3,M11-trial03,normal_debate,Normal debate,M11-T05,M11-T05-C04,treatment_mandated_felony,1,0
M11,M11-B005,3,M11-trial03,normal_debate,Normal debate,M11-T05,M11-T05-C05,treatment_mandated_felony,1,0
M11,M11-B005,3,M11-trial03,normal_debate,Normal debate,M11-T06,M11-T06-C01,murder_warning,1,0
M11,M11-B005,3,M11-trial03,normal_debate,Normal debate,M11-T06,M11-T06-C02,murder_warning,1,0
M11,M11-B005,3,M11-trial03,normal_debate,Normal debate,M11-T06,M11-T06-C03,murder_warning,1,0
M11,M11-B005,3,M11-trial03,normal_debate,Normal debate,M11-T07,M11-T07-C01,state_population_and_workload,1,0
M11,M11-B005,3,M11-trial03,normal_debate,Normal debate,M11-T07,M11-T07-C02,state_population_and_workload,1,0
M11,M11-B005,3,M11-trial03,normal_debate,Normal debate,M11-T07,M11-T07-C03,state_population_and_workload,0,0
M11,M11-B005,3,M11-trial03,normal_debate,Normal debate,M11-T08,M11-T08-C01,state_fiscal_effect,1,0
M11,M11-B005,3,M11-trial03,normal_debate,Normal debate,M11-T08,M11-T08-C02,state_fiscal_effect,1,0
M11,M11-B005,3,M11-trial03,normal_debate,Normal debate,M11-T09,M11-T09-C01,local_population_and_workload,1,0
M11,M11-B005,3,M11-trial03,normal_debate,Normal debate,M11-T09,M11-T09-C02,local_population_and_workload,0,0
M11,M11-B005,3,M11-trial03,normal_debate,Normal debate,M11-T09,M11-T09-C03,local_population_and_workload,1,0
M11,M11-B005,3,M11-trial03,normal_debate,Normal debate,M11-T09,M11-T09-C04,local_population_and_workload,1,0
M11,M11-B005,3,M11-trial03,normal_debate,Normal debate,M11-T10,M11-T10-C01,local_fiscal_effect,1,0
M11,M11-B005,3,M11-trial03,normal_debate,Normal debate,M11-T11,M11-T11-C01,prop47_savings_effect,1,0
M11,M11-B005,3,M11-trial03,normal_debate,Normal debate,M11-T11,M11-T11-C02,prop47_savings_effect,1,0
M11,M11-B005,3,M11-trial03,normal_debate,Normal debate,M11-T11,M11-T11-C03,prop47_savings_effect,1,0
M11,M11-B005,3,M11-trial03,normal_debate,Normal debate,M11-T11,M11-T11-C04,prop47_savings_effect,1,0
M11,M11-B005,3,M11-trial03,normal_debate,Normal debate,M11-T12,M11-T12-C01,crime_reduction_uncertainty,1,0
M11,M11-B005,3,M11-trial03,normal_debate,Normal debate,M11-T12,M11-T12-C02,crime_reduction_uncertainty,1,0
M11,M11-B006,2,M11-trial02,independent_ensemble,Independent ensemble,M11-T01,M11-T01-C01,legal_baseline,1,0
M11,M11-B006,2,M11-trial02,independent_ensemble,Independent ensemble,M11-T01,M11-T01-C02,legal_baseline,1,0
M11,M11-B006,2,M11-trial02,independent_ensemble,Independent ensemble,M11-T02,M11-T02-C01,repeat_theft_felony,1,0
M11,M11-B006,2,M11-trial02,independent_ensemble,Independent ensemble,M11-T02,M11-T02-C02,repeat_theft_felony,1,0
M11,M11-B006,2,M11-trial02,independent_ensemble,Independent ensemble,M11-T02,M11-T02-C03,repeat_theft_felony,1,0
M11,M11-B006,2,M11-trial02,independent_ensemble,Independent ensemble,M11-T03,M11-T03-C01,group_crime_enhancement,1,0
M11,M11-B006,2,M11-trial02,independent_ensemble,Independent ensemble,M11-T03,M11-T03-C02,group_crime_enhancement,1,0
M11,M11-B006,2,M11-trial02,independent_ensemble,Independent ensemble,M11-T04,M11-T04-C01,drug_sentence_location,0,0
M11,M11-B006,2,M11-trial02,independent_ensemble,Independent ensemble,M11-T04,M11-T04-C02,drug_sentence_location,1,0
M11,M11-B006,2,M11-trial02,independent_ensemble,Independent ensemble,M11-T05,M11-T05-C01,treatment_mandated_felony,1,0
M11,M11-B006,2,M11-trial02,independent_ensemble,Independent ensemble,M11-T05,M11-T05-C02,treatment_mandated_felony,1,0
M11,M11-B006,2,M11-trial02,independent_ensemble,Independent ensemble,M11-T05,M11-T05-C03,treatment_mandated_felony,1,0
M11,M11-B006,2,M11-trial02,independent_ensemble,Independent ensemble,M11-T05,M11-T05-C04,treatment_mandated_felony,1,0
M11,M11-B006,2,M11-trial02,independent_ensemble,Independent ensemble,M11-T05,M11-T05-C05,treatment_mandated_felony,1,0
M11,M11-B006,2,M11-trial02,independent_ensemble,Independent ensemble,M11-T06,M11-T06-C01,murder_warning,1,0
M11,M11-B006,2,M11-trial02,independent_ensemble,Independent ensemble,M11-T06,M11-T06-C02,murder_warning,1,0
M11,M11-B006,2,M11-trial02,independent_ensemble,Independent ensemble,M11-T06,M11-T06-C03,murder_warning,1,0
M11,M11-B006,2,M11-trial02,independent_ensemble,Independent ensemble,M11-T07,M11-T07-C01,state_population_and_workload,1,0
M11,M11-B006,2,M11-trial02,independent_ensemble,Independent ensemble,M11-T07,M11-T07-C02,state_population_and_workload,1,0
M11,M11-B006,2,M11-trial02,independent_ensemble,Independent ensemble,M11-T07,M11-T07-C03,state_population_and_workload,0,0
M11,M11-B006,2,M11-trial02,independent_ensemble,Independent ensemble,M11-T08,M11-T08-C01,state_fiscal_effect,1,0
M11,M11-B006,2,M11-trial02,independent_ensemble,Independent ensemble,M11-T08,M11-T08-C02,state_fiscal_effect,1,0
M11,M11-B006,2,M11-trial02,independent_ensemble,Independent ensemble,M11-T09,M11-T09-C01,local_population_and_workload,1,0
M11,M11-B006,2,M11-trial02,independent_ensemble,Independent ensemble,M11-T09,M11-T09-C02,local_population_and_workload,0,0
M11,M11-B006,2,M11-trial02,independent_ensemble,Independent ensemble,M11-T09,M11-T09-C03,local_population_and_workload,1,0
M11,M11-B006,2,M11-trial02,independent_ensemble,Independent ensemble,M11-T09,M11-T09-C04,local_population_and_workload,1,0
M11,M11-B006,2,M11-trial02,independent_ensemble,Independent ensemble,M11-T10,M11-T10-C01,local_fiscal_effect,1,0
M11,M11-B006,2,M11-trial02,independent_ensemble,Independent ensemble,M11-T11,M11-T11-C01,prop47_savings_effect,1,0
M11,M11-B006,2,M11-trial02,independent_ensemble,Independent ensemble,M11-T11,M11-T11-C02,prop47_savings_effect,1,0
M11,M11-B006,2,M11-trial02,independent_ensemble,Independent ensemble,M11-T11,M11-T11-C03,prop47_savings_effect,1,0
M11,M11-B006,2,M11-trial02,independent_ensemble,Independent ensemble,M11-T11,M11-T11-C04,prop47_savings_effect,1,0
M11,M11-B006,2,M11-trial02,independent_ensemble,Independent ensemble,M11-T12,M11-T12-C01,crime_reduction_uncertainty,1,0
M11,M11-B006,2,M11-trial02,independent_ensemble,Independent ensemble,M11-T12,M11-T12-C02,crime_reduction_uncertainty,1,0
M11,M11-B007,3,M11-trial03,independent_ensemble,Independent ensemble,M11-T01,M11-T01-C01,legal_baseline,0,0
M11,M11-B007,3,M11-trial03,independent_ensemble,Independent ensemble,M11-T01,M11-T01-C02,legal_baseline,0,0
M11,M11-B007,3,M11-trial03,independent_ensemble,Independent ensemble,M11-T02,M11-T02-C01,repeat_theft_felony,1,0
M11,M11-B007,3,M11-trial03,independent_ensemble,Independent ensemble,M11-T02,M11-T02-C02,repeat_theft_felony,1,0
M11,M11-B007,3,M11-trial03,independent_ensemble,Independent ensemble,M11-T02,M11-T02-C03,repeat_theft_felony,0,0
M11,M11-B007,3,M11-trial03,independent_ensemble,Independent ensemble,M11-T03,M11-T03-C01,group_crime_enhancement,1,0
M11,M11-B007,3,M11-trial03,independent_ensemble,Independent ensemble,M11-T03,M11-T03-C02,group_crime_enhancement,1,0
M11,M11-B007,3,M11-trial03,independent_ensemble,Independent ensemble,M11-T04,M11-T04-C01,drug_sentence_location,0,0
M11,M11-B007,3,M11-trial03,independent_ensemble,Independent ensemble,M11-T04,M11-T04-C02,drug_sentence_location,1,0
M11,M11-B007,3,M11-trial03,independent_ensemble,Independent ensemble,M11-T05,M11-T05-C01,treatment_mandated_felony,1,0
M11,M11-B007,3,M11-trial03,independent_ensemble,Independent ensemble,M11-T05,M11-T05-C02,treatment_mandated_felony,1,0
M11,M11-B007,3,M11-trial03,independent_ensemble,Independent ensemble,M11-T05,M11-T05-C03,treatment_mandated_felony,1,0
M11,M11-B007,3,M11-trial03,independent_ensemble,Independent ensemble,M11-T05,M11-T05-C04,treatment_mandated_felony,1,0
M11,M11-B007,3,M11-trial03,independent_ensemble,Independent ensemble,M11-T05,M11-T05-C05,treatment_mandated_felony,0,0
M11,M11-B007,3,M11-trial03,independent_ensemble,Independent ensemble,M11-T06,M11-T06-C01,murder_warning,1,0
M11,M11-B007,3,M11-trial03,independent_ensemble,Independent ensemble,M11-T06,M11-T06-C02,murder_warning,1,0
M11,M11-B007,3,M11-trial03,independent_ensemble,Independent ensemble,M11-T06,M11-T06-C03,murder_warning,1,0
M11,M11-B007,3,M11-trial03,independent_ensemble,Independent ensemble,M11-T07,M11-T07-C01,state_population_and_workload,1,0
M11,M11-B007,3,M11-trial03,independent_ensemble,Independent ensemble,M11-T07,M11-T07-C02,state_population_and_workload,1,0
M11,M11-B007,3,M11-trial03,independent_ensemble,Independent ensemble,M11-T07,M11-T07-C03,state_population_and_workload,1,0
M11,M11-B007,3,M11-trial03,independent_ensemble,Independent ensemble,M11-T08,M11-T08-C01,state_fiscal_effect,1,0
M11,M11-B007,3,M11-trial03,independent_ensemble,Independent ensemble,M11-T08,M11-T08-C02,state_fiscal_effect,1,0
M11,M11-B007,3,M11-trial03,independent_ensemble,Independent ensemble,M11-T09,M11-T09-C01,local_population_and_workload,1,0
M11,M11-B007,3,M11-trial03,independent_ensemble,Independent ensemble,M11-T09,M11-T09-C02,local_population_and_workload,0,0
M11,M11-B007,3,M11-trial03,independent_ensemble,Independent ensemble,M11-T09,M11-T09-C03,local_population_and_workload,1,0
M11,M11-B007,3,M11-trial03,independent_ensemble,Independent ensemble,M11-T09,M11-T09-C04,local_population_and_workload,1,0
M11,M11-B007,3,M11-trial03,independent_ensemble,Independent ensemble,M11-T10,M11-T10-C01,local_fiscal_effect,1,0
M11,M11-B007,3,M11-trial03,independent_ensemble,Independent ensemble,M11-T11,M11-T11-C01,prop47_savings_effect,0,0
M11,M11-B007,3,M11-trial03,independent_ensemble,Independent ensemble,M11-T11,M11-T11-C02,prop47_savings_effect,1,0
M11,M11-B007,3,M11-trial03,independent_ensemble,Independent ensemble,M11-T11,M11-T11-C03,prop47_savings_effect,1,0
M11,M11-B007,3,M11-trial03,independent_ensemble,Independent ensemble,M11-T11,M11-T11-C04,prop47_savings_effect,1,0
M11,M11-B007,3,M11-trial03,independent_ensemble,Independent ensemble,M11-T12,M11-T12-C01,crime_reduction_uncertainty,1,0
M11,M11-B007,3,M11-trial03,independent_ensemble,Independent ensemble,M11-T12,M11-T12-C02,crime_reduction_uncertainty,1,0
M11,M11-B008,1,M11-trial01,normal_debate,Normal debate,M11-T01,M11-T01-C01,legal_baseline,0,0
M11,M11-B008,1,M11-trial01,normal_debate,Normal debate,M11-T01,M11-T01-C02,legal_baseline,0,0
M11,M11-B008,1,M11-trial01,normal_debate,Normal debate,M11-T02,M11-T02-C01,repeat_theft_felony,1,0
M11,M11-B008,1,M11-trial01,normal_debate,Normal debate,M11-T02,M11-T02-C02,repeat_theft_felony,1,0
M11,M11-B008,1,M11-trial01,normal_debate,Normal debate,M11-T02,M11-T02-C03,repeat_theft_felony,1,0
M11,M11-B008,1,M11-trial01,normal_debate,Normal debate,M11-T03,M11-T03-C01,group_crime_enhancement,1,0
M11,M11-B008,1,M11-trial01,normal_debate,Normal debate,M11-T03,M11-T03-C02,group_crime_enhancement,1,0
M11,M11-B008,1,M11-trial01,normal_debate,Normal debate,M11-T04,M11-T04-C01,drug_sentence_location,1,0
M11,M11-B008,1,M11-trial01,normal_debate,Normal debate,M11-T04,M11-T04-C02,drug_sentence_location,1,0
M11,M11-B008,1,M11-trial01,normal_debate,Normal debate,M11-T05,M11-T05-C01,treatment_mandated_felony,1,0
M11,M11-B008,1,M11-trial01,normal_debate,Normal debate,M11-T05,M11-T05-C02,treatment_mandated_felony,1,0
M11,M11-B008,1,M11-trial01,normal_debate,Normal debate,M11-T05,M11-T05-C03,treatment_mandated_felony,0,1
M11,M11-B008,1,M11-trial01,normal_debate,Normal debate,M11-T05,M11-T05-C04,treatment_mandated_felony,1,0
M11,M11-B008,1,M11-trial01,normal_debate,Normal debate,M11-T05,M11-T05-C05,treatment_mandated_felony,1,0
M11,M11-B008,1,M11-trial01,normal_debate,Normal debate,M11-T06,M11-T06-C01,murder_warning,1,0
M11,M11-B008,1,M11-trial01,normal_debate,Normal debate,M11-T06,M11-T06-C02,murder_warning,1,0
M11,M11-B008,1,M11-trial01,normal_debate,Normal debate,M11-T06,M11-T06-C03,murder_warning,1,0
M11,M11-B008,1,M11-trial01,normal_debate,Normal debate,M11-T07,M11-T07-C01,state_population_and_workload,1,0
M11,M11-B008,1,M11-trial01,normal_debate,Normal debate,M11-T07,M11-T07-C02,state_population_and_workload,1,0
M11,M11-B008,1,M11-trial01,normal_debate,Normal debate,M11-T07,M11-T07-C03,state_population_and_workload,1,0
M11,M11-B008,1,M11-trial01,normal_debate,Normal debate,M11-T08,M11-T08-C01,state_fiscal_effect,1,0
M11,M11-B008,1,M11-trial01,normal_debate,Normal debate,M11-T08,M11-T08-C02,state_fiscal_effect,1,0
M11,M11-B008,1,M11-trial01,normal_debate,Normal debate,M11-T09,M11-T09-C01,local_population_and_workload,1,0
M11,M11-B008,1,M11-trial01,normal_debate,Normal debate,M11-T09,M11-T09-C02,local_population_and_workload,0,0
M11,M11-B008,1,M11-trial01,normal_debate,Normal debate,M11-T09,M11-T09-C03,local_population_and_workload,1,0
M11,M11-B008,1,M11-trial01,normal_debate,Normal debate,M11-T09,M11-T09-C04,local_population_and_workload,1,0
M11,M11-B008,1,M11-trial01,normal_debate,Normal debate,M11-T10,M11-T10-C01,local_fiscal_effect,1,0
M11,M11-B008,1,M11-trial01,normal_debate,Normal debate,M11-T11,M11-T11-C01,prop47_savings_effect,1,0
M11,M11-B008,1,M11-trial01,normal_debate,Normal debate,M11-T11,M11-T11-C02,prop47_savings_effect,1,0
M11,M11-B008,1,M11-trial01,normal_debate,Normal debate,M11-T11,M11-T11-C03,prop47_savings_effect,1,0
M11,M11-B008,1,M11-trial01,normal_debate,Normal debate,M11-T11,M11-T11-C04,prop47_savings_effect,1,0
M11,M11-B008,1,M11-trial01,normal_debate,Normal debate,M11-T12,M11-T12-C01,crime_reduction_uncertainty,0,0
M11,M11-B008,1,M11-trial01,normal_debate,Normal debate,M11-T12,M11-T12-C02,crime_reduction_uncertainty,1,0
M11,M11-B009,4,M11-trial04,critic_debate,Critic debate,M11-T01,M11-T01-C01,legal_baseline,1,0
M11,M11-B009,4,M11-trial04,critic_debate,Critic debate,M11-T01,M11-T01-C02,legal_baseline,1,0
M11,M11-B009,4,M11-trial04,critic_debate,Critic debate,M11-T02,M11-T02-C01,repeat_theft_felony,1,0
M11,M11-B009,4,M11-trial04,critic_debate,Critic debate,M11-T02,M11-T02-C02,repeat_theft_felony,1,0
M11,M11-B009,4,M11-trial04,critic_debate,Critic debate,M11-T02,M11-T02-C03,repeat_theft_felony,1,0
M11,M11-B009,4,M11-trial04,critic_debate,Critic debate,M11-T03,M11-T03-C01,group_crime_enhancement,1,0
M11,M11-B009,4,M11-trial04,critic_debate,Critic debate,M11-T03,M11-T03-C02,group_crime_enhancement,1,0
M11,M11-B009,4,M11-trial04,critic_debate,Critic debate,M11-T04,M11-T04-C01,drug_sentence_location,1,0
M11,M11-B009,4,M11-trial04,critic_debate,Critic debate,M11-T04,M11-T04-C02,drug_sentence_location,1,0
M11,M11-B009,4,M11-trial04,critic_debate,Critic debate,M11-T05,M11-T05-C01,treatment_mandated_felony,1,0
M11,M11-B009,4,M11-trial04,critic_debate,Critic debate,M11-T05,M11-T05-C02,treatment_mandated_felony,1,0
M11,M11-B009,4,M11-trial04,critic_debate,Critic debate,M11-T05,M11-T05-C03,treatment_mandated_felony,1,0
M11,M11-B009,4,M11-trial04,critic_debate,Critic debate,M11-T05,M11-T05-C04,treatment_mandated_felony,1,0
M11,M11-B009,4,M11-trial04,critic_debate,Critic debate,M11-T05,M11-T05-C05,treatment_mandated_felony,1,0
M11,M11-B009,4,M11-trial04,critic_debate,Critic debate,M11-T06,M11-T06-C01,murder_warning,1,0
M11,M11-B009,4,M11-trial04,critic_debate,Critic debate,M11-T06,M11-T06-C02,murder_warning,1,0
M11,M11-B009,4,M11-trial04,critic_debate,Critic debate,M11-T06,M11-T06-C03,murder_warning,1,0
M11,M11-B009,4,M11-trial04,critic_debate,Critic debate,M11-T07,M11-T07-C01,state_population_and_workload,1,0
M11,M11-B009,4,M11-trial04,critic_debate,Critic debate,M11-T07,M11-T07-C02,state_population_and_workload,1,0
M11,M11-B009,4,M11-trial04,critic_debate,Critic debate,M11-T07,M11-T07-C03,state_population_and_workload,0,1
M11,M11-B009,4,M11-trial04,critic_debate,Critic debate,M11-T08,M11-T08-C01,state_fiscal_effect,1,0
M11,M11-B009,4,M11-trial04,critic_debate,Critic debate,M11-T08,M11-T08-C02,state_fiscal_effect,1,0
M11,M11-B009,4,M11-trial04,critic_debate,Critic debate,M11-T09,M11-T09-C01,local_population_and_workload,1,0
M11,M11-B009,4,M11-trial04,critic_debate,Critic debate,M11-T09,M11-T09-C02,local_population_and_workload,1,0
M11,M11-B009,4,M11-trial04,critic_debate,Critic debate,M11-T09,M11-T09-C03,local_population_and_workload,1,0
M11,M11-B009,4,M11-trial04,critic_debate,Critic debate,M11-T09,M11-T09-C04,local_population_and_workload,1,0
M11,M11-B009,4,M11-trial04,critic_debate,Critic debate,M11-T10,M11-T10-C01,local_fiscal_effect,1,0
M11,M11-B009,4,M11-trial04,critic_debate,Critic debate,M11-T11,M11-T11-C01,prop47_savings_effect,1,0
M11,M11-B009,4,M11-trial04,critic_debate,Critic debate,M11-T11,M11-T11-C02,prop47_savings_effect,1,0
M11,M11-B009,4,M11-trial04,critic_debate,Critic debate,M11-T11,M11-T11-C03,prop47_savings_effect,1,0
M11,M11-B009,4,M11-trial04,critic_debate,Critic debate,M11-T11,M11-T11-C04,prop47_savings_effect,1,0
M11,M11-B009,4,M11-trial04,critic_debate,Critic debate,M11-T12,M11-T12-C01,crime_reduction_uncertainty,1,0
M11,M11-B009,4,M11-trial04,critic_debate,Critic debate,M11-T12,M11-T12-C02,crime_reduction_uncertainty,1,0
M11,M11-B010,2,M11-trial02,normal_debate,Normal debate,M11-T01,M11-T01-C01,legal_baseline,1,0
M11,M11-B010,2,M11-trial02,normal_debate,Normal debate,M11-T01,M11-T01-C02,legal_baseline,1,0
M11,M11-B010,2,M11-trial02,normal_debate,Normal debate,M11-T02,M11-T02-C01,repeat_theft_felony,1,0
M11,M11-B010,2,M11-trial02,normal_debate,Normal debate,M11-T02,M11-T02-C02,repeat_theft_felony,1,0
M11,M11-B010,2,M11-trial02,normal_debate,Normal debate,M11-T02,M11-T02-C03,repeat_theft_felony,1,0
M11,M11-B010,2,M11-trial02,normal_debate,Normal debate,M11-T03,M11-T03-C01,group_crime_enhancement,1,0
M11,M11-B010,2,M11-trial02,normal_debate,Normal debate,M11-T03,M11-T03-C02,group_crime_enhancement,1,0
M11,M11-B010,2,M11-trial02,normal_debate,Normal debate,M11-T04,M11-T04-C01,drug_sentence_location,0,0
M11,M11-B010,2,M11-trial02,normal_debate,Normal debate,M11-T04,M11-T04-C02,drug_sentence_location,1,0
M11,M11-B010,2,M11-trial02,normal_debate,Normal debate,M11-T05,M11-T05-C01,treatment_mandated_felony,1,0
M11,M11-B010,2,M11-trial02,normal_debate,Normal debate,M11-T05,M11-T05-C02,treatment_mandated_felony,1,0
M11,M11-B010,2,M11-trial02,normal_debate,Normal debate,M11-T05,M11-T05-C03,treatment_mandated_felony,1,0
M11,M11-B010,2,M11-trial02,normal_debate,Normal debate,M11-T05,M11-T05-C04,treatment_mandated_felony,1,0
M11,M11-B010,2,M11-trial02,normal_debate,Normal debate,M11-T05,M11-T05-C05,treatment_mandated_felony,1,0
M11,M11-B010,2,M11-trial02,normal_debate,Normal debate,M11-T06,M11-T06-C01,murder_warning,1,0
M11,M11-B010,2,M11-trial02,normal_debate,Normal debate,M11-T06,M11-T06-C02,murder_warning,1,0
M11,M11-B010,2,M11-trial02,normal_debate,Normal debate,M11-T06,M11-T06-C03,murder_warning,1,0
M11,M11-B010,2,M11-trial02,normal_debate,Normal debate,M11-T07,M11-T07-C01,state_population_and_workload,1,0
M11,M11-B010,2,M11-trial02,normal_debate,Normal debate,M11-T07,M11-T07-C02,state_population_and_workload,1,0
M11,M11-B010,2,M11-trial02,normal_debate,Normal debate,M11-T07,M11-T07-C03,state_population_and_workload,0,1
M11,M11-B010,2,M11-trial02,normal_debate,Normal debate,M11-T08,M11-T08-C01,state_fiscal_effect,1,0
M11,M11-B010,2,M11-trial02,normal_debate,Normal debate,M11-T08,M11-T08-C02,state_fiscal_effect,1,0
M11,M11-B010,2,M11-trial02,normal_debate,Normal debate,M11-T09,M11-T09-C01,local_population_and_workload,1,0
M11,M11-B010,2,M11-trial02,normal_debate,Normal debate,M11-T09,M11-T09-C02,local_population_and_workload,0,0
M11,M11-B010,2,M11-trial02,normal_debate,Normal debate,M11-T09,M11-T09-C03,local_population_and_workload,1,0
M11,M11-B010,2,M11-trial02,normal_debate,Normal debate,M11-T09,M11-T09-C04,local_population_and_workload,1,0
M11,M11-B010,2,M11-trial02,normal_debate,Normal debate,M11-T10,M11-T10-C01,local_fiscal_effect,1,0
M11,M11-B010,2,M11-trial02,normal_debate,Normal debate,M11-T11,M11-T11-C01,prop47_savings_effect,1,0
M11,M11-B010,2,M11-trial02,normal_debate,Normal debate,M11-T11,M11-T11-C02,prop47_savings_effect,0,1
M11,M11-B010,2,M11-trial02,normal_debate,Normal debate,M11-T11,M11-T11-C03,prop47_savings_effect,1,0
M11,M11-B010,2,M11-trial02,normal_debate,Normal debate,M11-T11,M11-T11-C04,prop47_savings_effect,1,0
M11,M11-B010,2,M11-trial02,normal_debate,Normal debate,M11-T12,M11-T12-C01,crime_reduction_uncertainty,1,0
M11,M11-B010,2,M11-trial02,normal_debate,Normal debate,M11-T12,M11-T12-C02,crime_reduction_uncertainty,1,0
M11,M11-B011,2,M11-trial02,critic_debate,Critic debate,M11-T01,M11-T01-C01,legal_baseline,0,0
M11,M11-B011,2,M11-trial02,critic_debate,Critic debate,M11-T01,M11-T01-C02,legal_baseline,0,0
M11,M11-B011,2,M11-trial02,critic_debate,Critic debate,M11-T02,M11-T02-C01,repeat_theft_felony,1,0
M11,M11-B011,2,M11-trial02,critic_debate,Critic debate,M11-T02,M11-T02-C02,repeat_theft_felony,1,0
M11,M11-B011,2,M11-trial02,critic_debate,Critic debate,M11-T02,M11-T02-C03,repeat_theft_felony,0,0
M11,M11-B011,2,M11-trial02,critic_debate,Critic debate,M11-T03,M11-T03-C01,group_crime_enhancement,1,0
M11,M11-B011,2,M11-trial02,critic_debate,Critic debate,M11-T03,M11-T03-C02,group_crime_enhancement,1,0
M11,M11-B011,2,M11-trial02,critic_debate,Critic debate,M11-T04,M11-T04-C01,drug_sentence_location,0,1
M11,M11-B011,2,M11-trial02,critic_debate,Critic debate,M11-T04,M11-T04-C02,drug_sentence_location,1,0
M11,M11-B011,2,M11-trial02,critic_debate,Critic debate,M11-T05,M11-T05-C01,treatment_mandated_felony,1,0
M11,M11-B011,2,M11-trial02,critic_debate,Critic debate,M11-T05,M11-T05-C02,treatment_mandated_felony,1,0
M11,M11-B011,2,M11-trial02,critic_debate,Critic debate,M11-T05,M11-T05-C03,treatment_mandated_felony,1,0
M11,M11-B011,2,M11-trial02,critic_debate,Critic debate,M11-T05,M11-T05-C04,treatment_mandated_felony,1,0
M11,M11-B011,2,M11-trial02,critic_debate,Critic debate,M11-T05,M11-T05-C05,treatment_mandated_felony,0,0
M11,M11-B011,2,M11-trial02,critic_debate,Critic debate,M11-T06,M11-T06-C01,murder_warning,1,0
M11,M11-B011,2,M11-trial02,critic_debate,Critic debate,M11-T06,M11-T06-C02,murder_warning,1,0
M11,M11-B011,2,M11-trial02,critic_debate,Critic debate,M11-T06,M11-T06-C03,murder_warning,1,0
M11,M11-B011,2,M11-trial02,critic_debate,Critic debate,M11-T07,M11-T07-C01,state_population_and_workload,1,0
M11,M11-B011,2,M11-trial02,critic_debate,Critic debate,M11-T07,M11-T07-C02,state_population_and_workload,1,0
M11,M11-B011,2,M11-trial02,critic_debate,Critic debate,M11-T07,M11-T07-C03,state_population_and_workload,0,1
M11,M11-B011,2,M11-trial02,critic_debate,Critic debate,M11-T08,M11-T08-C01,state_fiscal_effect,1,0
M11,M11-B011,2,M11-trial02,critic_debate,Critic debate,M11-T08,M11-T08-C02,state_fiscal_effect,1,0
M11,M11-B011,2,M11-trial02,critic_debate,Critic debate,M11-T09,M11-T09-C01,local_population_and_workload,1,0
M11,M11-B011,2,M11-trial02,critic_debate,Critic debate,M11-T09,M11-T09-C02,local_population_and_workload,1,0
M11,M11-B011,2,M11-trial02,critic_debate,Critic debate,M11-T09,M11-T09-C03,local_population_and_workload,1,0
M11,M11-B011,2,M11-trial02,critic_debate,Critic debate,M11-T09,M11-T09-C04,local_population_and_workload,1,0
M11,M11-B011,2,M11-trial02,critic_debate,Critic debate,M11-T10,M11-T10-C01,local_fiscal_effect,1,0
M11,M11-B011,2,M11-trial02,critic_debate,Critic debate,M11-T11,M11-T11-C01,prop47_savings_effect,1,0
M11,M11-B011,2,M11-trial02,critic_debate,Critic debate,M11-T11,M11-T11-C02,prop47_savings_effect,0,1
M11,M11-B011,2,M11-trial02,critic_debate,Critic debate,M11-T11,M11-T11-C03,prop47_savings_effect,1,0
M11,M11-B011,2,M11-trial02,critic_debate,Critic debate,M11-T11,M11-T11-C04,prop47_savings_effect,1,0
M11,M11-B011,2,M11-trial02,critic_debate,Critic debate,M11-T12,M11-T12-C01,crime_reduction_uncertainty,1,0
M11,M11-B011,2,M11-trial02,critic_debate,Critic debate,M11-T12,M11-T12-C02,crime_reduction_uncertainty,1,0
M11,M11-B012,4,M11-trial04,single_agent,Single agent,M11-T01,M11-T01-C01,legal_baseline,0,0
M11,M11-B012,4,M11-trial04,single_agent,Single agent,M11-T01,M11-T01-C02,legal_baseline,1,0
M11,M11-B012,4,M11-trial04,single_agent,Single agent,M11-T02,M11-T02-C01,repeat_theft_felony,1,0
M11,M11-B012,4,M11-trial04,single_agent,Single agent,M11-T02,M11-T02-C02,repeat_theft_felony,1,0
M11,M11-B012,4,M11-trial04,single_agent,Single agent,M11-T02,M11-T02-C03,repeat_theft_felony,1,0
M11,M11-B012,4,M11-trial04,single_agent,Single agent,M11-T03,M11-T03-C01,group_crime_enhancement,1,0
M11,M11-B012,4,M11-trial04,single_agent,Single agent,M11-T03,M11-T03-C02,group_crime_enhancement,1,0
M11,M11-B012,4,M11-trial04,single_agent,Single agent,M11-T04,M11-T04-C01,drug_sentence_location,1,0
M11,M11-B012,4,M11-trial04,single_agent,Single agent,M11-T04,M11-T04-C02,drug_sentence_location,1,0
M11,M11-B012,4,M11-trial04,single_agent,Single agent,M11-T05,M11-T05-C01,treatment_mandated_felony,1,0
M11,M11-B012,4,M11-trial04,single_agent,Single agent,M11-T05,M11-T05-C02,treatment_mandated_felony,1,0
M11,M11-B012,4,M11-trial04,single_agent,Single agent,M11-T05,M11-T05-C03,treatment_mandated_felony,1,0
M11,M11-B012,4,M11-trial04,single_agent,Single agent,M11-T05,M11-T05-C04,treatment_mandated_felony,1,0
M11,M11-B012,4,M11-trial04,single_agent,Single agent,M11-T05,M11-T05-C05,treatment_mandated_felony,0,0
M11,M11-B012,4,M11-trial04,single_agent,Single agent,M11-T06,M11-T06-C01,murder_warning,1,0
M11,M11-B012,4,M11-trial04,single_agent,Single agent,M11-T06,M11-T06-C02,murder_warning,1,0
M11,M11-B012,4,M11-trial04,single_agent,Single agent,M11-T06,M11-T06-C03,murder_warning,1,0
M11,M11-B012,4,M11-trial04,single_agent,Single agent,M11-T07,M11-T07-C01,state_population_and_workload,1,0
M11,M11-B012,4,M11-trial04,single_agent,Single agent,M11-T07,M11-T07-C02,state_population_and_workload,1,0
M11,M11-B012,4,M11-trial04,single_agent,Single agent,M11-T07,M11-T07-C03,state_population_and_workload,0,0
M11,M11-B012,4,M11-trial04,single_agent,Single agent,M11-T08,M11-T08-C01,state_fiscal_effect,1,0
M11,M11-B012,4,M11-trial04,single_agent,Single agent,M11-T08,M11-T08-C02,state_fiscal_effect,1,0
M11,M11-B012,4,M11-trial04,single_agent,Single agent,M11-T09,M11-T09-C01,local_population_and_workload,1,0
M11,M11-B012,4,M11-trial04,single_agent,Single agent,M11-T09,M11-T09-C02,local_population_and_workload,1,0
M11,M11-B012,4,M11-trial04,single_agent,Single agent,M11-T09,M11-T09-C03,local_population_and_workload,1,0
M11,M11-B012,4,M11-trial04,single_agent,Single agent,M11-T09,M11-T09-C04,local_population_and_workload,1,0
M11,M11-B012,4,M11-trial04,single_agent,Single agent,M11-T10,M11-T10-C01,local_fiscal_effect,1,0
M11,M11-B012,4,M11-trial04,single_agent,Single agent,M11-T11,M11-T11-C01,prop47_savings_effect,0,0
M11,M11-B012,4,M11-trial04,single_agent,Single agent,M11-T11,M11-T11-C02,prop47_savings_effect,1,0
M11,M11-B012,4,M11-trial04,single_agent,Single agent,M11-T11,M11-T11-C03,prop47_savings_effect,1,0
M11,M11-B012,4,M11-trial04,single_agent,Single agent,M11-T11,M11-T11-C04,prop47_savings_effect,1,0
M11,M11-B012,4,M11-trial04,single_agent,Single agent,M11-T12,M11-T12-C01,crime_reduction_uncertainty,1,0
M11,M11-B012,4,M11-trial04,single_agent,Single agent,M11-T12,M11-T12-C02,crime_reduction_uncertainty,1,0
M11,M11-B013,1,M11-trial01,single_agent,Single agent,M11-T01,M11-T01-C01,legal_baseline,0,0
M11,M11-B013,1,M11-trial01,single_agent,Single agent,M11-T01,M11-T01-C02,legal_baseline,0,0
M11,M11-B013,1,M11-trial01,single_agent,Single agent,M11-T02,M11-T02-C01,repeat_theft_felony,1,0
M11,M11-B013,1,M11-trial01,single_agent,Single agent,M11-T02,M11-T02-C02,repeat_theft_felony,1,0
M11,M11-B013,1,M11-trial01,single_agent,Single agent,M11-T02,M11-T02-C03,repeat_theft_felony,1,0
M11,M11-B013,1,M11-trial01,single_agent,Single agent,M11-T03,M11-T03-C01,group_crime_enhancement,1,0
M11,M11-B013,1,M11-trial01,single_agent,Single agent,M11-T03,M11-T03-C02,group_crime_enhancement,1,0
M11,M11-B013,1,M11-trial01,single_agent,Single agent,M11-T04,M11-T04-C01,drug_sentence_location,1,0
M11,M11-B013,1,M11-trial01,single_agent,Single agent,M11-T04,M11-T04-C02,drug_sentence_location,1,0
M11,M11-B013,1,M11-trial01,single_agent,Single agent,M11-T05,M11-T05-C01,treatment_mandated_felony,1,0
M11,M11-B013,1,M11-trial01,single_agent,Single agent,M11-T05,M11-T05-C02,treatment_mandated_felony,1,0
M11,M11-B013,1,M11-trial01,single_agent,Single agent,M11-T05,M11-T05-C03,treatment_mandated_felony,1,0
M11,M11-B013,1,M11-trial01,single_agent,Single agent,M11-T05,M11-T05-C04,treatment_mandated_felony,1,0
M11,M11-B013,1,M11-trial01,single_agent,Single agent,M11-T05,M11-T05-C05,treatment_mandated_felony,0,0
M11,M11-B013,1,M11-trial01,single_agent,Single agent,M11-T06,M11-T06-C01,murder_warning,1,0
M11,M11-B013,1,M11-trial01,single_agent,Single agent,M11-T06,M11-T06-C02,murder_warning,1,0
M11,M11-B013,1,M11-trial01,single_agent,Single agent,M11-T06,M11-T06-C03,murder_warning,1,0
M11,M11-B013,1,M11-trial01,single_agent,Single agent,M11-T07,M11-T07-C01,state_population_and_workload,1,0
M11,M11-B013,1,M11-trial01,single_agent,Single agent,M11-T07,M11-T07-C02,state_population_and_workload,1,0
M11,M11-B013,1,M11-trial01,single_agent,Single agent,M11-T07,M11-T07-C03,state_population_and_workload,1,0
M11,M11-B013,1,M11-trial01,single_agent,Single agent,M11-T08,M11-T08-C01,state_fiscal_effect,1,0
M11,M11-B013,1,M11-trial01,single_agent,Single agent,M11-T08,M11-T08-C02,state_fiscal_effect,1,0
M11,M11-B013,1,M11-trial01,single_agent,Single agent,M11-T09,M11-T09-C01,local_population_and_workload,1,0
M11,M11-B013,1,M11-trial01,single_agent,Single agent,M11-T09,M11-T09-C02,local_population_and_workload,0,0
M11,M11-B013,1,M11-trial01,single_agent,Single agent,M11-T09,M11-T09-C03,local_population_and_workload,1,0
M11,M11-B013,1,M11-trial01,single_agent,Single agent,M11-T09,M11-T09-C04,local_population_and_workload,1,0
M11,M11-B013,1,M11-trial01,single_agent,Single agent,M11-T10,M11-T10-C01,local_fiscal_effect,1,0
M11,M11-B013,1,M11-trial01,single_agent,Single agent,M11-T11,M11-T11-C01,prop47_savings_effect,0,0
M11,M11-B013,1,M11-trial01,single_agent,Single agent,M11-T11,M11-T11-C02,prop47_savings_effect,1,0
M11,M11-B013,1,M11-trial01,single_agent,Single agent,M11-T11,M11-T11-C03,prop47_savings_effect,1,0
M11,M11-B013,1,M11-trial01,single_agent,Single agent,M11-T11,M11-T11-C04,prop47_savings_effect,1,0
M11,M11-B013,1,M11-trial01,single_agent,Single agent,M11-T12,M11-T12-C01,crime_reduction_uncertainty,1,0
M11,M11-B013,1,M11-trial01,single_agent,Single agent,M11-T12,M11-T12-C02,crime_reduction_uncertainty,1,0
M11,M11-B014,1,M11-trial01,critic_debate,Critic debate,M11-T01,M11-T01-C01,legal_baseline,0,0
M11,M11-B014,1,M11-trial01,critic_debate,Critic debate,M11-T01,M11-T01-C02,legal_baseline,0,0
M11,M11-B014,1,M11-trial01,critic_debate,Critic debate,M11-T02,M11-T02-C01,repeat_theft_felony,1,0
M11,M11-B014,1,M11-trial01,critic_debate,Critic debate,M11-T02,M11-T02-C02,repeat_theft_felony,1,0
M11,M11-B014,1,M11-trial01,critic_debate,Critic debate,M11-T02,M11-T02-C03,repeat_theft_felony,1,0
M11,M11-B014,1,M11-trial01,critic_debate,Critic debate,M11-T03,M11-T03-C01,group_crime_enhancement,1,0
M11,M11-B014,1,M11-trial01,critic_debate,Critic debate,M11-T03,M11-T03-C02,group_crime_enhancement,1,0
M11,M11-B014,1,M11-trial01,critic_debate,Critic debate,M11-T04,M11-T04-C01,drug_sentence_location,1,0
M11,M11-B014,1,M11-trial01,critic_debate,Critic debate,M11-T04,M11-T04-C02,drug_sentence_location,1,0
M11,M11-B014,1,M11-trial01,critic_debate,Critic debate,M11-T05,M11-T05-C01,treatment_mandated_felony,1,0
M11,M11-B014,1,M11-trial01,critic_debate,Critic debate,M11-T05,M11-T05-C02,treatment_mandated_felony,1,0
M11,M11-B014,1,M11-trial01,critic_debate,Critic debate,M11-T05,M11-T05-C03,treatment_mandated_felony,1,0
M11,M11-B014,1,M11-trial01,critic_debate,Critic debate,M11-T05,M11-T05-C04,treatment_mandated_felony,1,0
M11,M11-B014,1,M11-trial01,critic_debate,Critic debate,M11-T05,M11-T05-C05,treatment_mandated_felony,0,1
M11,M11-B014,1,M11-trial01,critic_debate,Critic debate,M11-T06,M11-T06-C01,murder_warning,1,0
M11,M11-B014,1,M11-trial01,critic_debate,Critic debate,M11-T06,M11-T06-C02,murder_warning,1,0
M11,M11-B014,1,M11-trial01,critic_debate,Critic debate,M11-T06,M11-T06-C03,murder_warning,1,0
M11,M11-B014,1,M11-trial01,critic_debate,Critic debate,M11-T07,M11-T07-C01,state_population_and_workload,1,0
M11,M11-B014,1,M11-trial01,critic_debate,Critic debate,M11-T07,M11-T07-C02,state_population_and_workload,1,0
M11,M11-B014,1,M11-trial01,critic_debate,Critic debate,M11-T07,M11-T07-C03,state_population_and_workload,1,0
M11,M11-B014,1,M11-trial01,critic_debate,Critic debate,M11-T08,M11-T08-C01,state_fiscal_effect,1,0
M11,M11-B014,1,M11-trial01,critic_debate,Critic debate,M11-T08,M11-T08-C02,state_fiscal_effect,1,0
M11,M11-B014,1,M11-trial01,critic_debate,Critic debate,M11-T09,M11-T09-C01,local_population_and_workload,1,0
M11,M11-B014,1,M11-trial01,critic_debate,Critic debate,M11-T09,M11-T09-C02,local_population_and_workload,0,1
M11,M11-B014,1,M11-trial01,critic_debate,Critic debate,M11-T09,M11-T09-C03,local_population_and_workload,1,0
M11,M11-B014,1,M11-trial01,critic_debate,Critic debate,M11-T09,M11-T09-C04,local_population_and_workload,1,0
M11,M11-B014,1,M11-trial01,critic_debate,Critic debate,M11-T10,M11-T10-C01,local_fiscal_effect,1,0
M11,M11-B014,1,M11-trial01,critic_debate,Critic debate,M11-T11,M11-T11-C01,prop47_savings_effect,1,0
M11,M11-B014,1,M11-trial01,critic_debate,Critic debate,M11-T11,M11-T11-C02,prop47_savings_effect,1,0
M11,M11-B014,1,M11-trial01,critic_debate,Critic debate,M11-T11,M11-T11-C03,prop47_savings_effect,1,0
M11,M11-B014,1,M11-trial01,critic_debate,Critic debate,M11-T11,M11-T11-C04,prop47_savings_effect,1,0
M11,M11-B014,1,M11-trial01,critic_debate,Critic debate,M11-T12,M11-T12-C01,crime_reduction_uncertainty,1,0
M11,M11-B014,1,M11-trial01,critic_debate,Critic debate,M11-T12,M11-T12-C02,crime_reduction_uncertainty,1,0
M11,M11-B015,4,M11-trial04,independent_ensemble,Independent ensemble,M11-T01,M11-T01-C01,legal_baseline,1,0
M11,M11-B015,4,M11-trial04,independent_ensemble,Independent ensemble,M11-T01,M11-T01-C02,legal_baseline,1,0
M11,M11-B015,4,M11-trial04,independent_ensemble,Independent ensemble,M11-T02,M11-T02-C01,repeat_theft_felony,1,0
M11,M11-B015,4,M11-trial04,independent_ensemble,Independent ensemble,M11-T02,M11-T02-C02,repeat_theft_felony,1,0
M11,M11-B015,4,M11-trial04,independent_ensemble,Independent ensemble,M11-T02,M11-T02-C03,repeat_theft_felony,1,0
M11,M11-B015,4,M11-trial04,independent_ensemble,Independent ensemble,M11-T03,M11-T03-C01,group_crime_enhancement,1,0
M11,M11-B015,4,M11-trial04,independent_ensemble,Independent ensemble,M11-T03,M11-T03-C02,group_crime_enhancement,1,0
M11,M11-B015,4,M11-trial04,independent_ensemble,Independent ensemble,M11-T04,M11-T04-C01,drug_sentence_location,1,0
M11,M11-B015,4,M11-trial04,independent_ensemble,Independent ensemble,M11-T04,M11-T04-C02,drug_sentence_location,1,0
M11,M11-B015,4,M11-trial04,independent_ensemble,Independent ensemble,M11-T05,M11-T05-C01,treatment_mandated_felony,1,0
M11,M11-B015,4,M11-trial04,independent_ensemble,Independent ensemble,M11-T05,M11-T05-C02,treatment_mandated_felony,1,0
M11,M11-B015,4,M11-trial04,independent_ensemble,Independent ensemble,M11-T05,M11-T05-C03,treatment_mandated_felony,0,1
M11,M11-B015,4,M11-trial04,independent_ensemble,Independent ensemble,M11-T05,M11-T05-C04,treatment_mandated_felony,1,0
M11,M11-B015,4,M11-trial04,independent_ensemble,Independent ensemble,M11-T05,M11-T05-C05,treatment_mandated_felony,1,0
M11,M11-B015,4,M11-trial04,independent_ensemble,Independent ensemble,M11-T06,M11-T06-C01,murder_warning,1,0
M11,M11-B015,4,M11-trial04,independent_ensemble,Independent ensemble,M11-T06,M11-T06-C02,murder_warning,1,0
M11,M11-B015,4,M11-trial04,independent_ensemble,Independent ensemble,M11-T06,M11-T06-C03,murder_warning,1,0
M11,M11-B015,4,M11-trial04,independent_ensemble,Independent ensemble,M11-T07,M11-T07-C01,state_population_and_workload,1,0
M11,M11-B015,4,M11-trial04,independent_ensemble,Independent ensemble,M11-T07,M11-T07-C02,state_population_and_workload,1,0
M11,M11-B015,4,M11-trial04,independent_ensemble,Independent ensemble,M11-T07,M11-T07-C03,state_population_and_workload,0,1
M11,M11-B015,4,M11-trial04,independent_ensemble,Independent ensemble,M11-T08,M11-T08-C01,state_fiscal_effect,1,0
M11,M11-B015,4,M11-trial04,independent_ensemble,Independent ensemble,M11-T08,M11-T08-C02,state_fiscal_effect,1,0
M11,M11-B015,4,M11-trial04,independent_ensemble,Independent ensemble,M11-T09,M11-T09-C01,local_population_and_workload,1,0
M11,M11-B015,4,M11-trial04,independent_ensemble,Independent ensemble,M11-T09,M11-T09-C02,local_population_and_workload,0,1
M11,M11-B015,4,M11-trial04,independent_ensemble,Independent ensemble,M11-T09,M11-T09-C03,local_population_and_workload,1,0
M11,M11-B015,4,M11-trial04,independent_ensemble,Independent ensemble,M11-T09,M11-T09-C04,local_population_and_workload,0,1
M11,M11-B015,4,M11-trial04,independent_ensemble,Independent ensemble,M11-T10,M11-T10-C01,local_fiscal_effect,1,0
M11,M11-B015,4,M11-trial04,independent_ensemble,Independent ensemble,M11-T11,M11-T11-C01,prop47_savings_effect,0,0
M11,M11-B015,4,M11-trial04,independent_ensemble,Independent ensemble,M11-T11,M11-T11-C02,prop47_savings_effect,1,0
M11,M11-B015,4,M11-trial04,independent_ensemble,Independent ensemble,M11-T11,M11-T11-C03,prop47_savings_effect,1,0
M11,M11-B015,4,M11-trial04,independent_ensemble,Independent ensemble,M11-T11,M11-T11-C04,prop47_savings_effect,1,0
M11,M11-B015,4,M11-trial04,independent_ensemble,Independent ensemble,M11-T12,M11-T12-C01,crime_reduction_uncertainty,1,0
M11,M11-B015,4,M11-trial04,independent_ensemble,Independent ensemble,M11-T12,M11-T12-C02,crime_reduction_uncertainty,1,0
M11,M11-B016,1,M11-trial01,independent_ensemble,Independent ensemble,M11-T01,M11-T01-C01,legal_baseline,0,0
M11,M11-B016,1,M11-trial01,independent_ensemble,Independent ensemble,M11-T01,M11-T01-C02,legal_baseline,0,0
M11,M11-B016,1,M11-trial01,independent_ensemble,Independent ensemble,M11-T02,M11-T02-C01,repeat_theft_felony,1,0
M11,M11-B016,1,M11-trial01,independent_ensemble,Independent ensemble,M11-T02,M11-T02-C02,repeat_theft_felony,1,0
M11,M11-B016,1,M11-trial01,independent_ensemble,Independent ensemble,M11-T02,M11-T02-C03,repeat_theft_felony,1,0
M11,M11-B016,1,M11-trial01,independent_ensemble,Independent ensemble,M11-T03,M11-T03-C01,group_crime_enhancement,1,0
M11,M11-B016,1,M11-trial01,independent_ensemble,Independent ensemble,M11-T03,M11-T03-C02,group_crime_enhancement,1,0
M11,M11-B016,1,M11-trial01,independent_ensemble,Independent ensemble,M11-T04,M11-T04-C01,drug_sentence_location,1,0
M11,M11-B016,1,M11-trial01,independent_ensemble,Independent ensemble,M11-T04,M11-T04-C02,drug_sentence_location,1,0
M11,M11-B016,1,M11-trial01,independent_ensemble,Independent ensemble,M11-T05,M11-T05-C01,treatment_mandated_felony,1,0
M11,M11-B016,1,M11-trial01,independent_ensemble,Independent ensemble,M11-T05,M11-T05-C02,treatment_mandated_felony,1,0
M11,M11-B016,1,M11-trial01,independent_ensemble,Independent ensemble,M11-T05,M11-T05-C03,treatment_mandated_felony,1,0
M11,M11-B016,1,M11-trial01,independent_ensemble,Independent ensemble,M11-T05,M11-T05-C04,treatment_mandated_felony,1,0
M11,M11-B016,1,M11-trial01,independent_ensemble,Independent ensemble,M11-T05,M11-T05-C05,treatment_mandated_felony,0,0
M11,M11-B016,1,M11-trial01,independent_ensemble,Independent ensemble,M11-T06,M11-T06-C01,murder_warning,1,0
M11,M11-B016,1,M11-trial01,independent_ensemble,Independent ensemble,M11-T06,M11-T06-C02,murder_warning,1,0
M11,M11-B016,1,M11-trial01,independent_ensemble,Independent ensemble,M11-T06,M11-T06-C03,murder_warning,1,0
M11,M11-B016,1,M11-trial01,independent_ensemble,Independent ensemble,M11-T07,M11-T07-C01,state_population_and_workload,1,0
M11,M11-B016,1,M11-trial01,independent_ensemble,Independent ensemble,M11-T07,M11-T07-C02,state_population_and_workload,1,0
M11,M11-B016,1,M11-trial01,independent_ensemble,Independent ensemble,M11-T07,M11-T07-C03,state_population_and_workload,1,0
M11,M11-B016,1,M11-trial01,independent_ensemble,Independent ensemble,M11-T08,M11-T08-C01,state_fiscal_effect,1,0
M11,M11-B016,1,M11-trial01,independent_ensemble,Independent ensemble,M11-T08,M11-T08-C02,state_fiscal_effect,1,0
M11,M11-B016,1,M11-trial01,independent_ensemble,Independent ensemble,M11-T09,M11-T09-C01,local_population_and_workload,1,0
M11,M11-B016,1,M11-trial01,independent_ensemble,Independent ensemble,M11-T09,M11-T09-C02,local_population_and_workload,0,0
M11,M11-B016,1,M11-trial01,independent_ensemble,Independent ensemble,M11-T09,M11-T09-C03,local_population_and_workload,1,0
M11,M11-B016,1,M11-trial01,independent_ensemble,Independent ensemble,M11-T09,M11-T09-C04,local_population_and_workload,1,0
M11,M11-B016,1,M11-trial01,independent_ensemble,Independent ensemble,M11-T10,M11-T10-C01,local_fiscal_effect,1,0
M11,M11-B016,1,M11-trial01,independent_ensemble,Independent ensemble,M11-T11,M11-T11-C01,prop47_savings_effect,0,0
M11,M11-B016,1,M11-trial01,independent_ensemble,Independent ensemble,M11-T11,M11-T11-C02,prop47_savings_effect,1,0
M11,M11-B016,1,M11-trial01,independent_ensemble,Independent ensemble,M11-T11,M11-T11-C03,prop47_savings_effect,1,0
M11,M11-B016,1,M11-trial01,independent_ensemble,Independent ensemble,M11-T11,M11-T11-C04,prop47_savings_effect,1,0
M11,M11-B016,1,M11-trial01,independent_ensemble,Independent ensemble,M11-T12,M11-T12-C01,crime_reduction_uncertainty,1,0
M11,M11-B016,1,M11-trial01,independent_ensemble,Independent ensemble,M11-T12,M11-T12-C02,crime_reduction_uncertainty,1,0
